YEAR(ORIGINATION_TS),MONTHNAME(ORIGINATION_TS),STATE_CD,PRODUCT_CD,Customer Channel,CUSTOMER_TYPE,CNT
2022,Apr,AL,ILP,DIGITAL,NEW,17
2022,Apr,AL,ILP,DIGITAL,NON_NEW,86
2022,Apr,AL,ILP,PHYSICAL,NEW,40
2022,Apr,AL,ILP,PHYSICAL,NON_NEW,451
2022,Apr,AL,ILP,PHYSICAL,,5
2022,Apr,AL,ILP,UNKNOWN,,3
2022,Apr,AL,PDL,DIGITAL,NEW,142
2022,Apr,AL,PDL,DIGITAL,NON_NEW,1529
2022,Apr,AL,PDL,DIGITAL,,4
2022,Apr,AL,PDL,PHYSICAL,NEW,929
2022,Apr,AL,PDL,PHYSICAL,NON_NEW,16179
2022,Apr,AL,PDL,PHYSICAL,,60
2022,Apr,AL,PDL,UNKNOWN,,14
2022,Apr,AL,PDL,,NEW,1
2022,Apr,AL,PDL,,NON_NEW,1
2022,Apr,CA,PDL,DIGITAL,NEW,1109
2022,Apr,CA,PDL,DIGITAL,NON_NEW,13800
2022,Apr,CA,PDL,DIGITAL,,35
2022,Apr,CA,PDL,PHYSICAL,NEW,2478
2022,Apr,CA,PDL,PHYSICAL,NON_NEW,61918
2022,Apr,CA,PDL,PHYSICAL,,199
2022,Apr,CA,PDL,UNKNOWN,,41
2022,Apr,CO,ILP,DIGITAL,NEW,170
2022,Apr,CO,ILP,DIGITAL,NON_NEW,343
2022,Apr,CO,ILP,DIGITAL,,1
2022,Apr,CO,ILP,PHYSICAL,NEW,282
2022,Apr,CO,ILP,PHYSICAL,NON_NEW,2340
2022,Apr,CO,ILP,PHYSICAL,,12
2022,Apr,CO,ILP,UNKNOWN,,5
2022,Apr,DE,ILP,DIGITAL,NEW,23
2022,Apr,DE,ILP,DIGITAL,NON_NEW,57
2022,Apr,DE,ILP,DIGITAL,,1
2022,Apr,DE,ILP,PHYSICAL,NEW,118
2022,Apr,DE,ILP,PHYSICAL,NON_NEW,233
2022,Apr,DE,ILP,PHYSICAL,,6
2022,Apr,DE,ILP,UNKNOWN,,5
2022,Apr,FL,ILP,DIGITAL,NEW,475
2022,Apr,FL,ILP,DIGITAL,NON_NEW,2790
2022,Apr,FL,ILP,DIGITAL,,12
2022,Apr,FL,ILP,PHYSICAL,NEW,1450
2022,Apr,FL,ILP,PHYSICAL,NON_NEW,14867
2022,Apr,FL,ILP,PHYSICAL,,39
2022,Apr,FL,ILP,UNKNOWN,,20
2022,Apr,FL,PDL,DIGITAL,NEW,303
2022,Apr,FL,PDL,DIGITAL,NON_NEW,4349
2022,Apr,FL,PDL,DIGITAL,,9
2022,Apr,FL,PDL,PHYSICAL,NEW,1320
2022,Apr,FL,PDL,PHYSICAL,NON_NEW,38255
2022,Apr,FL,PDL,PHYSICAL,,111
2022,Apr,FL,PDL,UNKNOWN,,24
2022,Apr,IA,PDL,DIGITAL,NEW,86
2022,Apr,IA,PDL,DIGITAL,NON_NEW,684
2022,Apr,IA,PDL,DIGITAL,,1
2022,Apr,IA,PDL,PHYSICAL,NEW,328
2022,Apr,IA,PDL,PHYSICAL,NON_NEW,9658
2022,Apr,IA,PDL,PHYSICAL,,35
2022,Apr,IA,PDL,UNKNOWN,,10
2022,Apr,ID,ILP,DIGITAL,NEW,25
2022,Apr,ID,ILP,DIGITAL,NON_NEW,19
2022,Apr,ID,ILP,PHYSICAL,NEW,37
2022,Apr,ID,ILP,PHYSICAL,NON_NEW,134
2022,Apr,ID,ILP,PHYSICAL,,2
2022,Apr,IN,PDL,DIGITAL,NEW,245
2022,Apr,IN,PDL,DIGITAL,NON_NEW,1253
2022,Apr,IN,PDL,DIGITAL,,3
2022,Apr,IN,PDL,PHYSICAL,NEW,1073
2022,Apr,IN,PDL,PHYSICAL,NON_NEW,16675
2022,Apr,IN,PDL,PHYSICAL,,44
2022,Apr,IN,PDL,UNKNOWN,,14
2022,Apr,KS,PDL,DIGITAL,NEW,39
2022,Apr,KS,PDL,DIGITAL,NON_NEW,419
2022,Apr,KS,PDL,DIGITAL,,2
2022,Apr,KS,PDL,PHYSICAL,NEW,143
2022,Apr,KS,PDL,PHYSICAL,NON_NEW,4211
2022,Apr,KS,PDL,PHYSICAL,,33
2022,Apr,KS,PDL,UNKNOWN,,7
2022,Apr,KY,PDL,DIGITAL,NON_NEW,1
2022,Apr,KY,PDL,PHYSICAL,NEW,496
2022,Apr,KY,PDL,PHYSICAL,NON_NEW,8382
2022,Apr,KY,PDL,PHYSICAL,,18
2022,Apr,LA,PDL,DIGITAL,NEW,142
2022,Apr,LA,PDL,DIGITAL,NON_NEW,2456
2022,Apr,LA,PDL,DIGITAL,,3
2022,Apr,LA,PDL,PHYSICAL,NEW,870
2022,Apr,LA,PDL,PHYSICAL,NON_NEW,15122
2022,Apr,LA,PDL,PHYSICAL,,42
2022,Apr,LA,PDL,UNKNOWN,,12
2022,Apr,MI,PDL,DIGITAL,NEW,464
2022,Apr,MI,PDL,DIGITAL,NON_NEW,7938
2022,Apr,MI,PDL,DIGITAL,,21
2022,Apr,MI,PDL,PHYSICAL,NEW,1877
2022,Apr,MI,PDL,PHYSICAL,NON_NEW,35915
2022,Apr,MI,PDL,PHYSICAL,,100
2022,Apr,MI,PDL,UNKNOWN,,31
2022,Apr,MO,ILP,DIGITAL,NEW,102
2022,Apr,MO,ILP,DIGITAL,NON_NEW,268
2022,Apr,MO,ILP,DIGITAL,,5
2022,Apr,MO,ILP,PHYSICAL,NEW,416
2022,Apr,MO,ILP,PHYSICAL,NON_NEW,1302
2022,Apr,MO,ILP,PHYSICAL,,19
2022,Apr,MO,ILP,UNKNOWN,,21
2022,Apr,MO,PDL,DIGITAL,NEW,51
2022,Apr,MO,PDL,DIGITAL,NON_NEW,850
2022,Apr,MO,PDL,DIGITAL,,4
2022,Apr,MO,PDL,PHYSICAL,NEW,404
2022,Apr,MO,PDL,PHYSICAL,NON_NEW,5563
2022,Apr,MO,PDL,PHYSICAL,,27
2022,Apr,MO,PDL,UNKNOWN,,13
2022,Apr,MS,ILP,DIGITAL,NEW,108
2022,Apr,MS,ILP,DIGITAL,NON_NEW,229
2022,Apr,MS,ILP,DIGITAL,,5
2022,Apr,MS,ILP,PHYSICAL,NEW,311
2022,Apr,MS,ILP,PHYSICAL,NON_NEW,1647
2022,Apr,MS,ILP,PHYSICAL,,18
2022,Apr,MS,ILP,UNKNOWN,,8
2022,Apr,MS,PDL,DIGITAL,NEW,51
2022,Apr,MS,PDL,DIGITAL,NON_NEW,1380
2022,Apr,MS,PDL,DIGITAL,,5
2022,Apr,MS,PDL,PHYSICAL,NEW,639
2022,Apr,MS,PDL,PHYSICAL,NON_NEW,12600
2022,Apr,MS,PDL,PHYSICAL,,64
2022,Apr,MS,PDL,UNKNOWN,,11
2022,Apr,NV,ILP,DIGITAL,NEW,65
2022,Apr,NV,ILP,DIGITAL,NON_NEW,48
2022,Apr,NV,ILP,PHYSICAL,NEW,132
2022,Apr,NV,ILP,PHYSICAL,NON_NEW,432
2022,Apr,NV,ILP,PHYSICAL,,13
2022,Apr,NV,ILP,UNKNOWN,,7
2022,Apr,OH,ILP,DIGITAL,NEW,513
2022,Apr,OH,ILP,DIGITAL,NON_NEW,1413
2022,Apr,OH,ILP,DIGITAL,,9
2022,Apr,OH,ILP,PHYSICAL,NEW,1117
2022,Apr,OH,ILP,PHYSICAL,NON_NEW,5968
2022,Apr,OH,ILP,PHYSICAL,,44
2022,Apr,OH,ILP,UNKNOWN,,28
2022,Apr,OK,ILP,DIGITAL,NEW,143
2022,Apr,OK,ILP,DIGITAL,NON_NEW,423
2022,Apr,OK,ILP,DIGITAL,,3
2022,Apr,OK,ILP,PHYSICAL,NEW,361
2022,Apr,OK,ILP,PHYSICAL,NON_NEW,1915
2022,Apr,OK,ILP,PHYSICAL,,30
2022,Apr,OK,ILP,UNKNOWN,,14
2022,Apr,RI,PDL,DIGITAL,NEW,27
2022,Apr,RI,PDL,DIGITAL,NON_NEW,235
2022,Apr,RI,PDL,PHYSICAL,NEW,240
2022,Apr,RI,PDL,PHYSICAL,NON_NEW,7632
2022,Apr,RI,PDL,PHYSICAL,,16
2022,Apr,RI,PDL,UNKNOWN,,2
2022,Apr,TN,PDL,DIGITAL,NEW,68
2022,Apr,TN,PDL,DIGITAL,NON_NEW,568
2022,Apr,TN,PDL,DIGITAL,,2
2022,Apr,TN,PDL,PHYSICAL,NEW,452
2022,Apr,TN,PDL,PHYSICAL,NON_NEW,5038
2022,Apr,TN,PDL,PHYSICAL,,25
2022,Apr,TN,PDL,UNKNOWN,,8
2022,Apr,TX,ILP,DIGITAL,NEW,607
2022,Apr,TX,ILP,DIGITAL,NON_NEW,2193
2022,Apr,TX,ILP,DIGITAL,,20
2022,Apr,TX,ILP,PHYSICAL,NEW,1168
2022,Apr,TX,ILP,PHYSICAL,NON_NEW,4996
2022,Apr,TX,ILP,PHYSICAL,,76
2022,Apr,TX,ILP,UNKNOWN,,65
2022,Apr,TX,PDL,DIGITAL,NEW,267
2022,Apr,TX,PDL,DIGITAL,NON_NEW,4850
2022,Apr,TX,PDL,DIGITAL,,50
2022,Apr,TX,PDL,PHYSICAL,NEW,1166
2022,Apr,TX,PDL,PHYSICAL,NON_NEW,9733
2022,Apr,TX,PDL,PHYSICAL,,352
2022,Apr,TX,PDL,UNKNOWN,,42
2022,Apr,UT,ILP,DIGITAL,NEW,19
2022,Apr,UT,ILP,DIGITAL,NON_NEW,14
2022,Apr,UT,ILP,PHYSICAL,NEW,14
2022,Apr,UT,ILP,PHYSICAL,NON_NEW,51
2022,Apr,UT,ILP,PHYSICAL,,5
2022,Apr,WI,ILP,DIGITAL,NEW,69
2022,Apr,WI,ILP,DIGITAL,NON_NEW,167
2022,Apr,WI,ILP,PHYSICAL,NEW,195
2022,Apr,WI,ILP,PHYSICAL,NON_NEW,660
2022,Apr,WI,ILP,PHYSICAL,,8
2022,Apr,WI,ILP,UNKNOWN,,2
2022,Apr,WY,PDL,DIGITAL,NEW,26
2022,Apr,WY,PDL,DIGITAL,NON_NEW,385
2022,Apr,WY,PDL,DIGITAL,,1
2022,Apr,WY,PDL,PHYSICAL,NEW,128
2022,Apr,WY,PDL,PHYSICAL,NON_NEW,3032
2022,Apr,WY,PDL,PHYSICAL,,14
2022,Apr,WY,PDL,UNKNOWN,,1
2022,Aug,AL,ILP,DIGITAL,NEW,253
2022,Aug,AL,ILP,DIGITAL,NON_NEW,107
2022,Aug,AL,ILP,PHYSICAL,NEW,201
2022,Aug,AL,ILP,PHYSICAL,NON_NEW,469
2022,Aug,AL,ILP,PHYSICAL,,6
2022,Aug,AL,ILP,UNKNOWN,,11
2022,Aug,AL,PDL,DIGITAL,NEW,322
2022,Aug,AL,PDL,DIGITAL,NON_NEW,1993
2022,Aug,AL,PDL,DIGITAL,,7
2022,Aug,AL,PDL,PHYSICAL,NEW,1483
2022,Aug,AL,PDL,PHYSICAL,NON_NEW,16776
2022,Aug,AL,PDL,PHYSICAL,,57
2022,Aug,AL,PDL,UNKNOWN,,21
2022,Aug,AL,PDL,,NON_NEW,2
2022,Aug,CA,PDL,DIGITAL,NEW,2054
2022,Aug,CA,PDL,DIGITAL,NON_NEW,16644
2022,Aug,CA,PDL,DIGITAL,,34
2022,Aug,CA,PDL,PHYSICAL,NEW,3323
2022,Aug,CA,PDL,PHYSICAL,NON_NEW,64040
2022,Aug,CA,PDL,PHYSICAL,,178
2022,Aug,CA,PDL,UNKNOWN,,74
2022,Aug,CO,ILP,DIGITAL,NEW,437
2022,Aug,CO,ILP,DIGITAL,NON_NEW,413
2022,Aug,CO,ILP,DIGITAL,,1
2022,Aug,CO,ILP,PHYSICAL,NEW,403
2022,Aug,CO,ILP,PHYSICAL,NON_NEW,2242
2022,Aug,CO,ILP,PHYSICAL,,7
2022,Aug,CO,ILP,UNKNOWN,,18
2022,Aug,DE,ILP,DIGITAL,NEW,105
2022,Aug,DE,ILP,DIGITAL,NON_NEW,44
2022,Aug,DE,ILP,PHYSICAL,NEW,192
2022,Aug,DE,ILP,PHYSICAL,NON_NEW,277
2022,Aug,DE,ILP,UNKNOWN,,3
2022,Aug,FL,ILP,DIGITAL,NEW,1151
2022,Aug,FL,ILP,DIGITAL,NON_NEW,3420
2022,Aug,FL,ILP,DIGITAL,,14
2022,Aug,FL,ILP,PHYSICAL,NEW,2491
2022,Aug,FL,ILP,PHYSICAL,NON_NEW,17719
2022,Aug,FL,ILP,PHYSICAL,,52
2022,Aug,FL,ILP,UNKNOWN,,35
2022,Aug,FL,PDL,DIGITAL,NEW,694
2022,Aug,FL,PDL,DIGITAL,NON_NEW,4846
2022,Aug,FL,PDL,DIGITAL,,13
2022,Aug,FL,PDL,PHYSICAL,NEW,1927
2022,Aug,FL,PDL,PHYSICAL,NON_NEW,33372
2022,Aug,FL,PDL,PHYSICAL,,106
2022,Aug,FL,PDL,UNKNOWN,,37
2022,Aug,IA,PDL,DIGITAL,NEW,230
2022,Aug,IA,PDL,DIGITAL,NON_NEW,1192
2022,Aug,IA,PDL,DIGITAL,,2
2022,Aug,IA,PDL,PHYSICAL,NEW,742
2022,Aug,IA,PDL,PHYSICAL,NON_NEW,10494
2022,Aug,IA,PDL,PHYSICAL,,29
2022,Aug,IA,PDL,UNKNOWN,,13
2022,Aug,ID,ILP,DIGITAL,NEW,110
2022,Aug,ID,ILP,DIGITAL,NON_NEW,37
2022,Aug,ID,ILP,PHYSICAL,NEW,54
2022,Aug,ID,ILP,PHYSICAL,NON_NEW,126
2022,Aug,ID,ILP,PHYSICAL,,2
2022,Aug,ID,ILP,UNKNOWN,,5
2022,Aug,IN,PDL,DIGITAL,NEW,406
2022,Aug,IN,PDL,DIGITAL,NON_NEW,1991
2022,Aug,IN,PDL,DIGITAL,,5
2022,Aug,IN,PDL,PHYSICAL,NEW,1481
2022,Aug,IN,PDL,PHYSICAL,NON_NEW,18467
2022,Aug,IN,PDL,PHYSICAL,,37
2022,Aug,IN,PDL,UNKNOWN,,11
2022,Aug,KS,PDL,DIGITAL,NEW,71
2022,Aug,KS,PDL,DIGITAL,NON_NEW,454
2022,Aug,KS,PDL,DIGITAL,,5
2022,Aug,KS,PDL,PHYSICAL,NEW,207
2022,Aug,KS,PDL,PHYSICAL,NON_NEW,2765
2022,Aug,KS,PDL,PHYSICAL,,35
2022,Aug,KS,PDL,UNKNOWN,,7
2022,Aug,KY,PDL,DIGITAL,NON_NEW,5
2022,Aug,KY,PDL,PHYSICAL,NEW,670
2022,Aug,KY,PDL,PHYSICAL,NON_NEW,8670
2022,Aug,KY,PDL,PHYSICAL,,22
2022,Aug,KY,PDL,UNKNOWN,,2
2022,Aug,LA,PDL,DIGITAL,NEW,313
2022,Aug,LA,PDL,DIGITAL,NON_NEW,2902
2022,Aug,LA,PDL,DIGITAL,,7
2022,Aug,LA,PDL,PHYSICAL,NEW,1106
2022,Aug,LA,PDL,PHYSICAL,NON_NEW,13825
2022,Aug,LA,PDL,PHYSICAL,,42
2022,Aug,LA,PDL,UNKNOWN,,14
2022,Aug,MI,PDL,DIGITAL,NEW,1041
2022,Aug,MI,PDL,DIGITAL,NON_NEW,10365
2022,Aug,MI,PDL,DIGITAL,,28
2022,Aug,MI,PDL,PHYSICAL,NEW,2944
2022,Aug,MI,PDL,PHYSICAL,NON_NEW,41266
2022,Aug,MI,PDL,PHYSICAL,,143
2022,Aug,MI,PDL,UNKNOWN,,28
2022,Aug,MO,ILP,DIGITAL,NEW,381
2022,Aug,MO,ILP,DIGITAL,NON_NEW,262
2022,Aug,MO,ILP,DIGITAL,,1
2022,Aug,MO,ILP,PHYSICAL,NEW,800
2022,Aug,MO,ILP,PHYSICAL,NON_NEW,1527
2022,Aug,MO,ILP,PHYSICAL,,24
2022,Aug,MO,ILP,UNKNOWN,,33
2022,Aug,MO,PDL,DIGITAL,NEW,119
2022,Aug,MO,PDL,DIGITAL,NON_NEW,649
2022,Aug,MO,PDL,DIGITAL,,1
2022,Aug,MO,PDL,PHYSICAL,NEW,568
2022,Aug,MO,PDL,PHYSICAL,NON_NEW,3655
2022,Aug,MO,PDL,PHYSICAL,,20
2022,Aug,MO,PDL,UNKNOWN,,10
2022,Aug,MS,ILP,DIGITAL,NEW,444
2022,Aug,MS,ILP,DIGITAL,NON_NEW,257
2022,Aug,MS,ILP,DIGITAL,,4
2022,Aug,MS,ILP,PHYSICAL,NEW,817
2022,Aug,MS,ILP,PHYSICAL,NON_NEW,1716
2022,Aug,MS,ILP,PHYSICAL,,22
2022,Aug,MS,ILP,UNKNOWN,,21
2022,Aug,MS,PDL,DIGITAL,NEW,95
2022,Aug,MS,PDL,DIGITAL,NON_NEW,1016
2022,Aug,MS,PDL,DIGITAL,,2
2022,Aug,MS,PDL,PHYSICAL,NEW,937
2022,Aug,MS,PDL,PHYSICAL,NON_NEW,9610
2022,Aug,MS,PDL,PHYSICAL,,49
2022,Aug,MS,PDL,UNKNOWN,,9
2022,Aug,NV,ILP,DIGITAL,NEW,237
2022,Aug,NV,ILP,DIGITAL,NON_NEW,74
2022,Aug,NV,ILP,DIGITAL,,1
2022,Aug,NV,ILP,PHYSICAL,NEW,207
2022,Aug,NV,ILP,PHYSICAL,NON_NEW,490
2022,Aug,NV,ILP,PHYSICAL,,29
2022,Aug,NV,ILP,UNKNOWN,,16
2022,Aug,OH,ILP,DIGITAL,NEW,1194
2022,Aug,OH,ILP,DIGITAL,NON_NEW,1301
2022,Aug,OH,ILP,DIGITAL,,8
2022,Aug,OH,ILP,PHYSICAL,NEW,1816
2022,Aug,OH,ILP,PHYSICAL,NON_NEW,6011
2022,Aug,OH,ILP,PHYSICAL,,43
2022,Aug,OH,ILP,UNKNOWN,,37
2022,Aug,OK,ILP,DIGITAL,NEW,446
2022,Aug,OK,ILP,DIGITAL,NON_NEW,479
2022,Aug,OK,ILP,DIGITAL,,1
2022,Aug,OK,ILP,PHYSICAL,NEW,675
2022,Aug,OK,ILP,PHYSICAL,NON_NEW,1976
2022,Aug,OK,ILP,PHYSICAL,,31
2022,Aug,OK,ILP,UNKNOWN,,16
2022,Aug,RI,PDL,DIGITAL,NEW,61
2022,Aug,RI,PDL,DIGITAL,NON_NEW,396
2022,Aug,RI,PDL,PHYSICAL,NEW,310
2022,Aug,RI,PDL,PHYSICAL,NON_NEW,7641
2022,Aug,RI,PDL,PHYSICAL,,10
2022,Aug,TN,PDL,DIGITAL,NEW,135
2022,Aug,TN,PDL,DIGITAL,NON_NEW,654
2022,Aug,TN,PDL,PHYSICAL,NEW,688
2022,Aug,TN,PDL,PHYSICAL,NON_NEW,4087
2022,Aug,TN,PDL,PHYSICAL,,12
2022,Aug,TN,PDL,UNKNOWN,,6
2022,Aug,TX,ILP,DIGITAL,NEW,2249
2022,Aug,TX,ILP,DIGITAL,NON_NEW,2307
2022,Aug,TX,ILP,DIGITAL,,36
2022,Aug,TX,ILP,PHYSICAL,NEW,2395
2022,Aug,TX,ILP,PHYSICAL,NON_NEW,5464
2022,Aug,TX,ILP,PHYSICAL,,97
2022,Aug,TX,ILP,UNKNOWN,,122
2022,Aug,TX,PDL,DIGITAL,NEW,647
2022,Aug,TX,PDL,DIGITAL,NON_NEW,3169
2022,Aug,TX,PDL,DIGITAL,,28
2022,Aug,TX,PDL,PHYSICAL,NEW,1779
2022,Aug,TX,PDL,PHYSICAL,NON_NEW,7442
2022,Aug,TX,PDL,PHYSICAL,,268
2022,Aug,TX,PDL,UNKNOWN,,51
2022,Aug,UT,ILP,DIGITAL,NEW,89
2022,Aug,UT,ILP,DIGITAL,NON_NEW,24
2022,Aug,UT,ILP,PHYSICAL,NEW,28
2022,Aug,UT,ILP,PHYSICAL,NON_NEW,91
2022,Aug,UT,ILP,PHYSICAL,,1
2022,Aug,UT,ILP,UNKNOWN,,4
2022,Aug,WI,ILP,DIGITAL,NEW,322
2022,Aug,WI,ILP,DIGITAL,NON_NEW,183
2022,Aug,WI,ILP,DIGITAL,,4
2022,Aug,WI,ILP,PHYSICAL,NEW,386
2022,Aug,WI,ILP,PHYSICAL,NON_NEW,753
2022,Aug,WI,ILP,PHYSICAL,,4
2022,Aug,WI,ILP,UNKNOWN,,11
2022,Aug,WY,PDL,DIGITAL,NEW,58
2022,Aug,WY,PDL,DIGITAL,NON_NEW,514
2022,Aug,WY,PDL,DIGITAL,,1
2022,Aug,WY,PDL,PHYSICAL,NEW,139
2022,Aug,WY,PDL,PHYSICAL,NON_NEW,3233
2022,Aug,WY,PDL,PHYSICAL,,13
2022,Aug,WY,PDL,UNKNOWN,,4
2022,Dec,AL,ILP,DIGITAL,NEW,327
2022,Dec,AL,ILP,DIGITAL,NON_NEW,530
2022,Dec,AL,ILP,DIGITAL,,0
2022,Dec,AL,ILP,PHYSICAL,NEW,1058
2022,Dec,AL,ILP,PHYSICAL,NON_NEW,3294
2022,Dec,AL,ILP,PHYSICAL,,-5
2022,Dec,AL,ILP,UNKNOWN,,1
2022,Dec,AL,PDL,DIGITAL,NEW,0
2022,Dec,AL,PDL,DIGITAL,NON_NEW,0
2022,Dec,AL,PDL,DIGITAL,,0
2022,Dec,AL,PDL,PHYSICAL,NEW,0
2022,Dec,AL,PDL,PHYSICAL,NON_NEW,0
2022,Dec,AL,PDL,PHYSICAL,,0
2022,Dec,AL,PDL,UNKNOWN,,0
2022,Dec,AL,PDL,,NEW,0
2022,Dec,AL,PDL,,NON_NEW,0
2022,Dec,CA,ILP,DIGITAL,NON_NEW,0
2022,Dec,CA,ILP,PHYSICAL,NON_NEW,0
2022,Dec,CA,PDL,DIGITAL,NEW,1585
2022,Dec,CA,PDL,DIGITAL,NON_NEW,20260
2022,Dec,CA,PDL,DIGITAL,,0
2022,Dec,CA,PDL,PHYSICAL,NEW,2621
2022,Dec,CA,PDL,PHYSICAL,NON_NEW,71885
2022,Dec,CA,PDL,PHYSICAL,,2
2022,Dec,CA,PDL,UNKNOWN,,3
2022,Dec,CA,PDL,,NEW,0
2022,Dec,CA,PDL,,NON_NEW,0
2022,Dec,CA,PDL,,,0
2022,Dec,CO,ILP,DIGITAL,NEW,213
2022,Dec,CO,ILP,DIGITAL,NON_NEW,663
2022,Dec,CO,ILP,DIGITAL,,-1
2022,Dec,CO,ILP,PHYSICAL,NEW,442
2022,Dec,CO,ILP,PHYSICAL,NON_NEW,2939
2022,Dec,CO,ILP,PHYSICAL,,-8
2022,Dec,CO,ILP,UNKNOWN,,0
2022,Dec,CO,ILP,,NEW,0
2022,Dec,CO,PDL,DIGITAL,NEW,0
2022,Dec,CO,PDL,DIGITAL,NON_NEW,0
2022,Dec,CO,PDL,PHYSICAL,NON_NEW,0
2022,Dec,DE,ILP,DIGITAL,NEW,81
2022,Dec,DE,ILP,DIGITAL,NON_NEW,88
2022,Dec,DE,ILP,DIGITAL,,0
2022,Dec,DE,ILP,PHYSICAL,NEW,108
2022,Dec,DE,ILP,PHYSICAL,NON_NEW,322
2022,Dec,DE,ILP,PHYSICAL,,-1
2022,Dec,DE,ILP,UNKNOWN,,0
2022,Dec,FL,ILP,DIGITAL,NEW,975
2022,Dec,FL,ILP,DIGITAL,NON_NEW,4285
2022,Dec,FL,ILP,DIGITAL,,1
2022,Dec,FL,ILP,PHYSICAL,NEW,2406
2022,Dec,FL,ILP,PHYSICAL,NON_NEW,21670
2022,Dec,FL,ILP,PHYSICAL,,0
2022,Dec,FL,ILP,UNKNOWN,,1
2022,Dec,FL,ILP,,NEW,0
2022,Dec,FL,ILP,,NON_NEW,0
2022,Dec,FL,ILP,,,0
2022,Dec,FL,PDL,DIGITAL,NEW,549
2022,Dec,FL,PDL,DIGITAL,NON_NEW,5549
2022,Dec,FL,PDL,DIGITAL,,0
2022,Dec,FL,PDL,PHYSICAL,NEW,1632
2022,Dec,FL,PDL,PHYSICAL,NON_NEW,34873
2022,Dec,FL,PDL,PHYSICAL,,-2
2022,Dec,FL,PDL,UNKNOWN,,4
2022,Dec,FL,PDL,,NEW,0
2022,Dec,FL,PDL,,NON_NEW,0
2022,Dec,FL,PDL,,,0
2022,Dec,IA,ILP,PHYSICAL,NON_NEW,0
2022,Dec,IA,PDL,DIGITAL,NEW,121
2022,Dec,IA,PDL,DIGITAL,NON_NEW,1637
2022,Dec,IA,PDL,DIGITAL,,-1
2022,Dec,IA,PDL,PHYSICAL,NEW,514
2022,Dec,IA,PDL,PHYSICAL,NON_NEW,11682
2022,Dec,IA,PDL,PHYSICAL,,-1
2022,Dec,IA,PDL,UNKNOWN,,1
2022,Dec,ID,ILP,DIGITAL,NEW,63
2022,Dec,ID,ILP,DIGITAL,NON_NEW,51
2022,Dec,ID,ILP,DIGITAL,,0
2022,Dec,ID,ILP,PHYSICAL,NEW,42
2022,Dec,ID,ILP,PHYSICAL,NON_NEW,118
2022,Dec,ID,ILP,PHYSICAL,,-2
2022,Dec,ID,ILP,UNKNOWN,,0
2022,Dec,ID,PDL,DIGITAL,NON_NEW,0
2022,Dec,ID,PDL,PHYSICAL,NON_NEW,0
2022,Dec,IN,PDL,DIGITAL,NEW,445
2022,Dec,IN,PDL,DIGITAL,NON_NEW,2771
2022,Dec,IN,PDL,DIGITAL,,0
2022,Dec,IN,PDL,PHYSICAL,NEW,1169
2022,Dec,IN,PDL,PHYSICAL,NON_NEW,20359
2022,Dec,IN,PDL,PHYSICAL,,-2
2022,Dec,IN,PDL,UNKNOWN,,1
2022,Dec,KS,ILP,DIGITAL,NON_NEW,0
2022,Dec,KS,ILP,PHYSICAL,NON_NEW,0
2022,Dec,KS,PDL,DIGITAL,NEW,63
2022,Dec,KS,PDL,DIGITAL,NON_NEW,585
2022,Dec,KS,PDL,DIGITAL,,0
2022,Dec,KS,PDL,PHYSICAL,NEW,230
2022,Dec,KS,PDL,PHYSICAL,NON_NEW,2960
2022,Dec,KS,PDL,PHYSICAL,,1
2022,Dec,KS,PDL,UNKNOWN,,0
2022,Dec,KY,ILP,PHYSICAL,NON_NEW,0
2022,Dec,KY,PDL,DIGITAL,NON_NEW,14
2022,Dec,KY,PDL,PHYSICAL,NEW,531
2022,Dec,KY,PDL,PHYSICAL,NON_NEW,9957
2022,Dec,KY,PDL,PHYSICAL,,-2
2022,Dec,KY,PDL,UNKNOWN,,-1
2022,Dec,LA,ILP,PHYSICAL,NON_NEW,0
2022,Dec,LA,PDL,DIGITAL,NEW,195
2022,Dec,LA,PDL,DIGITAL,NON_NEW,3309
2022,Dec,LA,PDL,DIGITAL,,0
2022,Dec,LA,PDL,PHYSICAL,NEW,801
2022,Dec,LA,PDL,PHYSICAL,NON_NEW,15830
2022,Dec,LA,PDL,PHYSICAL,,-1
2022,Dec,LA,PDL,UNKNOWN,,1
2022,Dec,MI,ILP,DIGITAL,NON_NEW,0
2022,Dec,MI,ILP,PHYSICAL,NON_NEW,0
2022,Dec,MI,PDL,DIGITAL,NEW,792
2022,Dec,MI,PDL,DIGITAL,NON_NEW,12640
2022,Dec,MI,PDL,DIGITAL,,1
2022,Dec,MI,PDL,PHYSICAL,NEW,2872
2022,Dec,MI,PDL,PHYSICAL,NON_NEW,49698
2022,Dec,MI,PDL,PHYSICAL,,2
2022,Dec,MI,PDL,UNKNOWN,,-3
2022,Dec,MO,ILP,DIGITAL,NEW,212
2022,Dec,MO,ILP,DIGITAL,NON_NEW,351
2022,Dec,MO,ILP,DIGITAL,,-1
2022,Dec,MO,ILP,PHYSICAL,NEW,565
2022,Dec,MO,ILP,PHYSICAL,NON_NEW,1652
2022,Dec,MO,ILP,PHYSICAL,,-4
2022,Dec,MO,ILP,UNKNOWN,,0
2022,Dec,MO,PDL,DIGITAL,NEW,66
2022,Dec,MO,PDL,DIGITAL,NON_NEW,563
2022,Dec,MO,PDL,DIGITAL,,0
2022,Dec,MO,PDL,PHYSICAL,NEW,364
2022,Dec,MO,PDL,PHYSICAL,NON_NEW,3085
2022,Dec,MO,PDL,PHYSICAL,,1
2022,Dec,MO,PDL,UNKNOWN,,0
2022,Dec,MS,ILP,DIGITAL,NEW,254
2022,Dec,MS,ILP,DIGITAL,NON_NEW,404
2022,Dec,MS,ILP,DIGITAL,,-2
2022,Dec,MS,ILP,PHYSICAL,NEW,822
2022,Dec,MS,ILP,PHYSICAL,NON_NEW,2298
2022,Dec,MS,ILP,PHYSICAL,,-4
2022,Dec,MS,ILP,UNKNOWN,,1
2022,Dec,MS,PDL,DIGITAL,NEW,64
2022,Dec,MS,PDL,DIGITAL,NON_NEW,752
2022,Dec,MS,PDL,DIGITAL,,0
2022,Dec,MS,PDL,PHYSICAL,NEW,790
2022,Dec,MS,PDL,PHYSICAL,NON_NEW,8681
2022,Dec,MS,PDL,PHYSICAL,,0
2022,Dec,MS,PDL,UNKNOWN,,0
2022,Dec,NC,ILP,PHYSICAL,,0
2022,Dec,NC,ILP,UNKNOWN,,0
2022,Dec,NV,ILP,DIGITAL,NEW,109
2022,Dec,NV,ILP,DIGITAL,NON_NEW,123
2022,Dec,NV,ILP,DIGITAL,,0
2022,Dec,NV,ILP,PHYSICAL,NEW,138
2022,Dec,NV,ILP,PHYSICAL,NON_NEW,482
2022,Dec,NV,ILP,PHYSICAL,,-2
2022,Dec,NV,ILP,UNKNOWN,,1
2022,Dec,NV,PDL,DIGITAL,NEW,0
2022,Dec,NV,PDL,DIGITAL,NON_NEW,0
2022,Dec,NV,PDL,PHYSICAL,NEW,0
2022,Dec,NV,PDL,PHYSICAL,NON_NEW,0
2022,Dec,NV,PDL,PHYSICAL,,0
2022,Dec,NV,PDL,UNKNOWN,,0
2022,Dec,OH,ILP,DIGITAL,NEW,728
2022,Dec,OH,ILP,DIGITAL,NON_NEW,1755
2022,Dec,OH,ILP,DIGITAL,,-1
2022,Dec,OH,ILP,PHYSICAL,NEW,1643
2022,Dec,OH,ILP,PHYSICAL,NON_NEW,7468
2022,Dec,OH,ILP,PHYSICAL,,-2
2022,Dec,OH,ILP,UNKNOWN,,-2
2022,Dec,OH,ILP,,NEW,0
2022,Dec,OH,ILP,,,0
2022,Dec,OH,PDL,DIGITAL,NON_NEW,0
2022,Dec,OH,PDL,PHYSICAL,NON_NEW,0
2022,Dec,OK,ILP,DIGITAL,NEW,326
2022,Dec,OK,ILP,DIGITAL,NON_NEW,711
2022,Dec,OK,ILP,DIGITAL,,-1
2022,Dec,OK,ILP,PHYSICAL,NEW,608
2022,Dec,OK,ILP,PHYSICAL,NON_NEW,2316
2022,Dec,OK,ILP,PHYSICAL,,-7
2022,Dec,OK,ILP,UNKNOWN,,-1
2022,Dec,OK,PDL,PHYSICAL,NON_NEW,0
2022,Dec,RI,PDL,DIGITAL,NEW,67
2022,Dec,RI,PDL,DIGITAL,NON_NEW,658
2022,Dec,RI,PDL,DIGITAL,,0
2022,Dec,RI,PDL,PHYSICAL,NEW,281
2022,Dec,RI,PDL,PHYSICAL,NON_NEW,9156
2022,Dec,RI,PDL,PHYSICAL,,0
2022,Dec,RI,PDL,UNKNOWN,,-1
2022,Dec,SC,PDL,DIGITAL,NEW,0
2022,Dec,SC,PDL,DIGITAL,NON_NEW,0
2022,Dec,SC,PDL,PHYSICAL,NEW,0
2022,Dec,SC,PDL,PHYSICAL,NON_NEW,0
2022,Dec,SC,PDL,PHYSICAL,,0
2022,Dec,SC,PDL,UNKNOWN,,0
2022,Dec,SC,PDL,,NON_NEW,0
2022,Dec,TN,ILP,DIGITAL,NON_NEW,0
2022,Dec,TN,ILP,PHYSICAL,NON_NEW,0
2022,Dec,TN,PDL,DIGITAL,NEW,125
2022,Dec,TN,PDL,DIGITAL,NON_NEW,835
2022,Dec,TN,PDL,DIGITAL,,0
2022,Dec,TN,PDL,PHYSICAL,NEW,464
2022,Dec,TN,PDL,PHYSICAL,NON_NEW,3679
2022,Dec,TN,PDL,PHYSICAL,,0
2022,Dec,TN,PDL,UNKNOWN,,-2
2022,Dec,TN,PDL,,NEW,0
2022,Dec,TN,PDL,,NON_NEW,0
2022,Dec,TN,PDL,,,0
2022,Dec,TX,ILP,DIGITAL,NEW,1279
2022,Dec,TX,ILP,DIGITAL,NON_NEW,2959
2022,Dec,TX,ILP,DIGITAL,,-11
2022,Dec,TX,ILP,PHYSICAL,NEW,2284
2022,Dec,TX,ILP,PHYSICAL,NON_NEW,7237
2022,Dec,TX,ILP,PHYSICAL,,-28
2022,Dec,TX,ILP,UNKNOWN,,-2
2022,Dec,TX,PDL,DIGITAL,NEW,461
2022,Dec,TX,PDL,DIGITAL,NON_NEW,2641
2022,Dec,TX,PDL,DIGITAL,,0
2022,Dec,TX,PDL,PHYSICAL,NEW,1345
2022,Dec,TX,PDL,PHYSICAL,NON_NEW,7018
2022,Dec,TX,PDL,PHYSICAL,,-12
2022,Dec,TX,PDL,UNKNOWN,,1
2022,Dec,UT,ILP,DIGITAL,NEW,53
2022,Dec,UT,ILP,DIGITAL,NON_NEW,46
2022,Dec,UT,ILP,DIGITAL,,-2
2022,Dec,UT,ILP,PHYSICAL,NEW,30
2022,Dec,UT,ILP,PHYSICAL,NON_NEW,87
2022,Dec,UT,ILP,PHYSICAL,,0
2022,Dec,UT,ILP,UNKNOWN,,1
2022,Dec,UT,PDL,DIGITAL,NON_NEW,0
2022,Dec,UT,PDL,PHYSICAL,NEW,0
2022,Dec,UT,PDL,PHYSICAL,NON_NEW,0
2022,Dec,WI,ILP,DIGITAL,NEW,220
2022,Dec,WI,ILP,DIGITAL,NON_NEW,254
2022,Dec,WI,ILP,DIGITAL,,-1
2022,Dec,WI,ILP,PHYSICAL,NEW,366
2022,Dec,WI,ILP,PHYSICAL,NON_NEW,725
2022,Dec,WI,ILP,PHYSICAL,,-1
2022,Dec,WI,ILP,UNKNOWN,,0
2022,Dec,WI,PDL,DIGITAL,NON_NEW,0
2022,Dec,WI,PDL,PHYSICAL,NEW,0
2022,Dec,WI,PDL,PHYSICAL,NON_NEW,0
2022,Dec,WY,ILP,PHYSICAL,NON_NEW,0
2022,Dec,WY,PDL,DIGITAL,NEW,34
2022,Dec,WY,PDL,DIGITAL,NON_NEW,640
2022,Dec,WY,PDL,DIGITAL,,0
2022,Dec,WY,PDL,PHYSICAL,NEW,161
2022,Dec,WY,PDL,PHYSICAL,NON_NEW,3393
2022,Dec,WY,PDL,PHYSICAL,,0
2022,Dec,WY,PDL,UNKNOWN,,0
2022,Feb,AL,ILP,DIGITAL,NEW,21
2022,Feb,AL,ILP,DIGITAL,NON_NEW,50
2022,Feb,AL,ILP,PHYSICAL,NEW,39
2022,Feb,AL,ILP,PHYSICAL,NON_NEW,197
2022,Feb,AL,ILP,PHYSICAL,,2
2022,Feb,AL,PDL,DIGITAL,NEW,125
2022,Feb,AL,PDL,DIGITAL,NON_NEW,1434
2022,Feb,AL,PDL,DIGITAL,,2
2022,Feb,AL,PDL,PHYSICAL,NEW,799
2022,Feb,AL,PDL,PHYSICAL,NON_NEW,15318
2022,Feb,AL,PDL,PHYSICAL,,41
2022,Feb,AL,PDL,UNKNOWN,,8
2022,Feb,CA,PDL,DIGITAL,NEW,1217
2022,Feb,CA,PDL,DIGITAL,NON_NEW,12295
2022,Feb,CA,PDL,DIGITAL,,35
2022,Feb,CA,PDL,PHYSICAL,NEW,2606
2022,Feb,CA,PDL,PHYSICAL,NON_NEW,56727
2022,Feb,CA,PDL,PHYSICAL,,157
2022,Feb,CA,PDL,UNKNOWN,,62
2022,Feb,CO,ILP,DIGITAL,NEW,131
2022,Feb,CO,ILP,DIGITAL,NON_NEW,234
2022,Feb,CO,ILP,DIGITAL,,3
2022,Feb,CO,ILP,PHYSICAL,NEW,244
2022,Feb,CO,ILP,PHYSICAL,NON_NEW,1899
2022,Feb,CO,ILP,PHYSICAL,,19
2022,Feb,CO,ILP,UNKNOWN,,10
2022,Feb,DE,ILP,DIGITAL,NEW,25
2022,Feb,DE,ILP,DIGITAL,NON_NEW,29
2022,Feb,DE,ILP,DIGITAL,,1
2022,Feb,DE,ILP,PHYSICAL,NEW,92
2022,Feb,DE,ILP,PHYSICAL,NON_NEW,185
2022,Feb,DE,ILP,PHYSICAL,,4
2022,Feb,DE,ILP,UNKNOWN,,2
2022,Feb,FL,ILP,DIGITAL,NEW,457
2022,Feb,FL,ILP,DIGITAL,NON_NEW,2272
2022,Feb,FL,ILP,DIGITAL,,7
2022,Feb,FL,ILP,PHYSICAL,NEW,1156
2022,Feb,FL,ILP,PHYSICAL,NON_NEW,11051
2022,Feb,FL,ILP,PHYSICAL,,32
2022,Feb,FL,ILP,UNKNOWN,,17
2022,Feb,FL,PDL,DIGITAL,NEW,371
2022,Feb,FL,PDL,DIGITAL,NON_NEW,4137
2022,Feb,FL,PDL,DIGITAL,,10
2022,Feb,FL,PDL,PHYSICAL,NEW,1528
2022,Feb,FL,PDL,PHYSICAL,NON_NEW,39516
2022,Feb,FL,PDL,PHYSICAL,,122
2022,Feb,FL,PDL,UNKNOWN,,23
2022,Feb,IA,PDL,DIGITAL,NEW,102
2022,Feb,IA,PDL,DIGITAL,NON_NEW,573
2022,Feb,IA,PDL,PHYSICAL,NEW,340
2022,Feb,IA,PDL,PHYSICAL,NON_NEW,9112
2022,Feb,IA,PDL,PHYSICAL,,35
2022,Feb,IA,PDL,UNKNOWN,,5
2022,Feb,ID,ILP,DIGITAL,NEW,28
2022,Feb,ID,ILP,DIGITAL,NON_NEW,6
2022,Feb,ID,ILP,PHYSICAL,NEW,24
2022,Feb,ID,ILP,PHYSICAL,NON_NEW,103
2022,Feb,ID,ILP,PHYSICAL,,3
2022,Feb,ID,ILP,UNKNOWN,,1
2022,Feb,IN,PDL,DIGITAL,NEW,211
2022,Feb,IN,PDL,DIGITAL,NON_NEW,1119
2022,Feb,IN,PDL,DIGITAL,,4
2022,Feb,IN,PDL,PHYSICAL,NEW,947
2022,Feb,IN,PDL,PHYSICAL,NON_NEW,15163
2022,Feb,IN,PDL,PHYSICAL,,34
2022,Feb,IN,PDL,UNKNOWN,,10
2022,Feb,KS,PDL,DIGITAL,NEW,56
2022,Feb,KS,PDL,DIGITAL,NON_NEW,386
2022,Feb,KS,PDL,DIGITAL,,6
2022,Feb,KS,PDL,PHYSICAL,NEW,154
2022,Feb,KS,PDL,PHYSICAL,NON_NEW,4785
2022,Feb,KS,PDL,PHYSICAL,,40
2022,Feb,KS,PDL,UNKNOWN,,5
2022,Feb,KY,PDL,DIGITAL,NON_NEW,1
2022,Feb,KY,PDL,PHYSICAL,NEW,367
2022,Feb,KY,PDL,PHYSICAL,NON_NEW,7909
2022,Feb,KY,PDL,PHYSICAL,,20
2022,Feb,LA,PDL,DIGITAL,NEW,138
2022,Feb,LA,PDL,DIGITAL,NON_NEW,2181
2022,Feb,LA,PDL,DIGITAL,,4
2022,Feb,LA,PDL,PHYSICAL,NEW,827
2022,Feb,LA,PDL,PHYSICAL,NON_NEW,14002
2022,Feb,LA,PDL,PHYSICAL,,45
2022,Feb,LA,PDL,UNKNOWN,,8
2022,Feb,MI,PDL,DIGITAL,NEW,620
2022,Feb,MI,PDL,DIGITAL,NON_NEW,7297
2022,Feb,MI,PDL,DIGITAL,,20
2022,Feb,MI,PDL,PHYSICAL,NEW,1768
2022,Feb,MI,PDL,PHYSICAL,NON_NEW,33178
2022,Feb,MI,PDL,PHYSICAL,,122
2022,Feb,MI,PDL,UNKNOWN,,16
2022,Feb,MO,ILP,DIGITAL,NEW,76
2022,Feb,MO,ILP,DIGITAL,NON_NEW,188
2022,Feb,MO,ILP,PHYSICAL,NEW,247
2022,Feb,MO,ILP,PHYSICAL,NON_NEW,774
2022,Feb,MO,ILP,PHYSICAL,,11
2022,Feb,MO,ILP,UNKNOWN,,10
2022,Feb,MO,PDL,DIGITAL,NEW,43
2022,Feb,MO,PDL,DIGITAL,NON_NEW,770
2022,Feb,MO,PDL,DIGITAL,,6
2022,Feb,MO,PDL,PHYSICAL,NEW,330
2022,Feb,MO,PDL,PHYSICAL,NON_NEW,4944
2022,Feb,MO,PDL,PHYSICAL,,23
2022,Feb,MO,PDL,UNKNOWN,,6
2022,Feb,MS,ILP,DIGITAL,NEW,99
2022,Feb,MS,ILP,DIGITAL,NON_NEW,132
2022,Feb,MS,ILP,DIGITAL,,1
2022,Feb,MS,ILP,PHYSICAL,NEW,189
2022,Feb,MS,ILP,PHYSICAL,NON_NEW,861
2022,Feb,MS,ILP,PHYSICAL,,16
2022,Feb,MS,ILP,UNKNOWN,,10
2022,Feb,MS,PDL,DIGITAL,NEW,50
2022,Feb,MS,PDL,DIGITAL,NON_NEW,1203
2022,Feb,MS,PDL,DIGITAL,,3
2022,Feb,MS,PDL,PHYSICAL,NEW,568
2022,Feb,MS,PDL,PHYSICAL,NON_NEW,12067
2022,Feb,MS,PDL,PHYSICAL,,57
2022,Feb,MS,PDL,UNKNOWN,,6
2022,Feb,NV,ILP,DIGITAL,NEW,72
2022,Feb,NV,ILP,DIGITAL,NON_NEW,35
2022,Feb,NV,ILP,DIGITAL,,1
2022,Feb,NV,ILP,PHYSICAL,NEW,142
2022,Feb,NV,ILP,PHYSICAL,NON_NEW,437
2022,Feb,NV,ILP,PHYSICAL,,24
2022,Feb,NV,ILP,UNKNOWN,,8
2022,Feb,OH,ILP,DIGITAL,NEW,369
2022,Feb,OH,ILP,DIGITAL,NON_NEW,1012
2022,Feb,OH,ILP,DIGITAL,,8
2022,Feb,OH,ILP,PHYSICAL,NEW,944
2022,Feb,OH,ILP,PHYSICAL,NON_NEW,4294
2022,Feb,OH,ILP,PHYSICAL,,38
2022,Feb,OH,ILP,UNKNOWN,,21
2022,Feb,OK,ILP,DIGITAL,NEW,84
2022,Feb,OK,ILP,DIGITAL,NON_NEW,316
2022,Feb,OK,ILP,DIGITAL,,1
2022,Feb,OK,ILP,PHYSICAL,NEW,262
2022,Feb,OK,ILP,PHYSICAL,NON_NEW,1366
2022,Feb,OK,ILP,PHYSICAL,,22
2022,Feb,OK,ILP,UNKNOWN,,4
2022,Feb,RI,PDL,DIGITAL,NEW,48
2022,Feb,RI,PDL,DIGITAL,NON_NEW,156
2022,Feb,RI,PDL,PHYSICAL,NEW,212
2022,Feb,RI,PDL,PHYSICAL,NON_NEW,7016
2022,Feb,RI,PDL,PHYSICAL,,15
2022,Feb,RI,PDL,UNKNOWN,,1
2022,Feb,SC,PDL,DIGITAL,NON_NEW,28
2022,Feb,SC,PDL,PHYSICAL,NEW,1056
2022,Feb,SC,PDL,PHYSICAL,NON_NEW,16421
2022,Feb,SC,PDL,PHYSICAL,,28
2022,Feb,SC,PDL,UNKNOWN,,2
2022,Feb,TN,PDL,DIGITAL,NEW,86
2022,Feb,TN,PDL,DIGITAL,NON_NEW,585
2022,Feb,TN,PDL,DIGITAL,,2
2022,Feb,TN,PDL,PHYSICAL,NEW,393
2022,Feb,TN,PDL,PHYSICAL,NON_NEW,5388
2022,Feb,TN,PDL,PHYSICAL,,24
2022,Feb,TN,PDL,UNKNOWN,,3
2022,Feb,TX,ILP,DIGITAL,NEW,613
2022,Feb,TX,ILP,DIGITAL,NON_NEW,1795
2022,Feb,TX,ILP,DIGITAL,,20
2022,Feb,TX,ILP,PHYSICAL,NEW,859
2022,Feb,TX,ILP,PHYSICAL,NON_NEW,3847
2022,Feb,TX,ILP,PHYSICAL,,59
2022,Feb,TX,ILP,UNKNOWN,,55
2022,Feb,TX,PDL,DIGITAL,NEW,320
2022,Feb,TX,PDL,DIGITAL,NON_NEW,4343
2022,Feb,TX,PDL,DIGITAL,,37
2022,Feb,TX,PDL,PHYSICAL,NEW,793
2022,Feb,TX,PDL,PHYSICAL,NON_NEW,8898
2022,Feb,TX,PDL,PHYSICAL,,299
2022,Feb,TX,PDL,UNKNOWN,,44
2022,Feb,UT,ILP,DIGITAL,NEW,17
2022,Feb,UT,ILP,DIGITAL,NON_NEW,9
2022,Feb,UT,ILP,PHYSICAL,NEW,15
2022,Feb,UT,ILP,PHYSICAL,NON_NEW,46
2022,Feb,UT,ILP,PHYSICAL,,1
2022,Feb,UT,ILP,UNKNOWN,,2
2022,Feb,WI,ILP,DIGITAL,NEW,49
2022,Feb,WI,ILP,DIGITAL,NON_NEW,104
2022,Feb,WI,ILP,DIGITAL,,1
2022,Feb,WI,ILP,PHYSICAL,NEW,144
2022,Feb,WI,ILP,PHYSICAL,NON_NEW,463
2022,Feb,WI,ILP,PHYSICAL,,10
2022,Feb,WI,ILP,UNKNOWN,,3
2022,Feb,WY,PDL,DIGITAL,NEW,14
2022,Feb,WY,PDL,DIGITAL,NON_NEW,360
2022,Feb,WY,PDL,DIGITAL,,1
2022,Feb,WY,PDL,PHYSICAL,NEW,124
2022,Feb,WY,PDL,PHYSICAL,NON_NEW,2754
2022,Feb,WY,PDL,PHYSICAL,,7
2022,Feb,WY,PDL,UNKNOWN,,1
2022,Jan,AL,ILP,DIGITAL,NEW,18
2022,Jan,AL,ILP,DIGITAL,NON_NEW,39
2022,Jan,AL,ILP,DIGITAL,,1
2022,Jan,AL,ILP,PHYSICAL,NEW,28
2022,Jan,AL,ILP,PHYSICAL,NON_NEW,180
2022,Jan,AL,ILP,PHYSICAL,,2
2022,Jan,AL,ILP,UNKNOWN,,2
2022,Jan,AL,PDL,DIGITAL,NEW,203
2022,Jan,AL,PDL,DIGITAL,NON_NEW,1516
2022,Jan,AL,PDL,DIGITAL,,3
2022,Jan,AL,PDL,PHYSICAL,NEW,974
2022,Jan,AL,PDL,PHYSICAL,NON_NEW,15015
2022,Jan,AL,PDL,PHYSICAL,,28
2022,Jan,AL,PDL,UNKNOWN,,8
2022,Jan,CA,PDL,DIGITAL,NEW,1421
2022,Jan,CA,PDL,DIGITAL,NON_NEW,12814
2022,Jan,CA,PDL,DIGITAL,,36
2022,Jan,CA,PDL,PHYSICAL,NEW,2722
2022,Jan,CA,PDL,PHYSICAL,NON_NEW,56853
2022,Jan,CA,PDL,PHYSICAL,,151
2022,Jan,CA,PDL,UNKNOWN,,56
2022,Jan,CO,ILP,DIGITAL,NEW,215
2022,Jan,CO,ILP,DIGITAL,NON_NEW,275
2022,Jan,CO,ILP,DIGITAL,,1
2022,Jan,CO,ILP,PHYSICAL,NEW,234
2022,Jan,CO,ILP,PHYSICAL,NON_NEW,2090
2022,Jan,CO,ILP,PHYSICAL,,15
2022,Jan,CO,ILP,UNKNOWN,,8
2022,Jan,DE,ILP,DIGITAL,NEW,30
2022,Jan,DE,ILP,DIGITAL,NON_NEW,36
2022,Jan,DE,ILP,PHYSICAL,NEW,90
2022,Jan,DE,ILP,PHYSICAL,NON_NEW,182
2022,Jan,DE,ILP,PHYSICAL,,2
2022,Jan,DE,ILP,UNKNOWN,,1
2022,Jan,FL,ILP,DIGITAL,NEW,582
2022,Jan,FL,ILP,DIGITAL,NON_NEW,2487
2022,Jan,FL,ILP,DIGITAL,,13
2022,Jan,FL,ILP,PHYSICAL,NEW,1309
2022,Jan,FL,ILP,PHYSICAL,NON_NEW,11002
2022,Jan,FL,ILP,PHYSICAL,,35
2022,Jan,FL,ILP,UNKNOWN,,21
2022,Jan,FL,PDL,DIGITAL,NEW,431
2022,Jan,FL,PDL,DIGITAL,NON_NEW,4639
2022,Jan,FL,PDL,DIGITAL,,6
2022,Jan,FL,PDL,PHYSICAL,NEW,1747
2022,Jan,FL,PDL,PHYSICAL,NON_NEW,41776
2022,Jan,FL,PDL,PHYSICAL,,121
2022,Jan,FL,PDL,UNKNOWN,,15
2022,Jan,IA,PDL,DIGITAL,NEW,112
2022,Jan,IA,PDL,DIGITAL,NON_NEW,566
2022,Jan,IA,PDL,DIGITAL,,2
2022,Jan,IA,PDL,PHYSICAL,NEW,356
2022,Jan,IA,PDL,PHYSICAL,NON_NEW,9952
2022,Jan,IA,PDL,PHYSICAL,,20
2022,Jan,IA,PDL,UNKNOWN,,11
2022,Jan,ID,ILP,DIGITAL,NEW,34
2022,Jan,ID,ILP,DIGITAL,NON_NEW,13
2022,Jan,ID,ILP,PHYSICAL,NEW,41
2022,Jan,ID,ILP,PHYSICAL,NON_NEW,102
2022,Jan,ID,ILP,PHYSICAL,,3
2022,Jan,IN,PDL,DIGITAL,NEW,308
2022,Jan,IN,PDL,DIGITAL,NON_NEW,1148
2022,Jan,IN,PDL,PHYSICAL,NEW,1441
2022,Jan,IN,PDL,PHYSICAL,NON_NEW,16247
2022,Jan,IN,PDL,PHYSICAL,,34
2022,Jan,IN,PDL,UNKNOWN,,14
2022,Jan,KS,PDL,DIGITAL,NEW,59
2022,Jan,KS,PDL,DIGITAL,NON_NEW,424
2022,Jan,KS,PDL,DIGITAL,,6
2022,Jan,KS,PDL,PHYSICAL,NEW,201
2022,Jan,KS,PDL,PHYSICAL,NON_NEW,5505
2022,Jan,KS,PDL,PHYSICAL,,40
2022,Jan,KS,PDL,UNKNOWN,,3
2022,Jan,KY,PDL,DIGITAL,NON_NEW,1
2022,Jan,KY,PDL,PHYSICAL,NEW,407
2022,Jan,KY,PDL,PHYSICAL,NON_NEW,8099
2022,Jan,KY,PDL,PHYSICAL,,17
2022,Jan,KY,PDL,UNKNOWN,,3
2022,Jan,LA,PDL,DIGITAL,NEW,185
2022,Jan,LA,PDL,DIGITAL,NON_NEW,2385
2022,Jan,LA,PDL,DIGITAL,,5
2022,Jan,LA,PDL,PHYSICAL,NEW,1052
2022,Jan,LA,PDL,PHYSICAL,NON_NEW,13719
2022,Jan,LA,PDL,PHYSICAL,,34
2022,Jan,LA,PDL,UNKNOWN,,11
2022,Jan,MI,PDL,DIGITAL,NEW,729
2022,Jan,MI,PDL,DIGITAL,NON_NEW,7853
2022,Jan,MI,PDL,DIGITAL,,20
2022,Jan,MI,PDL,PHYSICAL,NEW,2280
2022,Jan,MI,PDL,PHYSICAL,NON_NEW,33680
2022,Jan,MI,PDL,PHYSICAL,,126
2022,Jan,MI,PDL,UNKNOWN,,28
2022,Jan,MO,ILP,DIGITAL,NEW,108
2022,Jan,MO,ILP,DIGITAL,NON_NEW,258
2022,Jan,MO,ILP,DIGITAL,,3
2022,Jan,MO,ILP,PHYSICAL,NEW,320
2022,Jan,MO,ILP,PHYSICAL,NON_NEW,928
2022,Jan,MO,ILP,PHYSICAL,,10
2022,Jan,MO,ILP,UNKNOWN,,10
2022,Jan,MO,PDL,DIGITAL,NEW,56
2022,Jan,MO,PDL,DIGITAL,NON_NEW,841
2022,Jan,MO,PDL,PHYSICAL,NEW,465
2022,Jan,MO,PDL,PHYSICAL,NON_NEW,5350
2022,Jan,MO,PDL,PHYSICAL,,41
2022,Jan,MO,PDL,UNKNOWN,,7
2022,Jan,MS,ILP,DIGITAL,NEW,131
2022,Jan,MS,ILP,DIGITAL,NON_NEW,169
2022,Jan,MS,ILP,PHYSICAL,NEW,250
2022,Jan,MS,ILP,PHYSICAL,NON_NEW,943
2022,Jan,MS,ILP,PHYSICAL,,15
2022,Jan,MS,ILP,UNKNOWN,,6
2022,Jan,MS,PDL,DIGITAL,NEW,64
2022,Jan,MS,PDL,DIGITAL,NON_NEW,1238
2022,Jan,MS,PDL,DIGITAL,,10
2022,Jan,MS,PDL,PHYSICAL,NEW,695
2022,Jan,MS,PDL,PHYSICAL,NON_NEW,11410
2022,Jan,MS,PDL,PHYSICAL,,59
2022,Jan,MS,PDL,UNKNOWN,,8
2022,Jan,NV,ILP,DIGITAL,NEW,92
2022,Jan,NV,ILP,DIGITAL,NON_NEW,31
2022,Jan,NV,ILP,DIGITAL,,1
2022,Jan,NV,ILP,PHYSICAL,NEW,184
2022,Jan,NV,ILP,PHYSICAL,NON_NEW,563
2022,Jan,NV,ILP,PHYSICAL,,25
2022,Jan,NV,ILP,UNKNOWN,,7
2022,Jan,NV,PDL,DIGITAL,NON_NEW,1
2022,Jan,OH,ILP,DIGITAL,NEW,515
2022,Jan,OH,ILP,DIGITAL,NON_NEW,1093
2022,Jan,OH,ILP,DIGITAL,,3
2022,Jan,OH,ILP,PHYSICAL,NEW,1100
2022,Jan,OH,ILP,PHYSICAL,NON_NEW,4473
2022,Jan,OH,ILP,PHYSICAL,,25
2022,Jan,OH,ILP,UNKNOWN,,21
2022,Jan,OK,ILP,DIGITAL,NEW,152
2022,Jan,OK,ILP,DIGITAL,NON_NEW,372
2022,Jan,OK,ILP,DIGITAL,,3
2022,Jan,OK,ILP,PHYSICAL,NEW,355
2022,Jan,OK,ILP,PHYSICAL,NON_NEW,1562
2022,Jan,OK,ILP,PHYSICAL,,17
2022,Jan,OK,ILP,UNKNOWN,,10
2022,Jan,RI,PDL,DIGITAL,NEW,71
2022,Jan,RI,PDL,DIGITAL,NON_NEW,149
2022,Jan,RI,PDL,PHYSICAL,NEW,247
2022,Jan,RI,PDL,PHYSICAL,NON_NEW,6880
2022,Jan,RI,PDL,PHYSICAL,,22
2022,Jan,RI,PDL,UNKNOWN,,2
2022,Jan,SC,PDL,DIGITAL,NON_NEW,31
2022,Jan,SC,PDL,PHYSICAL,NEW,1189
2022,Jan,SC,PDL,PHYSICAL,NON_NEW,17665
2022,Jan,SC,PDL,PHYSICAL,,37
2022,Jan,SC,PDL,UNKNOWN,,3
2022,Jan,TN,PDL,DIGITAL,NEW,83
2022,Jan,TN,PDL,DIGITAL,NON_NEW,630
2022,Jan,TN,PDL,DIGITAL,,5
2022,Jan,TN,PDL,PHYSICAL,NEW,549
2022,Jan,TN,PDL,PHYSICAL,NON_NEW,6045
2022,Jan,TN,PDL,PHYSICAL,,27
2022,Jan,TN,PDL,UNKNOWN,,9
2022,Jan,TX,ILP,DIGITAL,NEW,699
2022,Jan,TX,ILP,DIGITAL,NON_NEW,2073
2022,Jan,TX,ILP,DIGITAL,,22
2022,Jan,TX,ILP,PHYSICAL,NEW,1111
2022,Jan,TX,ILP,PHYSICAL,NON_NEW,4255
2022,Jan,TX,ILP,PHYSICAL,,61
2022,Jan,TX,ILP,UNKNOWN,,46
2022,Jan,TX,PDL,DIGITAL,NEW,369
2022,Jan,TX,PDL,DIGITAL,NON_NEW,4646
2022,Jan,TX,PDL,DIGITAL,,55
2022,Jan,TX,PDL,PHYSICAL,NEW,1016
2022,Jan,TX,PDL,PHYSICAL,NON_NEW,9101
2022,Jan,TX,PDL,PHYSICAL,,319
2022,Jan,TX,PDL,UNKNOWN,,44
2022,Jan,UT,ILP,DIGITAL,NEW,18
2022,Jan,UT,ILP,DIGITAL,NON_NEW,12
2022,Jan,UT,ILP,DIGITAL,,1
2022,Jan,UT,ILP,PHYSICAL,NEW,17
2022,Jan,UT,ILP,PHYSICAL,NON_NEW,66
2022,Jan,UT,ILP,PHYSICAL,,3
2022,Jan,UT,ILP,UNKNOWN,,2
2022,Jan,WI,ILP,DIGITAL,NEW,75
2022,Jan,WI,ILP,DIGITAL,NON_NEW,174
2022,Jan,WI,ILP,PHYSICAL,NEW,192
2022,Jan,WI,ILP,PHYSICAL,NON_NEW,553
2022,Jan,WI,ILP,PHYSICAL,,9
2022,Jan,WI,ILP,UNKNOWN,,2
2022,Jan,WY,PDL,DIGITAL,NEW,30
2022,Jan,WY,PDL,DIGITAL,NON_NEW,396
2022,Jan,WY,PDL,DIGITAL,,1
2022,Jan,WY,PDL,PHYSICAL,NEW,130
2022,Jan,WY,PDL,PHYSICAL,NON_NEW,2817
2022,Jan,WY,PDL,PHYSICAL,,15
2022,Jan,WY,PDL,UNKNOWN,,3
2022,Jul,AL,ILP,DIGITAL,NEW,74
2022,Jul,AL,ILP,DIGITAL,NON_NEW,123
2022,Jul,AL,ILP,PHYSICAL,NEW,131
2022,Jul,AL,ILP,PHYSICAL,NON_NEW,382
2022,Jul,AL,ILP,PHYSICAL,,5
2022,Jul,AL,ILP,UNKNOWN,,5
2022,Jul,AL,PDL,DIGITAL,NEW,309
2022,Jul,AL,PDL,DIGITAL,NON_NEW,1937
2022,Jul,AL,PDL,DIGITAL,,6
2022,Jul,AL,PDL,PHYSICAL,NEW,1445
2022,Jul,AL,PDL,PHYSICAL,NON_NEW,16630
2022,Jul,AL,PDL,PHYSICAL,,47
2022,Jul,AL,PDL,UNKNOWN,,13
2022,Jul,AL,PDL,,NON_NEW,1
2022,Jul,CA,PDL,DIGITAL,NEW,1859
2022,Jul,CA,PDL,DIGITAL,NON_NEW,16255
2022,Jul,CA,PDL,DIGITAL,,42
2022,Jul,CA,PDL,PHYSICAL,NEW,3131
2022,Jul,CA,PDL,PHYSICAL,NON_NEW,64180
2022,Jul,CA,PDL,PHYSICAL,,184
2022,Jul,CA,PDL,UNKNOWN,,77
2022,Jul,CO,ILP,DIGITAL,NEW,332
2022,Jul,CO,ILP,DIGITAL,NON_NEW,413
2022,Jul,CO,ILP,DIGITAL,,7
2022,Jul,CO,ILP,PHYSICAL,NEW,545
2022,Jul,CO,ILP,PHYSICAL,NON_NEW,2337
2022,Jul,CO,ILP,PHYSICAL,,16
2022,Jul,CO,ILP,UNKNOWN,,14
2022,Jul,DE,ILP,DIGITAL,NEW,55
2022,Jul,DE,ILP,DIGITAL,NON_NEW,54
2022,Jul,DE,ILP,DIGITAL,,1
2022,Jul,DE,ILP,PHYSICAL,NEW,193
2022,Jul,DE,ILP,PHYSICAL,NON_NEW,262
2022,Jul,DE,ILP,PHYSICAL,,5
2022,Jul,DE,ILP,UNKNOWN,,2
2022,Jul,FL,ILP,DIGITAL,NEW,1019
2022,Jul,FL,ILP,DIGITAL,NON_NEW,3304
2022,Jul,FL,ILP,DIGITAL,,5
2022,Jul,FL,ILP,PHYSICAL,NEW,2444
2022,Jul,FL,ILP,PHYSICAL,NON_NEW,17735
2022,Jul,FL,ILP,PHYSICAL,,56
2022,Jul,FL,ILP,UNKNOWN,,32
2022,Jul,FL,PDL,DIGITAL,NEW,687
2022,Jul,FL,PDL,DIGITAL,NON_NEW,4865
2022,Jul,FL,PDL,DIGITAL,,6
2022,Jul,FL,PDL,PHYSICAL,NEW,1813
2022,Jul,FL,PDL,PHYSICAL,NON_NEW,34727
2022,Jul,FL,PDL,PHYSICAL,,115
2022,Jul,FL,PDL,UNKNOWN,,30
2022,Jul,IA,PDL,DIGITAL,NEW,199
2022,Jul,IA,PDL,DIGITAL,NON_NEW,1094
2022,Jul,IA,PDL,DIGITAL,,3
2022,Jul,IA,PDL,PHYSICAL,NEW,585
2022,Jul,IA,PDL,PHYSICAL,NON_NEW,10847
2022,Jul,IA,PDL,PHYSICAL,,24
2022,Jul,IA,PDL,UNKNOWN,,11
2022,Jul,ID,ILP,DIGITAL,NEW,77
2022,Jul,ID,ILP,DIGITAL,NON_NEW,22
2022,Jul,ID,ILP,DIGITAL,,1
2022,Jul,ID,ILP,PHYSICAL,NEW,46
2022,Jul,ID,ILP,PHYSICAL,NON_NEW,148
2022,Jul,ID,ILP,PHYSICAL,,6
2022,Jul,ID,ILP,UNKNOWN,,1
2022,Jul,IN,PDL,DIGITAL,NEW,452
2022,Jul,IN,PDL,DIGITAL,NON_NEW,1857
2022,Jul,IN,PDL,DIGITAL,,4
2022,Jul,IN,PDL,PHYSICAL,NEW,1721
2022,Jul,IN,PDL,PHYSICAL,NON_NEW,18901
2022,Jul,IN,PDL,PHYSICAL,,42
2022,Jul,IN,PDL,UNKNOWN,,25
2022,Jul,KS,PDL,DIGITAL,NEW,80
2022,Jul,KS,PDL,DIGITAL,NON_NEW,454
2022,Jul,KS,PDL,DIGITAL,,3
2022,Jul,KS,PDL,PHYSICAL,NEW,183
2022,Jul,KS,PDL,PHYSICAL,NON_NEW,3040
2022,Jul,KS,PDL,PHYSICAL,,27
2022,Jul,KS,PDL,UNKNOWN,,14
2022,Jul,KY,PDL,DIGITAL,NON_NEW,3
2022,Jul,KY,PDL,PHYSICAL,NEW,716
2022,Jul,KY,PDL,PHYSICAL,NON_NEW,8624
2022,Jul,KY,PDL,PHYSICAL,,20
2022,Jul,KY,PDL,UNKNOWN,,3
2022,Jul,LA,PDL,DIGITAL,NEW,269
2022,Jul,LA,PDL,DIGITAL,NON_NEW,2723
2022,Jul,LA,PDL,DIGITAL,,4
2022,Jul,LA,PDL,PHYSICAL,NEW,864
2022,Jul,LA,PDL,PHYSICAL,NON_NEW,13513
2022,Jul,LA,PDL,PHYSICAL,,44
2022,Jul,LA,PDL,UNKNOWN,,10
2022,Jul,MI,PDL,DIGITAL,NEW,1085
2022,Jul,MI,PDL,DIGITAL,NON_NEW,9976
2022,Jul,MI,PDL,DIGITAL,,27
2022,Jul,MI,PDL,PHYSICAL,NEW,3091
2022,Jul,MI,PDL,PHYSICAL,NON_NEW,41469
2022,Jul,MI,PDL,PHYSICAL,,159
2022,Jul,MI,PDL,UNKNOWN,,42
2022,Jul,MO,ILP,DIGITAL,NEW,222
2022,Jul,MO,ILP,DIGITAL,NON_NEW,249
2022,Jul,MO,ILP,DIGITAL,,2
2022,Jul,MO,ILP,PHYSICAL,NEW,767
2022,Jul,MO,ILP,PHYSICAL,NON_NEW,1468
2022,Jul,MO,ILP,PHYSICAL,,21
2022,Jul,MO,ILP,UNKNOWN,,15
2022,Jul,MO,PDL,DIGITAL,NEW,105
2022,Jul,MO,PDL,DIGITAL,NON_NEW,691
2022,Jul,MO,PDL,DIGITAL,,3
2022,Jul,MO,PDL,PHYSICAL,NEW,408
2022,Jul,MO,PDL,PHYSICAL,NON_NEW,4079
2022,Jul,MO,PDL,PHYSICAL,,17
2022,Jul,MO,PDL,UNKNOWN,,12
2022,Jul,MS,ILP,DIGITAL,NEW,326
2022,Jul,MS,ILP,DIGITAL,NON_NEW,234
2022,Jul,MS,ILP,PHYSICAL,NEW,716
2022,Jul,MS,ILP,PHYSICAL,NON_NEW,1751
2022,Jul,MS,ILP,PHYSICAL,,14
2022,Jul,MS,ILP,UNKNOWN,,16
2022,Jul,MS,PDL,DIGITAL,NEW,84
2022,Jul,MS,PDL,DIGITAL,NON_NEW,1131
2022,Jul,MS,PDL,DIGITAL,,2
2022,Jul,MS,PDL,PHYSICAL,NEW,939
2022,Jul,MS,PDL,PHYSICAL,NON_NEW,10757
2022,Jul,MS,PDL,PHYSICAL,,62
2022,Jul,MS,PDL,UNKNOWN,,12
2022,Jul,NV,ILP,DIGITAL,NEW,148
2022,Jul,NV,ILP,DIGITAL,NON_NEW,59
2022,Jul,NV,ILP,DIGITAL,,3
2022,Jul,NV,ILP,PHYSICAL,NEW,166
2022,Jul,NV,ILP,PHYSICAL,NON_NEW,462
2022,Jul,NV,ILP,PHYSICAL,,21
2022,Jul,NV,ILP,UNKNOWN,,7
2022,Jul,OH,ILP,DIGITAL,NEW,903
2022,Jul,OH,ILP,DIGITAL,NON_NEW,1399
2022,Jul,OH,ILP,DIGITAL,,8
2022,Jul,OH,ILP,PHYSICAL,NEW,1864
2022,Jul,OH,ILP,PHYSICAL,NON_NEW,5964
2022,Jul,OH,ILP,PHYSICAL,,39
2022,Jul,OH,ILP,UNKNOWN,,36
2022,Jul,OK,ILP,DIGITAL,NEW,315
2022,Jul,OK,ILP,DIGITAL,NON_NEW,455
2022,Jul,OK,ILP,DIGITAL,,2
2022,Jul,OK,ILP,PHYSICAL,NEW,645
2022,Jul,OK,ILP,PHYSICAL,NON_NEW,1963
2022,Jul,OK,ILP,PHYSICAL,,28
2022,Jul,OK,ILP,UNKNOWN,,17
2022,Jul,RI,PDL,DIGITAL,NEW,69
2022,Jul,RI,PDL,DIGITAL,NON_NEW,370
2022,Jul,RI,PDL,DIGITAL,,1
2022,Jul,RI,PDL,PHYSICAL,NEW,268
2022,Jul,RI,PDL,PHYSICAL,NON_NEW,7810
2022,Jul,RI,PDL,PHYSICAL,,14
2022,Jul,RI,PDL,UNKNOWN,,2
2022,Jul,TN,PDL,DIGITAL,NEW,119
2022,Jul,TN,PDL,DIGITAL,NON_NEW,627
2022,Jul,TN,PDL,PHYSICAL,NEW,710
2022,Jul,TN,PDL,PHYSICAL,NON_NEW,4151
2022,Jul,TN,PDL,PHYSICAL,,24
2022,Jul,TN,PDL,UNKNOWN,,10
2022,Jul,TX,ILP,DIGITAL,NEW,1316
2022,Jul,TX,ILP,DIGITAL,NON_NEW,2274
2022,Jul,TX,ILP,DIGITAL,,32
2022,Jul,TX,ILP,PHYSICAL,NEW,2293
2022,Jul,TX,ILP,PHYSICAL,NON_NEW,5287
2022,Jul,TX,ILP,PHYSICAL,,80
2022,Jul,TX,ILP,UNKNOWN,,75
2022,Jul,TX,PDL,DIGITAL,NEW,560
2022,Jul,TX,PDL,DIGITAL,NON_NEW,3567
2022,Jul,TX,PDL,DIGITAL,,43
2022,Jul,TX,PDL,PHYSICAL,NEW,1609
2022,Jul,TX,PDL,PHYSICAL,NON_NEW,7977
2022,Jul,TX,PDL,PHYSICAL,,297
2022,Jul,TX,PDL,UNKNOWN,,68
2022,Jul,UT,ILP,DIGITAL,NEW,61
2022,Jul,UT,ILP,DIGITAL,NON_NEW,14
2022,Jul,UT,ILP,PHYSICAL,NEW,20
2022,Jul,UT,ILP,PHYSICAL,NON_NEW,82
2022,Jul,UT,ILP,PHYSICAL,,1
2022,Jul,UT,ILP,UNKNOWN,,5
2022,Jul,WI,ILP,DIGITAL,NEW,201
2022,Jul,WI,ILP,DIGITAL,NON_NEW,178
2022,Jul,WI,ILP,PHYSICAL,NEW,330
2022,Jul,WI,ILP,PHYSICAL,NON_NEW,658
2022,Jul,WI,ILP,PHYSICAL,,14
2022,Jul,WI,ILP,UNKNOWN,,8
2022,Jul,WY,PDL,DIGITAL,NEW,47
2022,Jul,WY,PDL,DIGITAL,NON_NEW,508
2022,Jul,WY,PDL,DIGITAL,,2
2022,Jul,WY,PDL,PHYSICAL,NEW,165
2022,Jul,WY,PDL,PHYSICAL,NON_NEW,3160
2022,Jul,WY,PDL,PHYSICAL,,17
2022,Jul,WY,PDL,UNKNOWN,,7
2022,Jun,AL,ILP,DIGITAL,NEW,113
2022,Jun,AL,ILP,DIGITAL,NON_NEW,82
2022,Jun,AL,ILP,DIGITAL,,1
2022,Jun,AL,ILP,PHYSICAL,NEW,113
2022,Jun,AL,ILP,PHYSICAL,NON_NEW,488
2022,Jun,AL,ILP,PHYSICAL,,12
2022,Jun,AL,ILP,UNKNOWN,,7
2022,Jun,AL,PDL,DIGITAL,NEW,297
2022,Jun,AL,PDL,DIGITAL,NON_NEW,1836
2022,Jun,AL,PDL,DIGITAL,,7
2022,Jun,AL,PDL,PHYSICAL,NEW,1387
2022,Jun,AL,PDL,PHYSICAL,NON_NEW,15981
2022,Jun,AL,PDL,PHYSICAL,,38
2022,Jun,AL,PDL,UNKNOWN,,25
2022,Jun,AL,PDL,,NON_NEW,1
2022,Jun,CA,PDL,DIGITAL,NEW,1718
2022,Jun,CA,PDL,DIGITAL,NON_NEW,15180
2022,Jun,CA,PDL,DIGITAL,,37
2022,Jun,CA,PDL,PHYSICAL,NEW,3061
2022,Jun,CA,PDL,PHYSICAL,NON_NEW,60750
2022,Jun,CA,PDL,PHYSICAL,,189
2022,Jun,CA,PDL,UNKNOWN,,84
2022,Jun,CO,ILP,DIGITAL,NEW,353
2022,Jun,CO,ILP,DIGITAL,NON_NEW,368
2022,Jun,CO,ILP,PHYSICAL,NEW,413
2022,Jun,CO,ILP,PHYSICAL,NON_NEW,2491
2022,Jun,CO,ILP,PHYSICAL,,18
2022,Jun,CO,ILP,UNKNOWN,,4
2022,Jun,DE,ILP,DIGITAL,NEW,42
2022,Jun,DE,ILP,DIGITAL,NON_NEW,59
2022,Jun,DE,ILP,PHYSICAL,NEW,174
2022,Jun,DE,ILP,PHYSICAL,NON_NEW,255
2022,Jun,DE,ILP,PHYSICAL,,6
2022,Jun,DE,ILP,UNKNOWN,,4
2022,Jun,FL,ILP,DIGITAL,NEW,821
2022,Jun,FL,ILP,DIGITAL,NON_NEW,3174
2022,Jun,FL,ILP,DIGITAL,,7
2022,Jun,FL,ILP,PHYSICAL,NEW,2129
2022,Jun,FL,ILP,PHYSICAL,NON_NEW,16459
2022,Jun,FL,ILP,PHYSICAL,,54
2022,Jun,FL,ILP,UNKNOWN,,39
2022,Jun,FL,PDL,DIGITAL,NEW,528
2022,Jun,FL,PDL,DIGITAL,NON_NEW,4365
2022,Jun,FL,PDL,DIGITAL,,6
2022,Jun,FL,PDL,PHYSICAL,NEW,1348
2022,Jun,FL,PDL,PHYSICAL,NON_NEW,34173
2022,Jun,FL,PDL,PHYSICAL,,112
2022,Jun,FL,PDL,UNKNOWN,,26
2022,Jun,IA,PDL,DIGITAL,NEW,191
2022,Jun,IA,PDL,DIGITAL,NON_NEW,860
2022,Jun,IA,PDL,DIGITAL,,2
2022,Jun,IA,PDL,PHYSICAL,NEW,558
2022,Jun,IA,PDL,PHYSICAL,NON_NEW,9849
2022,Jun,IA,PDL,PHYSICAL,,32
2022,Jun,IA,PDL,UNKNOWN,,5
2022,Jun,ID,ILP,DIGITAL,NEW,51
2022,Jun,ID,ILP,DIGITAL,NON_NEW,24
2022,Jun,ID,ILP,PHYSICAL,NEW,50
2022,Jun,ID,ILP,PHYSICAL,NON_NEW,126
2022,Jun,ID,ILP,PHYSICAL,,3
2022,Jun,ID,ILP,UNKNOWN,,2
2022,Jun,IN,PDL,DIGITAL,NEW,527
2022,Jun,IN,PDL,DIGITAL,NON_NEW,1612
2022,Jun,IN,PDL,DIGITAL,,3
2022,Jun,IN,PDL,PHYSICAL,NEW,1585
2022,Jun,IN,PDL,PHYSICAL,NON_NEW,18157
2022,Jun,IN,PDL,PHYSICAL,,29
2022,Jun,IN,PDL,UNKNOWN,,19
2022,Jun,KS,PDL,DIGITAL,NEW,56
2022,Jun,KS,PDL,DIGITAL,NON_NEW,426
2022,Jun,KS,PDL,DIGITAL,,2
2022,Jun,KS,PDL,PHYSICAL,NEW,208
2022,Jun,KS,PDL,PHYSICAL,NON_NEW,3273
2022,Jun,KS,PDL,PHYSICAL,,39
2022,Jun,KS,PDL,UNKNOWN,,4
2022,Jun,KY,PDL,DIGITAL,NON_NEW,4
2022,Jun,KY,PDL,PHYSICAL,NEW,672
2022,Jun,KY,PDL,PHYSICAL,NON_NEW,8162
2022,Jun,KY,PDL,PHYSICAL,,18
2022,Jun,KY,PDL,UNKNOWN,,6
2022,Jun,LA,PDL,DIGITAL,NEW,259
2022,Jun,LA,PDL,DIGITAL,NON_NEW,2625
2022,Jun,LA,PDL,DIGITAL,,3
2022,Jun,LA,PDL,PHYSICAL,NEW,834
2022,Jun,LA,PDL,PHYSICAL,NON_NEW,13630
2022,Jun,LA,PDL,PHYSICAL,,47
2022,Jun,LA,PDL,UNKNOWN,,12
2022,Jun,MI,PDL,DIGITAL,NEW,1007
2022,Jun,MI,PDL,DIGITAL,NON_NEW,9184
2022,Jun,MI,PDL,DIGITAL,,26
2022,Jun,MI,PDL,PHYSICAL,NEW,2681
2022,Jun,MI,PDL,PHYSICAL,NON_NEW,37989
2022,Jun,MI,PDL,PHYSICAL,,133
2022,Jun,MI,PDL,UNKNOWN,,44
2022,Jun,MO,ILP,DIGITAL,NEW,226
2022,Jun,MO,ILP,DIGITAL,NON_NEW,259
2022,Jun,MO,ILP,DIGITAL,,2
2022,Jun,MO,ILP,PHYSICAL,NEW,740
2022,Jun,MO,ILP,PHYSICAL,NON_NEW,1551
2022,Jun,MO,ILP,PHYSICAL,,23
2022,Jun,MO,ILP,UNKNOWN,,21
2022,Jun,MO,PDL,DIGITAL,NEW,104
2022,Jun,MO,PDL,DIGITAL,NON_NEW,744
2022,Jun,MO,PDL,DIGITAL,,3
2022,Jun,MO,PDL,PHYSICAL,NEW,389
2022,Jun,MO,PDL,PHYSICAL,NON_NEW,4573
2022,Jun,MO,PDL,PHYSICAL,,37
2022,Jun,MO,PDL,UNKNOWN,,8
2022,Jun,MS,ILP,DIGITAL,NEW,333
2022,Jun,MS,ILP,DIGITAL,NON_NEW,236
2022,Jun,MS,ILP,DIGITAL,,3
2022,Jun,MS,ILP,PHYSICAL,NEW,690
2022,Jun,MS,ILP,PHYSICAL,NON_NEW,1795
2022,Jun,MS,ILP,PHYSICAL,,23
2022,Jun,MS,ILP,UNKNOWN,,21
2022,Jun,MS,PDL,DIGITAL,NEW,103
2022,Jun,MS,PDL,DIGITAL,NON_NEW,1204
2022,Jun,MS,PDL,DIGITAL,,3
2022,Jun,MS,PDL,PHYSICAL,NEW,1042
2022,Jun,MS,PDL,PHYSICAL,NON_NEW,11406
2022,Jun,MS,PDL,PHYSICAL,,50
2022,Jun,MS,PDL,UNKNOWN,,14
2022,Jun,NV,ILP,DIGITAL,NEW,128
2022,Jun,NV,ILP,DIGITAL,NON_NEW,63
2022,Jun,NV,ILP,DIGITAL,,1
2022,Jun,NV,ILP,PHYSICAL,NEW,178
2022,Jun,NV,ILP,PHYSICAL,NON_NEW,528
2022,Jun,NV,ILP,PHYSICAL,,22
2022,Jun,NV,ILP,UNKNOWN,,12
2022,Jun,OH,ILP,DIGITAL,NEW,1002
2022,Jun,OH,ILP,DIGITAL,NON_NEW,1517
2022,Jun,OH,ILP,DIGITAL,,7
2022,Jun,OH,ILP,PHYSICAL,NEW,1767
2022,Jun,OH,ILP,PHYSICAL,NON_NEW,6568
2022,Jun,OH,ILP,PHYSICAL,,39
2022,Jun,OH,ILP,UNKNOWN,,36
2022,Jun,OK,ILP,DIGITAL,NEW,333
2022,Jun,OK,ILP,DIGITAL,NON_NEW,485
2022,Jun,OK,ILP,DIGITAL,,5
2022,Jun,OK,ILP,PHYSICAL,NEW,617
2022,Jun,OK,ILP,PHYSICAL,NON_NEW,1988
2022,Jun,OK,ILP,PHYSICAL,,24
2022,Jun,OK,ILP,UNKNOWN,,13
2022,Jun,RI,PDL,DIGITAL,NEW,65
2022,Jun,RI,PDL,DIGITAL,NON_NEW,296
2022,Jun,RI,PDL,PHYSICAL,NEW,280
2022,Jun,RI,PDL,PHYSICAL,NON_NEW,7666
2022,Jun,RI,PDL,PHYSICAL,,18
2022,Jun,RI,PDL,UNKNOWN,,1
2022,Jun,TN,PDL,DIGITAL,NEW,124
2022,Jun,TN,PDL,DIGITAL,NON_NEW,600
2022,Jun,TN,PDL,DIGITAL,,1
2022,Jun,TN,PDL,PHYSICAL,NEW,700
2022,Jun,TN,PDL,PHYSICAL,NON_NEW,4356
2022,Jun,TN,PDL,PHYSICAL,,33
2022,Jun,TN,PDL,UNKNOWN,,9
2022,Jun,TX,ILP,DIGITAL,NEW,1335
2022,Jun,TX,ILP,DIGITAL,NON_NEW,2316
2022,Jun,TX,ILP,DIGITAL,,26
2022,Jun,TX,ILP,PHYSICAL,NEW,2292
2022,Jun,TX,ILP,PHYSICAL,NON_NEW,5329
2022,Jun,TX,ILP,PHYSICAL,,75
2022,Jun,TX,ILP,UNKNOWN,,84
2022,Jun,TX,PDL,DIGITAL,NEW,548
2022,Jun,TX,PDL,DIGITAL,NON_NEW,3903
2022,Jun,TX,PDL,DIGITAL,,27
2022,Jun,TX,PDL,PHYSICAL,NEW,1618
2022,Jun,TX,PDL,PHYSICAL,NON_NEW,8604
2022,Jun,TX,PDL,PHYSICAL,,321
2022,Jun,TX,PDL,UNKNOWN,,51
2022,Jun,UT,ILP,DIGITAL,NEW,45
2022,Jun,UT,ILP,DIGITAL,NON_NEW,14
2022,Jun,UT,ILP,PHYSICAL,NEW,30
2022,Jun,UT,ILP,PHYSICAL,NON_NEW,69
2022,Jun,UT,ILP,PHYSICAL,,1
2022,Jun,UT,ILP,UNKNOWN,,4
2022,Jun,WI,ILP,DIGITAL,NEW,169
2022,Jun,WI,ILP,DIGITAL,NON_NEW,184
2022,Jun,WI,ILP,DIGITAL,,2
2022,Jun,WI,ILP,PHYSICAL,NEW,347
2022,Jun,WI,ILP,PHYSICAL,NON_NEW,681
2022,Jun,WI,ILP,PHYSICAL,,12
2022,Jun,WI,ILP,UNKNOWN,,5
2022,Jun,WY,PDL,DIGITAL,NEW,50
2022,Jun,WY,PDL,DIGITAL,NON_NEW,459
2022,Jun,WY,PDL,PHYSICAL,NEW,186
2022,Jun,WY,PDL,PHYSICAL,NON_NEW,3030
2022,Jun,WY,PDL,PHYSICAL,,17
2022,Jun,WY,PDL,UNKNOWN,,1
2022,Mar,AL,ILP,DIGITAL,NEW,38
2022,Mar,AL,ILP,DIGITAL,NON_NEW,100
2022,Mar,AL,ILP,DIGITAL,,1
2022,Mar,AL,ILP,PHYSICAL,NEW,43
2022,Mar,AL,ILP,PHYSICAL,NON_NEW,286
2022,Mar,AL,ILP,PHYSICAL,,7
2022,Mar,AL,PDL,DIGITAL,NEW,145
2022,Mar,AL,PDL,DIGITAL,NON_NEW,1392
2022,Mar,AL,PDL,DIGITAL,,3
2022,Mar,AL,PDL,PHYSICAL,NEW,755
2022,Mar,AL,PDL,PHYSICAL,NON_NEW,15271
2022,Mar,AL,PDL,PHYSICAL,,50
2022,Mar,AL,PDL,UNKNOWN,,8
2022,Mar,CA,PDL,DIGITAL,NEW,1056
2022,Mar,CA,PDL,DIGITAL,NON_NEW,13161
2022,Mar,CA,PDL,DIGITAL,,28
2022,Mar,CA,PDL,PHYSICAL,NEW,2427
2022,Mar,CA,PDL,PHYSICAL,NON_NEW,58386
2022,Mar,CA,PDL,PHYSICAL,,182
2022,Mar,CA,PDL,UNKNOWN,,49
2022,Mar,CO,ILP,DIGITAL,NEW,172
2022,Mar,CO,ILP,DIGITAL,NON_NEW,320
2022,Mar,CO,ILP,DIGITAL,,2
2022,Mar,CO,ILP,PHYSICAL,NEW,221
2022,Mar,CO,ILP,PHYSICAL,NON_NEW,2274
2022,Mar,CO,ILP,PHYSICAL,,9
2022,Mar,CO,ILP,UNKNOWN,,7
2022,Mar,DE,ILP,DIGITAL,NEW,34
2022,Mar,DE,ILP,DIGITAL,NON_NEW,48
2022,Mar,DE,ILP,DIGITAL,,1
2022,Mar,DE,ILP,PHYSICAL,NEW,93
2022,Mar,DE,ILP,PHYSICAL,NON_NEW,210
2022,Mar,DE,ILP,PHYSICAL,,2
2022,Mar,DE,ILP,UNKNOWN,,3
2022,Mar,FL,ILP,DIGITAL,NEW,461
2022,Mar,FL,ILP,DIGITAL,NON_NEW,2615
2022,Mar,FL,ILP,DIGITAL,,6
2022,Mar,FL,ILP,PHYSICAL,NEW,1095
2022,Mar,FL,ILP,PHYSICAL,NON_NEW,12346
2022,Mar,FL,ILP,PHYSICAL,,48
2022,Mar,FL,ILP,UNKNOWN,,18
2022,Mar,FL,PDL,DIGITAL,NEW,306
2022,Mar,FL,PDL,DIGITAL,NON_NEW,4109
2022,Mar,FL,PDL,DIGITAL,,9
2022,Mar,FL,PDL,PHYSICAL,NEW,1491
2022,Mar,FL,PDL,PHYSICAL,NON_NEW,38122
2022,Mar,FL,PDL,PHYSICAL,,126
2022,Mar,FL,PDL,UNKNOWN,,22
2022,Mar,IA,PDL,DIGITAL,NEW,77
2022,Mar,IA,PDL,DIGITAL,NON_NEW,596
2022,Mar,IA,PDL,DIGITAL,,1
2022,Mar,IA,PDL,PHYSICAL,NEW,302
2022,Mar,IA,PDL,PHYSICAL,NON_NEW,8914
2022,Mar,IA,PDL,PHYSICAL,,29
2022,Mar,IA,PDL,UNKNOWN,,4
2022,Mar,ID,ILP,DIGITAL,NEW,85
2022,Mar,ID,ILP,DIGITAL,NON_NEW,23
2022,Mar,ID,ILP,PHYSICAL,NEW,36
2022,Mar,ID,ILP,PHYSICAL,NON_NEW,128
2022,Mar,ID,ILP,PHYSICAL,,7
2022,Mar,ID,ILP,UNKNOWN,,5
2022,Mar,IN,PDL,DIGITAL,NEW,178
2022,Mar,IN,PDL,DIGITAL,NON_NEW,1128
2022,Mar,IN,PDL,DIGITAL,,2
2022,Mar,IN,PDL,PHYSICAL,NEW,865
2022,Mar,IN,PDL,PHYSICAL,NON_NEW,14921
2022,Mar,IN,PDL,PHYSICAL,,44
2022,Mar,IN,PDL,UNKNOWN,,14
2022,Mar,KS,PDL,DIGITAL,NEW,19
2022,Mar,KS,PDL,DIGITAL,NON_NEW,382
2022,Mar,KS,PDL,DIGITAL,,1
2022,Mar,KS,PDL,PHYSICAL,NEW,133
2022,Mar,KS,PDL,PHYSICAL,NON_NEW,4355
2022,Mar,KS,PDL,PHYSICAL,,34
2022,Mar,KS,PDL,UNKNOWN,,4
2022,Mar,KY,PDL,DIGITAL,NON_NEW,1
2022,Mar,KY,PDL,PHYSICAL,NEW,392
2022,Mar,KY,PDL,PHYSICAL,NON_NEW,7769
2022,Mar,KY,PDL,PHYSICAL,,21
2022,Mar,KY,PDL,UNKNOWN,,1
2022,Mar,LA,PDL,DIGITAL,NEW,97
2022,Mar,LA,PDL,DIGITAL,NON_NEW,2264
2022,Mar,LA,PDL,DIGITAL,,4
2022,Mar,LA,PDL,PHYSICAL,NEW,799
2022,Mar,LA,PDL,PHYSICAL,NON_NEW,14233
2022,Mar,LA,PDL,PHYSICAL,,44
2022,Mar,LA,PDL,UNKNOWN,,7
2022,Mar,MI,PDL,DIGITAL,NEW,507
2022,Mar,MI,PDL,DIGITAL,NON_NEW,7549
2022,Mar,MI,PDL,DIGITAL,,22
2022,Mar,MI,PDL,PHYSICAL,NEW,1665
2022,Mar,MI,PDL,PHYSICAL,NON_NEW,33925
2022,Mar,MI,PDL,PHYSICAL,,114
2022,Mar,MI,PDL,UNKNOWN,,25
2022,Mar,MO,ILP,DIGITAL,NEW,109
2022,Mar,MO,ILP,DIGITAL,NON_NEW,260
2022,Mar,MO,ILP,DIGITAL,,3
2022,Mar,MO,ILP,PHYSICAL,NEW,324
2022,Mar,MO,ILP,PHYSICAL,NON_NEW,1259
2022,Mar,MO,ILP,PHYSICAL,,26
2022,Mar,MO,ILP,UNKNOWN,,11
2022,Mar,MO,PDL,DIGITAL,NEW,52
2022,Mar,MO,PDL,DIGITAL,NON_NEW,743
2022,Mar,MO,PDL,DIGITAL,,4
2022,Mar,MO,PDL,PHYSICAL,NEW,407
2022,Mar,MO,PDL,PHYSICAL,NON_NEW,5138
2022,Mar,MO,PDL,PHYSICAL,,41
2022,Mar,MO,PDL,UNKNOWN,,4
2022,Mar,MS,ILP,DIGITAL,NEW,92
2022,Mar,MS,ILP,DIGITAL,NON_NEW,201
2022,Mar,MS,ILP,DIGITAL,,3
2022,Mar,MS,ILP,PHYSICAL,NEW,219
2022,Mar,MS,ILP,PHYSICAL,NON_NEW,1096
2022,Mar,MS,ILP,PHYSICAL,,19
2022,Mar,MS,ILP,UNKNOWN,,8
2022,Mar,MS,PDL,DIGITAL,NEW,45
2022,Mar,MS,PDL,DIGITAL,NON_NEW,1245
2022,Mar,MS,PDL,DIGITAL,,4
2022,Mar,MS,PDL,PHYSICAL,NEW,505
2022,Mar,MS,PDL,PHYSICAL,NON_NEW,11588
2022,Mar,MS,PDL,PHYSICAL,,47
2022,Mar,MS,PDL,UNKNOWN,,5
2022,Mar,NV,ILP,DIGITAL,NEW,61
2022,Mar,NV,ILP,DIGITAL,NON_NEW,53
2022,Mar,NV,ILP,DIGITAL,,3
2022,Mar,NV,ILP,PHYSICAL,NEW,144
2022,Mar,NV,ILP,PHYSICAL,NON_NEW,455
2022,Mar,NV,ILP,PHYSICAL,,17
2022,Mar,NV,ILP,UNKNOWN,,4
2022,Mar,OH,ILP,DIGITAL,NEW,411
2022,Mar,OH,ILP,DIGITAL,NON_NEW,1275
2022,Mar,OH,ILP,DIGITAL,,7
2022,Mar,OH,ILP,PHYSICAL,NEW,904
2022,Mar,OH,ILP,PHYSICAL,NON_NEW,5290
2022,Mar,OH,ILP,PHYSICAL,,32
2022,Mar,OH,ILP,UNKNOWN,,28
2022,Mar,OK,ILP,DIGITAL,NEW,155
2022,Mar,OK,ILP,DIGITAL,NON_NEW,433
2022,Mar,OK,ILP,DIGITAL,,7
2022,Mar,OK,ILP,PHYSICAL,NEW,288
2022,Mar,OK,ILP,PHYSICAL,NON_NEW,1706
2022,Mar,OK,ILP,PHYSICAL,,15
2022,Mar,OK,ILP,UNKNOWN,,7
2022,Mar,RI,PDL,DIGITAL,NEW,34
2022,Mar,RI,PDL,DIGITAL,NON_NEW,206
2022,Mar,RI,PDL,PHYSICAL,NEW,208
2022,Mar,RI,PDL,PHYSICAL,NON_NEW,7056
2022,Mar,RI,PDL,PHYSICAL,,15
2022,Mar,RI,PDL,UNKNOWN,,4
2022,Mar,SC,PDL,DIGITAL,NON_NEW,25
2022,Mar,SC,PDL,PHYSICAL,NEW,579
2022,Mar,SC,PDL,PHYSICAL,NON_NEW,13724
2022,Mar,SC,PDL,PHYSICAL,,24
2022,Mar,SC,PDL,UNKNOWN,,3
2022,Mar,TN,PDL,DIGITAL,NEW,68
2022,Mar,TN,PDL,DIGITAL,NON_NEW,635
2022,Mar,TN,PDL,DIGITAL,,1
2022,Mar,TN,PDL,PHYSICAL,NEW,398
2022,Mar,TN,PDL,PHYSICAL,NON_NEW,5232
2022,Mar,TN,PDL,PHYSICAL,,27
2022,Mar,TN,PDL,UNKNOWN,,5
2022,Mar,TX,ILP,DIGITAL,NEW,615
2022,Mar,TX,ILP,DIGITAL,NON_NEW,2074
2022,Mar,TX,ILP,DIGITAL,,19
2022,Mar,TX,ILP,PHYSICAL,NEW,953
2022,Mar,TX,ILP,PHYSICAL,NON_NEW,4616
2022,Mar,TX,ILP,PHYSICAL,,78
2022,Mar,TX,ILP,UNKNOWN,,44
2022,Mar,TX,PDL,DIGITAL,NEW,266
2022,Mar,TX,PDL,DIGITAL,NON_NEW,4294
2022,Mar,TX,PDL,DIGITAL,,51
2022,Mar,TX,PDL,PHYSICAL,NEW,1029
2022,Mar,TX,PDL,PHYSICAL,NON_NEW,8995
2022,Mar,TX,PDL,PHYSICAL,,347
2022,Mar,TX,PDL,UNKNOWN,,42
2022,Mar,UT,ILP,DIGITAL,NEW,23
2022,Mar,UT,ILP,DIGITAL,NON_NEW,17
2022,Mar,UT,ILP,PHYSICAL,NEW,10
2022,Mar,UT,ILP,PHYSICAL,NON_NEW,82
2022,Mar,UT,ILP,UNKNOWN,,4
2022,Mar,WI,ILP,DIGITAL,NEW,74
2022,Mar,WI,ILP,DIGITAL,NON_NEW,182
2022,Mar,WI,ILP,PHYSICAL,NEW,142
2022,Mar,WI,ILP,PHYSICAL,NON_NEW,566
2022,Mar,WI,ILP,PHYSICAL,,9
2022,Mar,WI,ILP,UNKNOWN,,4
2022,Mar,WY,PDL,DIGITAL,NEW,20
2022,Mar,WY,PDL,DIGITAL,NON_NEW,413
2022,Mar,WY,PDL,PHYSICAL,NEW,84
2022,Mar,WY,PDL,PHYSICAL,NON_NEW,3004
2022,Mar,WY,PDL,PHYSICAL,,11
2022,May,AL,ILP,DIGITAL,NEW,84
2022,May,AL,ILP,DIGITAL,NON_NEW,87
2022,May,AL,ILP,DIGITAL,,1
2022,May,AL,ILP,PHYSICAL,NEW,86
2022,May,AL,ILP,PHYSICAL,NON_NEW,380
2022,May,AL,ILP,PHYSICAL,,5
2022,May,AL,ILP,UNKNOWN,,5
2022,May,AL,PDL,DIGITAL,NEW,201
2022,May,AL,PDL,DIGITAL,NON_NEW,1598
2022,May,AL,PDL,DIGITAL,,5
2022,May,AL,PDL,PHYSICAL,NEW,1134
2022,May,AL,PDL,PHYSICAL,NON_NEW,14599
2022,May,AL,PDL,PHYSICAL,,38
2022,May,AL,PDL,UNKNOWN,,10
2022,May,AL,PDL,,NON_NEW,1
2022,May,CA,PDL,DIGITAL,NEW,1347
2022,May,CA,PDL,DIGITAL,NON_NEW,14106
2022,May,CA,PDL,DIGITAL,,27
2022,May,CA,PDL,PHYSICAL,NEW,2794
2022,May,CA,PDL,PHYSICAL,NON_NEW,57747
2022,May,CA,PDL,PHYSICAL,,156
2022,May,CA,PDL,UNKNOWN,,71
2022,May,CO,ILP,DIGITAL,NEW,233
2022,May,CO,ILP,DIGITAL,NON_NEW,331
2022,May,CO,ILP,DIGITAL,,2
2022,May,CO,ILP,PHYSICAL,NEW,345
2022,May,CO,ILP,PHYSICAL,NON_NEW,2433
2022,May,CO,ILP,PHYSICAL,,15
2022,May,CO,ILP,UNKNOWN,,6
2022,May,DE,ILP,DIGITAL,NEW,19
2022,May,DE,ILP,DIGITAL,NON_NEW,39
2022,May,DE,ILP,DIGITAL,,1
2022,May,DE,ILP,PHYSICAL,NEW,136
2022,May,DE,ILP,PHYSICAL,NON_NEW,228
2022,May,DE,ILP,PHYSICAL,,4
2022,May,DE,ILP,UNKNOWN,,2
2022,May,FL,ILP,DIGITAL,NEW,591
2022,May,FL,ILP,DIGITAL,NON_NEW,2992
2022,May,FL,ILP,DIGITAL,,8
2022,May,FL,ILP,PHYSICAL,NEW,1777
2022,May,FL,ILP,PHYSICAL,NON_NEW,15037
2022,May,FL,ILP,PHYSICAL,,42
2022,May,FL,ILP,UNKNOWN,,22
2022,May,FL,PDL,DIGITAL,NEW,368
2022,May,FL,PDL,DIGITAL,NON_NEW,4444
2022,May,FL,PDL,DIGITAL,,7
2022,May,FL,PDL,PHYSICAL,NEW,1339
2022,May,FL,PDL,PHYSICAL,NON_NEW,34859
2022,May,FL,PDL,PHYSICAL,,96
2022,May,FL,PDL,UNKNOWN,,16
2022,May,IA,PDL,DIGITAL,NEW,138
2022,May,IA,PDL,DIGITAL,NON_NEW,733
2022,May,IA,PDL,DIGITAL,,2
2022,May,IA,PDL,PHYSICAL,NEW,431
2022,May,IA,PDL,PHYSICAL,NON_NEW,9386
2022,May,IA,PDL,PHYSICAL,,31
2022,May,IA,PDL,UNKNOWN,,6
2022,May,ID,ILP,DIGITAL,NEW,35
2022,May,ID,ILP,DIGITAL,NON_NEW,21
2022,May,ID,ILP,PHYSICAL,NEW,37
2022,May,ID,ILP,PHYSICAL,NON_NEW,117
2022,May,ID,ILP,PHYSICAL,,1
2022,May,ID,ILP,UNKNOWN,,2
2022,May,IN,PDL,DIGITAL,NEW,321
2022,May,IN,PDL,DIGITAL,NON_NEW,1333
2022,May,IN,PDL,DIGITAL,,1
2022,May,IN,PDL,PHYSICAL,NEW,1331
2022,May,IN,PDL,PHYSICAL,NON_NEW,16242
2022,May,IN,PDL,PHYSICAL,,33
2022,May,IN,PDL,UNKNOWN,,20
2022,May,KS,PDL,DIGITAL,NEW,43
2022,May,KS,PDL,DIGITAL,NON_NEW,416
2022,May,KS,PDL,DIGITAL,,2
2022,May,KS,PDL,PHYSICAL,NEW,181
2022,May,KS,PDL,PHYSICAL,NON_NEW,3426
2022,May,KS,PDL,PHYSICAL,,32
2022,May,KS,PDL,UNKNOWN,,7
2022,May,KY,PDL,DIGITAL,NON_NEW,1
2022,May,KY,PDL,PHYSICAL,NEW,581
2022,May,KY,PDL,PHYSICAL,NON_NEW,7614
2022,May,KY,PDL,PHYSICAL,,29
2022,May,KY,PDL,UNKNOWN,,4
2022,May,LA,PDL,DIGITAL,NEW,158
2022,May,LA,PDL,DIGITAL,NON_NEW,2451
2022,May,LA,PDL,DIGITAL,,3
2022,May,LA,PDL,PHYSICAL,NEW,909
2022,May,LA,PDL,PHYSICAL,NON_NEW,12950
2022,May,LA,PDL,PHYSICAL,,41
2022,May,LA,PDL,UNKNOWN,,9
2022,May,MI,PDL,DIGITAL,NEW,644
2022,May,MI,PDL,DIGITAL,NON_NEW,8289
2022,May,MI,PDL,DIGITAL,,24
2022,May,MI,PDL,PHYSICAL,NEW,2080
2022,May,MI,PDL,PHYSICAL,NON_NEW,35209
2022,May,MI,PDL,PHYSICAL,,128
2022,May,MI,PDL,UNKNOWN,,35
2022,May,MO,ILP,DIGITAL,NEW,161
2022,May,MO,ILP,DIGITAL,NON_NEW,288
2022,May,MO,ILP,DIGITAL,,4
2022,May,MO,ILP,PHYSICAL,NEW,560
2022,May,MO,ILP,PHYSICAL,NON_NEW,1388
2022,May,MO,ILP,PHYSICAL,,17
2022,May,MO,ILP,UNKNOWN,,15
2022,May,MO,PDL,DIGITAL,NEW,62
2022,May,MO,PDL,DIGITAL,NON_NEW,793
2022,May,MO,PDL,DIGITAL,,2
2022,May,MO,PDL,PHYSICAL,NEW,450
2022,May,MO,PDL,PHYSICAL,NON_NEW,4970
2022,May,MO,PDL,PHYSICAL,,47
2022,May,MO,PDL,UNKNOWN,,15
2022,May,MS,ILP,DIGITAL,NEW,172
2022,May,MS,ILP,DIGITAL,NON_NEW,221
2022,May,MS,ILP,DIGITAL,,4
2022,May,MS,ILP,PHYSICAL,NEW,491
2022,May,MS,ILP,PHYSICAL,NON_NEW,1516
2022,May,MS,ILP,PHYSICAL,,12
2022,May,MS,ILP,UNKNOWN,,10
2022,May,MS,PDL,DIGITAL,NEW,79
2022,May,MS,PDL,DIGITAL,NON_NEW,1369
2022,May,MS,PDL,DIGITAL,,3
2022,May,MS,PDL,PHYSICAL,NEW,785
2022,May,MS,PDL,PHYSICAL,NON_NEW,11184
2022,May,MS,PDL,PHYSICAL,,68
2022,May,MS,PDL,UNKNOWN,,6
2022,May,NV,ILP,DIGITAL,NEW,97
2022,May,NV,ILP,DIGITAL,NON_NEW,60
2022,May,NV,ILP,DIGITAL,,4
2022,May,NV,ILP,PHYSICAL,NEW,144
2022,May,NV,ILP,PHYSICAL,NON_NEW,428
2022,May,NV,ILP,PHYSICAL,,17
2022,May,NV,ILP,UNKNOWN,,5
2022,May,OH,ILP,DIGITAL,NEW,698
2022,May,OH,ILP,DIGITAL,NON_NEW,1456
2022,May,OH,ILP,DIGITAL,,5
2022,May,OH,ILP,PHYSICAL,NEW,1358
2022,May,OH,ILP,PHYSICAL,NON_NEW,5852
2022,May,OH,ILP,PHYSICAL,,47
2022,May,OH,ILP,UNKNOWN,,27
2022,May,OK,ILP,DIGITAL,NEW,224
2022,May,OK,ILP,DIGITAL,NON_NEW,439
2022,May,OK,ILP,DIGITAL,,3
2022,May,OK,ILP,PHYSICAL,NEW,467
2022,May,OK,ILP,PHYSICAL,NON_NEW,1823
2022,May,OK,ILP,PHYSICAL,,21
2022,May,OK,ILP,UNKNOWN,,6
2022,May,RI,PDL,DIGITAL,NEW,50
2022,May,RI,PDL,DIGITAL,NON_NEW,267
2022,May,RI,PDL,PHYSICAL,NEW,277
2022,May,RI,PDL,PHYSICAL,NON_NEW,6824
2022,May,RI,PDL,PHYSICAL,,21
2022,May,RI,PDL,UNKNOWN,,1
2022,May,TN,PDL,DIGITAL,NEW,110
2022,May,TN,PDL,DIGITAL,NON_NEW,603
2022,May,TN,PDL,DIGITAL,,4
2022,May,TN,PDL,PHYSICAL,NEW,589
2022,May,TN,PDL,PHYSICAL,NON_NEW,4102
2022,May,TN,PDL,PHYSICAL,,21
2022,May,TN,PDL,UNKNOWN,,6
2022,May,TX,ILP,DIGITAL,NEW,881
2022,May,TX,ILP,DIGITAL,NON_NEW,2205
2022,May,TX,ILP,DIGITAL,,33
2022,May,TX,ILP,PHYSICAL,NEW,1620
2022,May,TX,ILP,PHYSICAL,NON_NEW,4928
2022,May,TX,ILP,PHYSICAL,,66
2022,May,TX,ILP,UNKNOWN,,71
2022,May,TX,PDL,DIGITAL,NEW,338
2022,May,TX,PDL,DIGITAL,NON_NEW,4315
2022,May,TX,PDL,DIGITAL,,41
2022,May,TX,PDL,PHYSICAL,NEW,1405
2022,May,TX,PDL,PHYSICAL,NON_NEW,8526
2022,May,TX,PDL,PHYSICAL,,298
2022,May,TX,PDL,UNKNOWN,,54
2022,May,UT,ILP,DIGITAL,NEW,14
2022,May,UT,ILP,DIGITAL,NON_NEW,14
2022,May,UT,ILP,PHYSICAL,NEW,23
2022,May,UT,ILP,PHYSICAL,NON_NEW,67
2022,May,UT,ILP,PHYSICAL,,2
2022,May,UT,ILP,UNKNOWN,,1
2022,May,WI,ILP,DIGITAL,NEW,128
2022,May,WI,ILP,DIGITAL,NON_NEW,181
2022,May,WI,ILP,DIGITAL,,1
2022,May,WI,ILP,PHYSICAL,NEW,255
2022,May,WI,ILP,PHYSICAL,NON_NEW,628
2022,May,WI,ILP,PHYSICAL,,6
2022,May,WI,ILP,UNKNOWN,,7
2022,May,WY,PDL,DIGITAL,NEW,42
2022,May,WY,PDL,DIGITAL,NON_NEW,409
2022,May,WY,PDL,PHYSICAL,NEW,132
2022,May,WY,PDL,PHYSICAL,NON_NEW,2889
2022,May,WY,PDL,PHYSICAL,,18
2022,May,WY,PDL,UNKNOWN,,3
2022,Nov,AL,ILP,DIGITAL,NEW,367
2022,Nov,AL,ILP,DIGITAL,NON_NEW,712
2022,Nov,AL,ILP,DIGITAL,,-2
2022,Nov,AL,ILP,PHYSICAL,NEW,852
2022,Nov,AL,ILP,PHYSICAL,NON_NEW,6967
2022,Nov,AL,ILP,PHYSICAL,,-3
2022,Nov,AL,ILP,UNKNOWN,,-2
2022,Nov,AL,PDL,DIGITAL,NEW,0
2022,Nov,AL,PDL,DIGITAL,NON_NEW,0
2022,Nov,AL,PDL,DIGITAL,,0
2022,Nov,AL,PDL,PHYSICAL,NEW,0
2022,Nov,AL,PDL,PHYSICAL,NON_NEW,0
2022,Nov,AL,PDL,PHYSICAL,,0
2022,Nov,AL,PDL,UNKNOWN,,0
2022,Nov,AL,PDL,,NEW,0
2022,Nov,AL,PDL,,NON_NEW,0
2022,Nov,CA,ILP,DIGITAL,NON_NEW,0
2022,Nov,CA,ILP,PHYSICAL,NON_NEW,0
2022,Nov,CA,PDL,DIGITAL,NEW,1504
2022,Nov,CA,PDL,DIGITAL,NON_NEW,18066
2022,Nov,CA,PDL,DIGITAL,,0
2022,Nov,CA,PDL,PHYSICAL,NEW,2225
2022,Nov,CA,PDL,PHYSICAL,NON_NEW,63049
2022,Nov,CA,PDL,PHYSICAL,,3
2022,Nov,CA,PDL,UNKNOWN,,-3
2022,Nov,CA,PDL,,NEW,0
2022,Nov,CA,PDL,,NON_NEW,0
2022,Nov,CA,PDL,,,0
2022,Nov,CO,ILP,DIGITAL,NEW,221
2022,Nov,CO,ILP,DIGITAL,NON_NEW,541
2022,Nov,CO,ILP,DIGITAL,,0
2022,Nov,CO,ILP,PHYSICAL,NEW,348
2022,Nov,CO,ILP,PHYSICAL,NON_NEW,2395
2022,Nov,CO,ILP,PHYSICAL,,-1
2022,Nov,CO,ILP,UNKNOWN,,-2
2022,Nov,CO,ILP,,NEW,0
2022,Nov,CO,PDL,DIGITAL,NEW,0
2022,Nov,CO,PDL,DIGITAL,NON_NEW,0
2022,Nov,CO,PDL,PHYSICAL,NON_NEW,0
2022,Nov,DE,ILP,DIGITAL,NEW,65
2022,Nov,DE,ILP,DIGITAL,NON_NEW,48
2022,Nov,DE,ILP,DIGITAL,,0
2022,Nov,DE,ILP,PHYSICAL,NEW,98
2022,Nov,DE,ILP,PHYSICAL,NON_NEW,251
2022,Nov,DE,ILP,PHYSICAL,,0
2022,Nov,DE,ILP,UNKNOWN,,0
2022,Nov,FL,ILP,DIGITAL,NEW,809
2022,Nov,FL,ILP,DIGITAL,NON_NEW,3715
2022,Nov,FL,ILP,DIGITAL,,0
2022,Nov,FL,ILP,PHYSICAL,NEW,1928
2022,Nov,FL,ILP,PHYSICAL,NON_NEW,17361
2022,Nov,FL,ILP,PHYSICAL,,0
2022,Nov,FL,ILP,UNKNOWN,,0
2022,Nov,FL,ILP,,NEW,0
2022,Nov,FL,ILP,,NON_NEW,0
2022,Nov,FL,ILP,,,0
2022,Nov,FL,PDL,DIGITAL,NEW,437
2022,Nov,FL,PDL,DIGITAL,NON_NEW,4935
2022,Nov,FL,PDL,DIGITAL,,0
2022,Nov,FL,PDL,PHYSICAL,NEW,1347
2022,Nov,FL,PDL,PHYSICAL,NON_NEW,31864
2022,Nov,FL,PDL,PHYSICAL,,0
2022,Nov,FL,PDL,UNKNOWN,,0
2022,Nov,FL,PDL,,NEW,0
2022,Nov,FL,PDL,,NON_NEW,0
2022,Nov,FL,PDL,,,0
2022,Nov,IA,ILP,PHYSICAL,NON_NEW,0
2022,Nov,IA,PDL,DIGITAL,NEW,121
2022,Nov,IA,PDL,DIGITAL,NON_NEW,1499
2022,Nov,IA,PDL,DIGITAL,,0
2022,Nov,IA,PDL,PHYSICAL,NEW,441
2022,Nov,IA,PDL,PHYSICAL,NON_NEW,10572
2022,Nov,IA,PDL,PHYSICAL,,1
2022,Nov,IA,PDL,UNKNOWN,,-1
2022,Nov,ID,ILP,DIGITAL,NEW,66
2022,Nov,ID,ILP,DIGITAL,NON_NEW,32
2022,Nov,ID,ILP,DIGITAL,,0
2022,Nov,ID,ILP,PHYSICAL,NEW,41
2022,Nov,ID,ILP,PHYSICAL,NON_NEW,118
2022,Nov,ID,ILP,PHYSICAL,,0
2022,Nov,ID,ILP,UNKNOWN,,0
2022,Nov,ID,PDL,DIGITAL,NON_NEW,0
2022,Nov,ID,PDL,PHYSICAL,NON_NEW,0
2022,Nov,IN,PDL,DIGITAL,NEW,414
2022,Nov,IN,PDL,DIGITAL,NON_NEW,2301
2022,Nov,IN,PDL,DIGITAL,,0
2022,Nov,IN,PDL,PHYSICAL,NEW,987
2022,Nov,IN,PDL,PHYSICAL,NON_NEW,18118
2022,Nov,IN,PDL,PHYSICAL,,-1
2022,Nov,IN,PDL,UNKNOWN,,0
2022,Nov,KS,ILP,DIGITAL,NON_NEW,0
2022,Nov,KS,ILP,PHYSICAL,NON_NEW,0
2022,Nov,KS,PDL,DIGITAL,NEW,59
2022,Nov,KS,PDL,DIGITAL,NON_NEW,493
2022,Nov,KS,PDL,DIGITAL,,-1
2022,Nov,KS,PDL,PHYSICAL,NEW,189
2022,Nov,KS,PDL,PHYSICAL,NON_NEW,2684
2022,Nov,KS,PDL,PHYSICAL,,-1
2022,Nov,KS,PDL,UNKNOWN,,-1
2022,Nov,KY,ILP,PHYSICAL,NON_NEW,0
2022,Nov,KY,PDL,DIGITAL,NON_NEW,5
2022,Nov,KY,PDL,PHYSICAL,NEW,454
2022,Nov,KY,PDL,PHYSICAL,NON_NEW,8787
2022,Nov,KY,PDL,PHYSICAL,,2
2022,Nov,KY,PDL,UNKNOWN,,1
2022,Nov,LA,ILP,PHYSICAL,NON_NEW,0
2022,Nov,LA,PDL,DIGITAL,NEW,173
2022,Nov,LA,PDL,DIGITAL,NON_NEW,2947
2022,Nov,LA,PDL,DIGITAL,,-1
2022,Nov,LA,PDL,PHYSICAL,NEW,603
2022,Nov,LA,PDL,PHYSICAL,NON_NEW,13838
2022,Nov,LA,PDL,PHYSICAL,,1
2022,Nov,LA,PDL,UNKNOWN,,0
2022,Nov,MI,ILP,DIGITAL,NON_NEW,0
2022,Nov,MI,ILP,PHYSICAL,NON_NEW,0
2022,Nov,MI,PDL,DIGITAL,NEW,768
2022,Nov,MI,PDL,DIGITAL,NON_NEW,11191
2022,Nov,MI,PDL,DIGITAL,,0
2022,Nov,MI,PDL,PHYSICAL,NEW,2591
2022,Nov,MI,PDL,PHYSICAL,NON_NEW,43865
2022,Nov,MI,PDL,PHYSICAL,,-1
2022,Nov,MI,PDL,UNKNOWN,,0
2022,Nov,MO,ILP,DIGITAL,NEW,208
2022,Nov,MO,ILP,DIGITAL,NON_NEW,312
2022,Nov,MO,ILP,DIGITAL,,1
2022,Nov,MO,ILP,PHYSICAL,NEW,472
2022,Nov,MO,ILP,PHYSICAL,NON_NEW,1414
2022,Nov,MO,ILP,PHYSICAL,,-3
2022,Nov,MO,ILP,UNKNOWN,,-1
2022,Nov,MO,PDL,DIGITAL,NEW,70
2022,Nov,MO,PDL,DIGITAL,NON_NEW,503
2022,Nov,MO,PDL,DIGITAL,,-1
2022,Nov,MO,PDL,PHYSICAL,NEW,295
2022,Nov,MO,PDL,PHYSICAL,NON_NEW,2965
2022,Nov,MO,PDL,PHYSICAL,,-1
2022,Nov,MO,PDL,UNKNOWN,,0
2022,Nov,MS,ILP,DIGITAL,NEW,225
2022,Nov,MS,ILP,DIGITAL,NON_NEW,294
2022,Nov,MS,ILP,DIGITAL,,-3
2022,Nov,MS,ILP,PHYSICAL,NEW,548
2022,Nov,MS,ILP,PHYSICAL,NON_NEW,1797
2022,Nov,MS,ILP,PHYSICAL,,-3
2022,Nov,MS,ILP,UNKNOWN,,0
2022,Nov,MS,PDL,DIGITAL,NEW,77
2022,Nov,MS,PDL,DIGITAL,NON_NEW,808
2022,Nov,MS,PDL,DIGITAL,,-2
2022,Nov,MS,PDL,PHYSICAL,NEW,619
2022,Nov,MS,PDL,PHYSICAL,NON_NEW,8132
2022,Nov,MS,PDL,PHYSICAL,,-1
2022,Nov,MS,PDL,UNKNOWN,,0
2022,Nov,NC,ILP,PHYSICAL,,0
2022,Nov,NC,ILP,UNKNOWN,,0
2022,Nov,NC,PDL,PHYSICAL,,0
2022,Nov,NV,ILP,DIGITAL,NEW,123
2022,Nov,NV,ILP,DIGITAL,NON_NEW,98
2022,Nov,NV,ILP,DIGITAL,,0
2022,Nov,NV,ILP,PHYSICAL,NEW,139
2022,Nov,NV,ILP,PHYSICAL,NON_NEW,442
2022,Nov,NV,ILP,PHYSICAL,,1
2022,Nov,NV,ILP,UNKNOWN,,0
2022,Nov,NV,PDL,DIGITAL,NEW,0
2022,Nov,NV,PDL,DIGITAL,NON_NEW,0
2022,Nov,NV,PDL,PHYSICAL,NEW,0
2022,Nov,NV,PDL,PHYSICAL,NON_NEW,0
2022,Nov,NV,PDL,PHYSICAL,,0
2022,Nov,NV,PDL,UNKNOWN,,0
2022,Nov,OH,ILP,DIGITAL,NEW,682
2022,Nov,OH,ILP,DIGITAL,NON_NEW,1627
2022,Nov,OH,ILP,DIGITAL,,1
2022,Nov,OH,ILP,PHYSICAL,NEW,1503
2022,Nov,OH,ILP,PHYSICAL,NON_NEW,6181
2022,Nov,OH,ILP,PHYSICAL,,3
2022,Nov,OH,ILP,UNKNOWN,,-2
2022,Nov,OH,ILP,,NEW,0
2022,Nov,OH,ILP,,,0
2022,Nov,OH,PDL,DIGITAL,NON_NEW,0
2022,Nov,OH,PDL,PHYSICAL,NON_NEW,0
2022,Nov,OK,ILP,DIGITAL,NEW,276
2022,Nov,OK,ILP,DIGITAL,NON_NEW,612
2022,Nov,OK,ILP,DIGITAL,,-1
2022,Nov,OK,ILP,PHYSICAL,NEW,527
2022,Nov,OK,ILP,PHYSICAL,NON_NEW,1982
2022,Nov,OK,ILP,PHYSICAL,,-3
2022,Nov,OK,ILP,UNKNOWN,,-1
2022,Nov,OK,PDL,PHYSICAL,NON_NEW,0
2022,Nov,RI,PDL,DIGITAL,NEW,73
2022,Nov,RI,PDL,DIGITAL,NON_NEW,540
2022,Nov,RI,PDL,DIGITAL,,0
2022,Nov,RI,PDL,PHYSICAL,NEW,259
2022,Nov,RI,PDL,PHYSICAL,NON_NEW,7822
2022,Nov,RI,PDL,PHYSICAL,,0
2022,Nov,RI,PDL,UNKNOWN,,1
2022,Nov,SC,PDL,DIGITAL,NEW,0
2022,Nov,SC,PDL,DIGITAL,NON_NEW,0
2022,Nov,SC,PDL,PHYSICAL,NEW,0
2022,Nov,SC,PDL,PHYSICAL,NON_NEW,0
2022,Nov,SC,PDL,PHYSICAL,,0
2022,Nov,SC,PDL,UNKNOWN,,0
2022,Nov,SC,PDL,,NON_NEW,0
2022,Nov,TN,ILP,DIGITAL,NON_NEW,0
2022,Nov,TN,ILP,PHYSICAL,NON_NEW,0
2022,Nov,TN,PDL,DIGITAL,NEW,84
2022,Nov,TN,PDL,DIGITAL,NON_NEW,668
2022,Nov,TN,PDL,DIGITAL,,0
2022,Nov,TN,PDL,PHYSICAL,NEW,377
2022,Nov,TN,PDL,PHYSICAL,NON_NEW,3399
2022,Nov,TN,PDL,PHYSICAL,,-1
2022,Nov,TN,PDL,UNKNOWN,,2
2022,Nov,TN,PDL,,NEW,0
2022,Nov,TN,PDL,,NON_NEW,0
2022,Nov,TN,PDL,,,0
2022,Nov,TX,ILP,DIGITAL,NEW,1040
2022,Nov,TX,ILP,DIGITAL,NON_NEW,2563
2022,Nov,TX,ILP,DIGITAL,,4
2022,Nov,TX,ILP,PHYSICAL,NEW,1834
2022,Nov,TX,ILP,PHYSICAL,NON_NEW,5796
2022,Nov,TX,ILP,PHYSICAL,,-4
2022,Nov,TX,ILP,UNKNOWN,,6
2022,Nov,TX,PDL,DIGITAL,NEW,433
2022,Nov,TX,PDL,DIGITAL,NON_NEW,2330
2022,Nov,TX,PDL,DIGITAL,,-1
2022,Nov,TX,PDL,PHYSICAL,NEW,1156
2022,Nov,TX,PDL,PHYSICAL,NON_NEW,6337
2022,Nov,TX,PDL,PHYSICAL,,-21
2022,Nov,TX,PDL,UNKNOWN,,-4
2022,Nov,UT,ILP,DIGITAL,NEW,48
2022,Nov,UT,ILP,DIGITAL,NON_NEW,32
2022,Nov,UT,ILP,DIGITAL,,0
2022,Nov,UT,ILP,PHYSICAL,NEW,26
2022,Nov,UT,ILP,PHYSICAL,NON_NEW,61
2022,Nov,UT,ILP,PHYSICAL,,0
2022,Nov,UT,ILP,UNKNOWN,,0
2022,Nov,UT,PDL,DIGITAL,NON_NEW,0
2022,Nov,UT,PDL,PHYSICAL,NEW,0
2022,Nov,UT,PDL,PHYSICAL,NON_NEW,0
2022,Nov,WI,ILP,DIGITAL,NEW,218
2022,Nov,WI,ILP,DIGITAL,NON_NEW,244
2022,Nov,WI,ILP,DIGITAL,,0
2022,Nov,WI,ILP,PHYSICAL,NEW,280
2022,Nov,WI,ILP,PHYSICAL,NON_NEW,686
2022,Nov,WI,ILP,PHYSICAL,,-3
2022,Nov,WI,ILP,UNKNOWN,,-1
2022,Nov,WI,PDL,DIGITAL,NON_NEW,0
2022,Nov,WI,PDL,PHYSICAL,NEW,0
2022,Nov,WI,PDL,PHYSICAL,NON_NEW,0
2022,Nov,WY,ILP,PHYSICAL,NON_NEW,0
2022,Nov,WY,PDL,DIGITAL,NEW,35
2022,Nov,WY,PDL,DIGITAL,NON_NEW,554
2022,Nov,WY,PDL,DIGITAL,,0
2022,Nov,WY,PDL,PHYSICAL,NEW,107
2022,Nov,WY,PDL,PHYSICAL,NON_NEW,3137
2022,Nov,WY,PDL,PHYSICAL,,0
2022,Nov,WY,PDL,UNKNOWN,,0
2022,Oct,AL,ILP,DIGITAL,NEW,359
2022,Oct,AL,ILP,DIGITAL,NON_NEW,727
2022,Oct,AL,ILP,DIGITAL,,0
2022,Oct,AL,ILP,PHYSICAL,NEW,680
2022,Oct,AL,ILP,PHYSICAL,NON_NEW,5942
2022,Oct,AL,ILP,PHYSICAL,,1
2022,Oct,AL,ILP,UNKNOWN,,2
2022,Oct,AL,PDL,DIGITAL,NEW,117
2022,Oct,AL,PDL,DIGITAL,NON_NEW,1156
2022,Oct,AL,PDL,DIGITAL,,0
2022,Oct,AL,PDL,PHYSICAL,NEW,613
2022,Oct,AL,PDL,PHYSICAL,NON_NEW,9197
2022,Oct,AL,PDL,PHYSICAL,,-2
2022,Oct,AL,PDL,UNKNOWN,,-2
2022,Oct,AL,PDL,,NEW,0
2022,Oct,AL,PDL,,NON_NEW,0
2022,Oct,CA,ILP,DIGITAL,NON_NEW,0
2022,Oct,CA,ILP,PHYSICAL,NON_NEW,0
2022,Oct,CA,PDL,DIGITAL,NEW,1835
2022,Oct,CA,PDL,DIGITAL,NON_NEW,17920
2022,Oct,CA,PDL,DIGITAL,,1
2022,Oct,CA,PDL,PHYSICAL,NEW,3116
2022,Oct,CA,PDL,PHYSICAL,NON_NEW,63671
2022,Oct,CA,PDL,PHYSICAL,,-3
2022,Oct,CA,PDL,UNKNOWN,,0
2022,Oct,CA,PDL,,NEW,0
2022,Oct,CA,PDL,,NON_NEW,0
2022,Oct,CA,PDL,,,0
2022,Oct,CO,ILP,DIGITAL,NEW,353
2022,Oct,CO,ILP,DIGITAL,NON_NEW,491
2022,Oct,CO,ILP,DIGITAL,,-2
2022,Oct,CO,ILP,PHYSICAL,NEW,427
2022,Oct,CO,ILP,PHYSICAL,NON_NEW,2392
2022,Oct,CO,ILP,PHYSICAL,,-1
2022,Oct,CO,ILP,UNKNOWN,,2
2022,Oct,CO,ILP,,NEW,0
2022,Oct,CO,PDL,DIGITAL,NEW,0
2022,Oct,CO,PDL,DIGITAL,NON_NEW,0
2022,Oct,CO,PDL,PHYSICAL,NON_NEW,0
2022,Oct,DE,ILP,DIGITAL,NEW,78
2022,Oct,DE,ILP,DIGITAL,NON_NEW,58
2022,Oct,DE,ILP,DIGITAL,,0
2022,Oct,DE,ILP,PHYSICAL,NEW,93
2022,Oct,DE,ILP,PHYSICAL,NON_NEW,212
2022,Oct,DE,ILP,PHYSICAL,,0
2022,Oct,DE,ILP,UNKNOWN,,0
2022,Oct,FL,ILP,DIGITAL,NEW,769
2022,Oct,FL,ILP,DIGITAL,NON_NEW,3587
2022,Oct,FL,ILP,DIGITAL,,0
2022,Oct,FL,ILP,PHYSICAL,NEW,2254
2022,Oct,FL,ILP,PHYSICAL,NON_NEW,17715
2022,Oct,FL,ILP,PHYSICAL,,-1
2022,Oct,FL,ILP,UNKNOWN,,0
2022,Oct,FL,ILP,,NEW,0
2022,Oct,FL,ILP,,NON_NEW,0
2022,Oct,FL,ILP,,,0
2022,Oct,FL,PDL,DIGITAL,NEW,521
2022,Oct,FL,PDL,DIGITAL,NON_NEW,5152
2022,Oct,FL,PDL,DIGITAL,,0
2022,Oct,FL,PDL,PHYSICAL,NEW,1950
2022,Oct,FL,PDL,PHYSICAL,NON_NEW,33764
2022,Oct,FL,PDL,PHYSICAL,,1
2022,Oct,FL,PDL,UNKNOWN,,0
2022,Oct,FL,PDL,,NEW,0
2022,Oct,FL,PDL,,NON_NEW,0
2022,Oct,FL,PDL,,,0
2022,Oct,IA,ILP,PHYSICAL,NON_NEW,0
2022,Oct,IA,PDL,DIGITAL,NEW,138
2022,Oct,IA,PDL,DIGITAL,NON_NEW,1526
2022,Oct,IA,PDL,DIGITAL,,-1
2022,Oct,IA,PDL,PHYSICAL,NEW,560
2022,Oct,IA,PDL,PHYSICAL,NON_NEW,11493
2022,Oct,IA,PDL,PHYSICAL,,0
2022,Oct,IA,PDL,UNKNOWN,,1
2022,Oct,ID,ILP,DIGITAL,NEW,66
2022,Oct,ID,ILP,DIGITAL,NON_NEW,34
2022,Oct,ID,ILP,DIGITAL,,0
2022,Oct,ID,ILP,PHYSICAL,NEW,39
2022,Oct,ID,ILP,PHYSICAL,NON_NEW,91
2022,Oct,ID,ILP,PHYSICAL,,-1
2022,Oct,ID,ILP,UNKNOWN,,-2
2022,Oct,ID,PDL,DIGITAL,NON_NEW,0
2022,Oct,ID,PDL,PHYSICAL,NON_NEW,0
2022,Oct,IN,PDL,DIGITAL,NEW,461
2022,Oct,IN,PDL,DIGITAL,NON_NEW,2256
2022,Oct,IN,PDL,DIGITAL,,0
2022,Oct,IN,PDL,PHYSICAL,NEW,1391
2022,Oct,IN,PDL,PHYSICAL,NON_NEW,18015
2022,Oct,IN,PDL,PHYSICAL,,1
2022,Oct,IN,PDL,UNKNOWN,,0
2022,Oct,KS,ILP,DIGITAL,NEW,0
2022,Oct,KS,ILP,DIGITAL,NON_NEW,0
2022,Oct,KS,ILP,PHYSICAL,NON_NEW,0
2022,Oct,KS,PDL,DIGITAL,NEW,68
2022,Oct,KS,PDL,DIGITAL,NON_NEW,482
2022,Oct,KS,PDL,DIGITAL,,-1
2022,Oct,KS,PDL,PHYSICAL,NEW,303
2022,Oct,KS,PDL,PHYSICAL,NON_NEW,2560
2022,Oct,KS,PDL,PHYSICAL,,0
2022,Oct,KS,PDL,UNKNOWN,,1
2022,Oct,KY,ILP,PHYSICAL,NON_NEW,0
2022,Oct,KY,PDL,DIGITAL,NON_NEW,2
2022,Oct,KY,PDL,PHYSICAL,NEW,559
2022,Oct,KY,PDL,PHYSICAL,NON_NEW,8648
2022,Oct,KY,PDL,PHYSICAL,,-1
2022,Oct,KY,PDL,UNKNOWN,,0
2022,Oct,LA,ILP,PHYSICAL,NON_NEW,0
2022,Oct,LA,PDL,DIGITAL,NEW,234
2022,Oct,LA,PDL,DIGITAL,NON_NEW,2849
2022,Oct,LA,PDL,DIGITAL,,1
2022,Oct,LA,PDL,PHYSICAL,NEW,861
2022,Oct,LA,PDL,PHYSICAL,NON_NEW,13194
2022,Oct,LA,PDL,PHYSICAL,,0
2022,Oct,LA,PDL,UNKNOWN,,-1
2022,Oct,MI,ILP,DIGITAL,NON_NEW,0
2022,Oct,MI,ILP,PHYSICAL,NON_NEW,0
2022,Oct,MI,PDL,DIGITAL,NEW,914
2022,Oct,MI,PDL,DIGITAL,NON_NEW,11275
2022,Oct,MI,PDL,DIGITAL,,-2
2022,Oct,MI,PDL,PHYSICAL,NEW,3102
2022,Oct,MI,PDL,PHYSICAL,NON_NEW,43738
2022,Oct,MI,PDL,PHYSICAL,,-9
2022,Oct,MI,PDL,UNKNOWN,,3
2022,Oct,MO,ILP,DIGITAL,NEW,219
2022,Oct,MO,ILP,DIGITAL,NON_NEW,291
2022,Oct,MO,ILP,DIGITAL,,-1
2022,Oct,MO,ILP,PHYSICAL,NEW,568
2022,Oct,MO,ILP,PHYSICAL,NON_NEW,1374
2022,Oct,MO,ILP,PHYSICAL,,-2
2022,Oct,MO,ILP,UNKNOWN,,1
2022,Oct,MO,PDL,DIGITAL,NEW,101
2022,Oct,MO,PDL,DIGITAL,NON_NEW,555
2022,Oct,MO,PDL,DIGITAL,,0
2022,Oct,MO,PDL,PHYSICAL,NEW,569
2022,Oct,MO,PDL,PHYSICAL,NON_NEW,3151
2022,Oct,MO,PDL,PHYSICAL,,0
2022,Oct,MO,PDL,UNKNOWN,,-2
2022,Oct,MS,ILP,DIGITAL,NEW,247
2022,Oct,MS,ILP,DIGITAL,NON_NEW,250
2022,Oct,MS,ILP,DIGITAL,,0
2022,Oct,MS,ILP,PHYSICAL,NEW,602
2022,Oct,MS,ILP,PHYSICAL,NON_NEW,1685
2022,Oct,MS,ILP,PHYSICAL,,-4
2022,Oct,MS,ILP,UNKNOWN,,0
2022,Oct,MS,PDL,DIGITAL,NEW,84
2022,Oct,MS,PDL,DIGITAL,NON_NEW,906
2022,Oct,MS,PDL,DIGITAL,,2
2022,Oct,MS,PDL,PHYSICAL,NEW,738
2022,Oct,MS,PDL,PHYSICAL,NON_NEW,8500
2022,Oct,MS,PDL,PHYSICAL,,0
2022,Oct,MS,PDL,UNKNOWN,,-1
2022,Oct,NC,ILP,UNKNOWN,,0
2022,Oct,NC,PDL,PHYSICAL,,0
2022,Oct,NV,ILP,DIGITAL,NEW,148
2022,Oct,NV,ILP,DIGITAL,NON_NEW,89
2022,Oct,NV,ILP,DIGITAL,,0
2022,Oct,NV,ILP,PHYSICAL,NEW,147
2022,Oct,NV,ILP,PHYSICAL,NON_NEW,417
2022,Oct,NV,ILP,PHYSICAL,,0
2022,Oct,NV,ILP,UNKNOWN,,0
2022,Oct,NV,PDL,DIGITAL,NEW,0
2022,Oct,NV,PDL,DIGITAL,NON_NEW,0
2022,Oct,NV,PDL,PHYSICAL,NEW,0
2022,Oct,NV,PDL,PHYSICAL,NON_NEW,0
2022,Oct,NV,PDL,PHYSICAL,,0
2022,Oct,NV,PDL,UNKNOWN,,0
2022,Oct,OH,ILP,DIGITAL,NEW,915
2022,Oct,OH,ILP,DIGITAL,NON_NEW,1425
2022,Oct,OH,ILP,DIGITAL,,0
2022,Oct,OH,ILP,PHYSICAL,NEW,1737
2022,Oct,OH,ILP,PHYSICAL,NON_NEW,5652
2022,Oct,OH,ILP,PHYSICAL,,0
2022,Oct,OH,ILP,UNKNOWN,,-3
2022,Oct,OH,ILP,,NEW,0
2022,Oct,OH,ILP,,,0
2022,Oct,OH,PDL,DIGITAL,NON_NEW,0
2022,Oct,OH,PDL,PHYSICAL,NON_NEW,0
2022,Oct,OK,ILP,DIGITAL,NEW,315
2022,Oct,OK,ILP,DIGITAL,NON_NEW,554
2022,Oct,OK,ILP,DIGITAL,,0
2022,Oct,OK,ILP,PHYSICAL,NEW,615
2022,Oct,OK,ILP,PHYSICAL,NON_NEW,1869
2022,Oct,OK,ILP,PHYSICAL,,-4
2022,Oct,OK,ILP,UNKNOWN,,1
2022,Oct,OK,PDL,PHYSICAL,NON_NEW,0
2022,Oct,RI,PDL,DIGITAL,NEW,71
2022,Oct,RI,PDL,DIGITAL,NON_NEW,493
2022,Oct,RI,PDL,DIGITAL,,-1
2022,Oct,RI,PDL,PHYSICAL,NEW,297
2022,Oct,RI,PDL,PHYSICAL,NON_NEW,7517
2022,Oct,RI,PDL,PHYSICAL,,0
2022,Oct,RI,PDL,UNKNOWN,,0
2022,Oct,SC,PDL,DIGITAL,NEW,0
2022,Oct,SC,PDL,DIGITAL,NON_NEW,0
2022,Oct,SC,PDL,PHYSICAL,NEW,0
2022,Oct,SC,PDL,PHYSICAL,NON_NEW,0
2022,Oct,SC,PDL,PHYSICAL,,0
2022,Oct,SC,PDL,UNKNOWN,,0
2022,Oct,SC,PDL,,NON_NEW,0
2022,Oct,TN,ILP,DIGITAL,NON_NEW,0
2022,Oct,TN,ILP,PHYSICAL,NON_NEW,0
2022,Oct,TN,PDL,DIGITAL,NEW,106
2022,Oct,TN,PDL,DIGITAL,NON_NEW,709
2022,Oct,TN,PDL,DIGITAL,,0
2022,Oct,TN,PDL,PHYSICAL,NEW,447
2022,Oct,TN,PDL,PHYSICAL,NON_NEW,3542
2022,Oct,TN,PDL,PHYSICAL,,1
2022,Oct,TN,PDL,UNKNOWN,,0
2022,Oct,TN,PDL,,NEW,0
2022,Oct,TN,PDL,,NON_NEW,0
2022,Oct,TN,PDL,,,0
2022,Oct,TX,ILP,DIGITAL,NEW,1207
2022,Oct,TX,ILP,DIGITAL,NON_NEW,2571
2022,Oct,TX,ILP,DIGITAL,,-3
2022,Oct,TX,ILP,PHYSICAL,NEW,1998
2022,Oct,TX,ILP,PHYSICAL,NON_NEW,5644
2022,Oct,TX,ILP,PHYSICAL,,-8
2022,Oct,TX,ILP,UNKNOWN,,-2
2022,Oct,TX,PDL,DIGITAL,NEW,490
2022,Oct,TX,PDL,DIGITAL,NON_NEW,2526
2022,Oct,TX,PDL,DIGITAL,,-1
2022,Oct,TX,PDL,PHYSICAL,NEW,1377
2022,Oct,TX,PDL,PHYSICAL,NON_NEW,6579
2022,Oct,TX,PDL,PHYSICAL,,-14
2022,Oct,TX,PDL,UNKNOWN,,-4
2022,Oct,UT,ILP,DIGITAL,NEW,67
2022,Oct,UT,ILP,DIGITAL,NON_NEW,26
2022,Oct,UT,ILP,DIGITAL,,0
2022,Oct,UT,ILP,PHYSICAL,NEW,31
2022,Oct,UT,ILP,PHYSICAL,NON_NEW,57
2022,Oct,UT,ILP,PHYSICAL,,0
2022,Oct,UT,ILP,UNKNOWN,,0
2022,Oct,UT,PDL,DIGITAL,NON_NEW,0
2022,Oct,UT,PDL,PHYSICAL,NEW,0
2022,Oct,UT,PDL,PHYSICAL,NON_NEW,0
2022,Oct,WI,ILP,DIGITAL,NEW,200
2022,Oct,WI,ILP,DIGITAL,NON_NEW,171
2022,Oct,WI,ILP,DIGITAL,,0
2022,Oct,WI,ILP,PHYSICAL,NEW,338
2022,Oct,WI,ILP,PHYSICAL,NON_NEW,653
2022,Oct,WI,ILP,PHYSICAL,,2
2022,Oct,WI,ILP,UNKNOWN,,1
2022,Oct,WI,PDL,DIGITAL,NON_NEW,0
2022,Oct,WI,PDL,PHYSICAL,NEW,0
2022,Oct,WI,PDL,PHYSICAL,NON_NEW,0
2022,Oct,WY,ILP,PHYSICAL,NON_NEW,0
2022,Oct,WY,PDL,DIGITAL,NEW,40
2022,Oct,WY,PDL,DIGITAL,NON_NEW,541
2022,Oct,WY,PDL,DIGITAL,,0
2022,Oct,WY,PDL,PHYSICAL,NEW,169
2022,Oct,WY,PDL,PHYSICAL,NON_NEW,3173
2022,Oct,WY,PDL,PHYSICAL,,0
2022,Oct,WY,PDL,UNKNOWN,,0
2022,Sep,AL,ILP,DIGITAL,NEW,142
2022,Sep,AL,ILP,DIGITAL,NON_NEW,116
2022,Sep,AL,ILP,PHYSICAL,NEW,159
2022,Sep,AL,ILP,PHYSICAL,NON_NEW,441
2022,Sep,AL,ILP,PHYSICAL,,5
2022,Sep,AL,ILP,UNKNOWN,,9
2022,Sep,AL,PDL,DIGITAL,NEW,296
2022,Sep,AL,PDL,DIGITAL,NON_NEW,2241
2022,Sep,AL,PDL,DIGITAL,,6
2022,Sep,AL,PDL,PHYSICAL,NEW,1303
2022,Sep,AL,PDL,PHYSICAL,NON_NEW,18299
2022,Sep,AL,PDL,PHYSICAL,,61
2022,Sep,AL,PDL,UNKNOWN,,23
2022,Sep,AL,PDL,,NON_NEW,1
2022,Sep,CA,PDL,DIGITAL,NEW,1940
2022,Sep,CA,PDL,DIGITAL,NON_NEW,18084
2022,Sep,CA,PDL,DIGITAL,,40
2022,Sep,CA,PDL,PHYSICAL,NEW,3401
2022,Sep,CA,PDL,PHYSICAL,NON_NEW,68269
2022,Sep,CA,PDL,PHYSICAL,,169
2022,Sep,CA,PDL,UNKNOWN,,73
2022,Sep,CO,ILP,DIGITAL,NEW,367
2022,Sep,CO,ILP,DIGITAL,NON_NEW,491
2022,Sep,CO,ILP,PHYSICAL,NEW,428
2022,Sep,CO,ILP,PHYSICAL,NON_NEW,2453
2022,Sep,CO,ILP,PHYSICAL,,9
2022,Sep,CO,ILP,UNKNOWN,,10
2022,Sep,DE,ILP,DIGITAL,NEW,80
2022,Sep,DE,ILP,DIGITAL,NON_NEW,41
2022,Sep,DE,ILP,PHYSICAL,NEW,103
2022,Sep,DE,ILP,PHYSICAL,NON_NEW,211
2022,Sep,DE,ILP,PHYSICAL,,2
2022,Sep,DE,ILP,UNKNOWN,,3
2022,Sep,FL,ILP,DIGITAL,NEW,967
2022,Sep,FL,ILP,DIGITAL,NON_NEW,3256
2022,Sep,FL,ILP,DIGITAL,,13
2022,Sep,FL,ILP,PHYSICAL,NEW,2478
2022,Sep,FL,ILP,PHYSICAL,NON_NEW,16860
2022,Sep,FL,ILP,PHYSICAL,,58
2022,Sep,FL,ILP,UNKNOWN,,26
2022,Sep,FL,PDL,DIGITAL,NEW,674
2022,Sep,FL,PDL,DIGITAL,NON_NEW,4996
2022,Sep,FL,PDL,DIGITAL,,9
2022,Sep,FL,PDL,PHYSICAL,NEW,2117
2022,Sep,FL,PDL,PHYSICAL,NON_NEW,32631
2022,Sep,FL,PDL,PHYSICAL,,115
2022,Sep,FL,PDL,UNKNOWN,,29
2022,Sep,IA,PDL,DIGITAL,NEW,200
2022,Sep,IA,PDL,DIGITAL,NON_NEW,1326
2022,Sep,IA,PDL,DIGITAL,,13
2022,Sep,IA,PDL,PHYSICAL,NEW,595
2022,Sep,IA,PDL,PHYSICAL,NON_NEW,10831
2022,Sep,IA,PDL,PHYSICAL,,28
2022,Sep,IA,PDL,UNKNOWN,,7
2022,Sep,ID,ILP,DIGITAL,NEW,79
2022,Sep,ID,ILP,DIGITAL,NON_NEW,35
2022,Sep,ID,ILP,DIGITAL,,1
2022,Sep,ID,ILP,PHYSICAL,NEW,33
2022,Sep,ID,ILP,PHYSICAL,NON_NEW,109
2022,Sep,ID,ILP,PHYSICAL,,1
2022,Sep,ID,ILP,UNKNOWN,,3
2022,Sep,IN,PDL,DIGITAL,NEW,474
2022,Sep,IN,PDL,DIGITAL,NON_NEW,2162
2022,Sep,IN,PDL,DIGITAL,,3
2022,Sep,IN,PDL,PHYSICAL,NEW,1544
2022,Sep,IN,PDL,PHYSICAL,NON_NEW,19629
2022,Sep,IN,PDL,PHYSICAL,,44
2022,Sep,IN,PDL,UNKNOWN,,17
2022,Sep,KS,PDL,DIGITAL,NEW,84
2022,Sep,KS,PDL,DIGITAL,NON_NEW,456
2022,Sep,KS,PDL,DIGITAL,,2
2022,Sep,KS,PDL,PHYSICAL,NEW,300
2022,Sep,KS,PDL,PHYSICAL,NON_NEW,2878
2022,Sep,KS,PDL,PHYSICAL,,26
2022,Sep,KS,PDL,UNKNOWN,,7
2022,Sep,KY,PDL,DIGITAL,NON_NEW,2
2022,Sep,KY,PDL,PHYSICAL,NEW,604
2022,Sep,KY,PDL,PHYSICAL,NON_NEW,9442
2022,Sep,KY,PDL,PHYSICAL,,28
2022,Sep,KY,PDL,UNKNOWN,,6
2022,Sep,LA,PDL,DIGITAL,NEW,229
2022,Sep,LA,PDL,DIGITAL,NON_NEW,3130
2022,Sep,LA,PDL,DIGITAL,,4
2022,Sep,LA,PDL,PHYSICAL,NEW,954
2022,Sep,LA,PDL,PHYSICAL,NON_NEW,15016
2022,Sep,LA,PDL,PHYSICAL,,41
2022,Sep,LA,PDL,UNKNOWN,,11
2022,Sep,MI,PDL,DIGITAL,NEW,949
2022,Sep,MI,PDL,DIGITAL,NON_NEW,11128
2022,Sep,MI,PDL,DIGITAL,,23
2022,Sep,MI,PDL,PHYSICAL,NEW,2938
2022,Sep,MI,PDL,PHYSICAL,NON_NEW,45076
2022,Sep,MI,PDL,PHYSICAL,,144
2022,Sep,MI,PDL,UNKNOWN,,39
2022,Sep,MO,ILP,DIGITAL,NEW,249
2022,Sep,MO,ILP,DIGITAL,NON_NEW,250
2022,Sep,MO,ILP,DIGITAL,,1
2022,Sep,MO,ILP,PHYSICAL,NEW,590
2022,Sep,MO,ILP,PHYSICAL,NON_NEW,1360
2022,Sep,MO,ILP,PHYSICAL,,23
2022,Sep,MO,ILP,UNKNOWN,,14
2022,Sep,MO,PDL,DIGITAL,NEW,106
2022,Sep,MO,PDL,DIGITAL,NON_NEW,641
2022,Sep,MO,PDL,PHYSICAL,NEW,549
2022,Sep,MO,PDL,PHYSICAL,NON_NEW,3726
2022,Sep,MO,PDL,PHYSICAL,,27
2022,Sep,MO,PDL,UNKNOWN,,8
2022,Sep,MS,ILP,DIGITAL,NEW,325
2022,Sep,MS,ILP,DIGITAL,NON_NEW,254
2022,Sep,MS,ILP,DIGITAL,,1
2022,Sep,MS,ILP,PHYSICAL,NEW,678
2022,Sep,MS,ILP,PHYSICAL,NON_NEW,1730
2022,Sep,MS,ILP,PHYSICAL,,28
2022,Sep,MS,ILP,UNKNOWN,,15
2022,Sep,MS,PDL,DIGITAL,NEW,96
2022,Sep,MS,PDL,DIGITAL,NON_NEW,908
2022,Sep,MS,PDL,DIGITAL,,2
2022,Sep,MS,PDL,PHYSICAL,NEW,864
2022,Sep,MS,PDL,PHYSICAL,NON_NEW,10286
2022,Sep,MS,PDL,PHYSICAL,,45
2022,Sep,MS,PDL,UNKNOWN,,11
2022,Sep,NV,ILP,DIGITAL,NEW,164
2022,Sep,NV,ILP,DIGITAL,NON_NEW,81
2022,Sep,NV,ILP,DIGITAL,,1
2022,Sep,NV,ILP,PHYSICAL,NEW,163
2022,Sep,NV,ILP,PHYSICAL,NON_NEW,458
2022,Sep,NV,ILP,PHYSICAL,,17
2022,Sep,NV,ILP,UNKNOWN,,10
2022,Sep,OH,ILP,DIGITAL,NEW,999
2022,Sep,OH,ILP,DIGITAL,NON_NEW,1361
2022,Sep,OH,ILP,DIGITAL,,4
2022,Sep,OH,ILP,PHYSICAL,NEW,1679
2022,Sep,OH,ILP,PHYSICAL,NON_NEW,5804
2022,Sep,OH,ILP,PHYSICAL,,48
2022,Sep,OH,ILP,UNKNOWN,,41
2022,Sep,OK,ILP,DIGITAL,NEW,365
2022,Sep,OK,ILP,DIGITAL,NON_NEW,586
2022,Sep,OK,ILP,DIGITAL,,9
2022,Sep,OK,ILP,PHYSICAL,NEW,586
2022,Sep,OK,ILP,PHYSICAL,NON_NEW,1901
2022,Sep,OK,ILP,PHYSICAL,,18
2022,Sep,OK,ILP,UNKNOWN,,22
2022,Sep,RI,PDL,DIGITAL,NEW,104
2022,Sep,RI,PDL,DIGITAL,NON_NEW,492
2022,Sep,RI,PDL,DIGITAL,,1
2022,Sep,RI,PDL,PHYSICAL,NEW,389
2022,Sep,RI,PDL,PHYSICAL,NON_NEW,8637
2022,Sep,RI,PDL,PHYSICAL,,16
2022,Sep,RI,PDL,UNKNOWN,,3
2022,Sep,TN,PDL,DIGITAL,NEW,131
2022,Sep,TN,PDL,DIGITAL,NON_NEW,711
2022,Sep,TN,PDL,DIGITAL,,1
2022,Sep,TN,PDL,PHYSICAL,NEW,651
2022,Sep,TN,PDL,PHYSICAL,NON_NEW,4467
2022,Sep,TN,PDL,PHYSICAL,,18
2022,Sep,TN,PDL,UNKNOWN,,9
2022,Sep,TX,ILP,DIGITAL,NEW,1454
2022,Sep,TX,ILP,DIGITAL,NON_NEW,2321
2022,Sep,TX,ILP,DIGITAL,,23
2022,Sep,TX,ILP,PHYSICAL,NEW,2036
2022,Sep,TX,ILP,PHYSICAL,NON_NEW,5533
2022,Sep,TX,ILP,PHYSICAL,,83
2022,Sep,TX,ILP,UNKNOWN,,69
2022,Sep,TX,PDL,DIGITAL,NEW,531
2022,Sep,TX,PDL,DIGITAL,NON_NEW,3129
2022,Sep,TX,PDL,DIGITAL,,20
2022,Sep,TX,PDL,PHYSICAL,NEW,1950
2022,Sep,TX,PDL,PHYSICAL,NON_NEW,7822
2022,Sep,TX,PDL,PHYSICAL,,270
2022,Sep,TX,PDL,UNKNOWN,,69
2022,Sep,UT,ILP,DIGITAL,NEW,69
2022,Sep,UT,ILP,DIGITAL,NON_NEW,25
2022,Sep,UT,ILP,PHYSICAL,NEW,34
2022,Sep,UT,ILP,PHYSICAL,NON_NEW,73
2022,Sep,UT,ILP,PHYSICAL,,1
2022,Sep,UT,ILP,UNKNOWN,,5
2022,Sep,WI,ILP,DIGITAL,NEW,219
2022,Sep,WI,ILP,DIGITAL,NON_NEW,164
2022,Sep,WI,ILP,DIGITAL,,3
2022,Sep,WI,ILP,PHYSICAL,NEW,316
2022,Sep,WI,ILP,PHYSICAL,NON_NEW,621
2022,Sep,WI,ILP,PHYSICAL,,13
2022,Sep,WI,ILP,UNKNOWN,,16
2022,Sep,WY,PDL,DIGITAL,NEW,51
2022,Sep,WY,PDL,DIGITAL,NON_NEW,552
2022,Sep,WY,PDL,DIGITAL,,3
2022,Sep,WY,PDL,PHYSICAL,NEW,169
2022,Sep,WY,PDL,PHYSICAL,NON_NEW,3397
2022,Sep,WY,PDL,PHYSICAL,,13
2022,Sep,WY,PDL,UNKNOWN,,1
2023,Apr,AL,ILP,DIGITAL,NEW,133
2023,Apr,AL,ILP,DIGITAL,NON_NEW,526
2023,Apr,AL,ILP,DIGITAL,,1
2023,Apr,AL,ILP,PHYSICAL,NEW,520
2023,Apr,AL,ILP,PHYSICAL,NON_NEW,3391
2023,Apr,AL,ILP,PHYSICAL,,-4
2023,Apr,AL,ILP,UNKNOWN,,-1
2023,Apr,AL,PDL,DIGITAL,NEW,0
2023,Apr,AL,PDL,DIGITAL,NON_NEW,0
2023,Apr,AL,PDL,DIGITAL,,0
2023,Apr,AL,PDL,PHYSICAL,NEW,0
2023,Apr,AL,PDL,PHYSICAL,NON_NEW,0
2023,Apr,AL,PDL,PHYSICAL,,0
2023,Apr,AL,PDL,UNKNOWN,,0
2023,Apr,AL,PDL,,NEW,0
2023,Apr,AL,PDL,,NON_NEW,0
2023,Apr,CA,ILP,DIGITAL,NON_NEW,0
2023,Apr,CA,ILP,PHYSICAL,NON_NEW,0
2023,Apr,CA,PDL,DIGITAL,NEW,755
2023,Apr,CA,PDL,DIGITAL,NON_NEW,15927
2023,Apr,CA,PDL,DIGITAL,,2
2023,Apr,CA,PDL,PHYSICAL,NEW,2015
2023,Apr,CA,PDL,PHYSICAL,NON_NEW,54306
2023,Apr,CA,PDL,PHYSICAL,,-3
2023,Apr,CA,PDL,UNKNOWN,,-3
2023,Apr,CA,PDL,,NEW,0
2023,Apr,CA,PDL,,NON_NEW,0
2023,Apr,CA,PDL,,,0
2023,Apr,CO,ILP,DIGITAL,NEW,98
2023,Apr,CO,ILP,DIGITAL,NON_NEW,644
2023,Apr,CO,ILP,DIGITAL,,0
2023,Apr,CO,ILP,PHYSICAL,NEW,311
2023,Apr,CO,ILP,PHYSICAL,NON_NEW,2429
2023,Apr,CO,ILP,PHYSICAL,,-1
2023,Apr,CO,ILP,UNKNOWN,,-2
2023,Apr,CO,ILP,,NEW,0
2023,Apr,CO,PDL,DIGITAL,NEW,0
2023,Apr,CO,PDL,DIGITAL,NON_NEW,0
2023,Apr,CO,PDL,PHYSICAL,NON_NEW,0
2023,Apr,DE,ILP,DIGITAL,NEW,29
2023,Apr,DE,ILP,DIGITAL,NON_NEW,75
2023,Apr,DE,ILP,DIGITAL,,1
2023,Apr,DE,ILP,PHYSICAL,NEW,114
2023,Apr,DE,ILP,PHYSICAL,NON_NEW,237
2023,Apr,DE,ILP,PHYSICAL,,0
2023,Apr,DE,ILP,UNKNOWN,,0
2023,Apr,FL,ILP,DIGITAL,NEW,455
2023,Apr,FL,ILP,DIGITAL,NON_NEW,3710
2023,Apr,FL,ILP,DIGITAL,,0
2023,Apr,FL,ILP,PHYSICAL,NEW,1689
2023,Apr,FL,ILP,PHYSICAL,NON_NEW,17726
2023,Apr,FL,ILP,PHYSICAL,,-2
2023,Apr,FL,ILP,UNKNOWN,,1
2023,Apr,FL,ILP,,NEW,0
2023,Apr,FL,ILP,,NON_NEW,0
2023,Apr,FL,ILP,,,0
2023,Apr,FL,PDL,DIGITAL,NEW,254
2023,Apr,FL,PDL,DIGITAL,NON_NEW,4544
2023,Apr,FL,PDL,DIGITAL,,0
2023,Apr,FL,PDL,PHYSICAL,NEW,1053
2023,Apr,FL,PDL,PHYSICAL,NON_NEW,27897
2023,Apr,FL,PDL,PHYSICAL,,5
2023,Apr,FL,PDL,UNKNOWN,,0
2023,Apr,FL,PDL,,NEW,0
2023,Apr,FL,PDL,,NON_NEW,0
2023,Apr,FL,PDL,,,0
2023,Apr,IA,ILP,PHYSICAL,NON_NEW,0
2023,Apr,IA,PDL,DIGITAL,NEW,52
2023,Apr,IA,PDL,DIGITAL,NON_NEW,1425
2023,Apr,IA,PDL,DIGITAL,,1
2023,Apr,IA,PDL,PHYSICAL,NEW,357
2023,Apr,IA,PDL,PHYSICAL,NON_NEW,9479
2023,Apr,IA,PDL,PHYSICAL,,3
2023,Apr,IA,PDL,UNKNOWN,,0
2023,Apr,ID,ILP,DIGITAL,NEW,28
2023,Apr,ID,ILP,DIGITAL,NON_NEW,64
2023,Apr,ID,ILP,DIGITAL,,0
2023,Apr,ID,ILP,PHYSICAL,NEW,32
2023,Apr,ID,ILP,PHYSICAL,NON_NEW,97
2023,Apr,ID,ILP,PHYSICAL,,0
2023,Apr,ID,ILP,UNKNOWN,,-1
2023,Apr,ID,PDL,PHYSICAL,NON_NEW,0
2023,Apr,IN,PDL,DIGITAL,NEW,164
2023,Apr,IN,PDL,DIGITAL,NON_NEW,2155
2023,Apr,IN,PDL,DIGITAL,,0
2023,Apr,IN,PDL,PHYSICAL,NEW,807
2023,Apr,IN,PDL,PHYSICAL,NON_NEW,14877
2023,Apr,IN,PDL,PHYSICAL,,1
2023,Apr,IN,PDL,UNKNOWN,,0
2023,Apr,KS,ILP,DIGITAL,NON_NEW,0
2023,Apr,KS,ILP,PHYSICAL,NON_NEW,0
2023,Apr,KS,PDL,DIGITAL,NEW,27
2023,Apr,KS,PDL,DIGITAL,NON_NEW,465
2023,Apr,KS,PDL,DIGITAL,,0
2023,Apr,KS,PDL,PHYSICAL,NEW,195
2023,Apr,KS,PDL,PHYSICAL,NON_NEW,2143
2023,Apr,KS,PDL,PHYSICAL,,0
2023,Apr,KS,PDL,UNKNOWN,,0
2023,Apr,KY,ILP,PHYSICAL,NON_NEW,0
2023,Apr,KY,PDL,DIGITAL,NON_NEW,5
2023,Apr,KY,PDL,PHYSICAL,NEW,360
2023,Apr,KY,PDL,PHYSICAL,NON_NEW,7405
2023,Apr,KY,PDL,PHYSICAL,,0
2023,Apr,KY,PDL,UNKNOWN,,0
2023,Apr,LA,ILP,PHYSICAL,NON_NEW,0
2023,Apr,LA,PDL,DIGITAL,NEW,83
2023,Apr,LA,PDL,DIGITAL,NON_NEW,2461
2023,Apr,LA,PDL,DIGITAL,,0
2023,Apr,LA,PDL,PHYSICAL,NEW,584
2023,Apr,LA,PDL,PHYSICAL,NON_NEW,11357
2023,Apr,LA,PDL,PHYSICAL,,-3
2023,Apr,LA,PDL,UNKNOWN,,0
2023,Apr,MI,ILP,DIGITAL,NON_NEW,0
2023,Apr,MI,ILP,PHYSICAL,NON_NEW,0
2023,Apr,MI,PDL,DIGITAL,NEW,378
2023,Apr,MI,PDL,DIGITAL,NON_NEW,9935
2023,Apr,MI,PDL,DIGITAL,,-1
2023,Apr,MI,PDL,PHYSICAL,NEW,2192
2023,Apr,MI,PDL,PHYSICAL,NON_NEW,39488
2023,Apr,MI,PDL,PHYSICAL,,-1
2023,Apr,MI,PDL,UNKNOWN,,2
2023,Apr,MO,ILP,DIGITAL,NEW,97
2023,Apr,MO,ILP,DIGITAL,NON_NEW,324
2023,Apr,MO,ILP,DIGITAL,,0
2023,Apr,MO,ILP,PHYSICAL,NEW,450
2023,Apr,MO,ILP,PHYSICAL,NON_NEW,1276
2023,Apr,MO,ILP,PHYSICAL,,0
2023,Apr,MO,ILP,UNKNOWN,,0
2023,Apr,MO,PDL,DIGITAL,NEW,25
2023,Apr,MO,PDL,DIGITAL,NON_NEW,238
2023,Apr,MO,PDL,DIGITAL,,0
2023,Apr,MO,PDL,PHYSICAL,NEW,283
2023,Apr,MO,PDL,PHYSICAL,NON_NEW,1425
2023,Apr,MO,PDL,PHYSICAL,,-3
2023,Apr,MO,PDL,UNKNOWN,,0
2023,Apr,MS,ILP,DIGITAL,NEW,119
2023,Apr,MS,ILP,DIGITAL,NON_NEW,364
2023,Apr,MS,ILP,DIGITAL,,-1
2023,Apr,MS,ILP,PHYSICAL,NEW,668
2023,Apr,MS,ILP,PHYSICAL,NON_NEW,2112
2023,Apr,MS,ILP,PHYSICAL,,1
2023,Apr,MS,ILP,UNKNOWN,,1
2023,Apr,MS,PDL,DIGITAL,NEW,31
2023,Apr,MS,PDL,DIGITAL,NON_NEW,401
2023,Apr,MS,PDL,DIGITAL,,0
2023,Apr,MS,PDL,PHYSICAL,NEW,562
2023,Apr,MS,PDL,PHYSICAL,NON_NEW,4549
2023,Apr,MS,PDL,PHYSICAL,,1
2023,Apr,MS,PDL,UNKNOWN,,0
2023,Apr,NC,ILP,PHYSICAL,,0
2023,Apr,NC,ILP,UNKNOWN,,0
2023,Apr,NC,PDL,PHYSICAL,,0
2023,Apr,NV,ILP,DIGITAL,NEW,52
2023,Apr,NV,ILP,DIGITAL,NON_NEW,118
2023,Apr,NV,ILP,DIGITAL,,0
2023,Apr,NV,ILP,PHYSICAL,NEW,101
2023,Apr,NV,ILP,PHYSICAL,NON_NEW,451
2023,Apr,NV,ILP,PHYSICAL,,0
2023,Apr,NV,ILP,UNKNOWN,,-1
2023,Apr,NV,PDL,DIGITAL,NEW,0
2023,Apr,NV,PDL,DIGITAL,NON_NEW,0
2023,Apr,NV,PDL,PHYSICAL,NEW,0
2023,Apr,NV,PDL,PHYSICAL,NON_NEW,0
2023,Apr,NV,PDL,PHYSICAL,,0
2023,Apr,NV,PDL,UNKNOWN,,0
2023,Apr,OH,ILP,DIGITAL,NEW,296
2023,Apr,OH,ILP,DIGITAL,NON_NEW,1586
2023,Apr,OH,ILP,DIGITAL,,-1
2023,Apr,OH,ILP,PHYSICAL,NEW,942
2023,Apr,OH,ILP,PHYSICAL,NON_NEW,5933
2023,Apr,OH,ILP,PHYSICAL,,1
2023,Apr,OH,ILP,UNKNOWN,,0
2023,Apr,OH,ILP,,NEW,0
2023,Apr,OH,ILP,,,0
2023,Apr,OH,PDL,DIGITAL,NON_NEW,0
2023,Apr,OH,PDL,PHYSICAL,NON_NEW,0
2023,Apr,OK,ILP,DIGITAL,NEW,153
2023,Apr,OK,ILP,DIGITAL,NON_NEW,662
2023,Apr,OK,ILP,DIGITAL,,0
2023,Apr,OK,ILP,PHYSICAL,NEW,552
2023,Apr,OK,ILP,PHYSICAL,NON_NEW,2008
2023,Apr,OK,ILP,PHYSICAL,,-4
2023,Apr,OK,ILP,UNKNOWN,,0
2023,Apr,OK,PDL,PHYSICAL,NON_NEW,0
2023,Apr,RI,PDL,DIGITAL,NEW,22
2023,Apr,RI,PDL,DIGITAL,NON_NEW,541
2023,Apr,RI,PDL,DIGITAL,,0
2023,Apr,RI,PDL,PHYSICAL,NEW,211
2023,Apr,RI,PDL,PHYSICAL,NON_NEW,6723
2023,Apr,RI,PDL,PHYSICAL,,-1
2023,Apr,RI,PDL,UNKNOWN,,-1
2023,Apr,SC,PDL,DIGITAL,NEW,0
2023,Apr,SC,PDL,DIGITAL,NON_NEW,0
2023,Apr,SC,PDL,PHYSICAL,NEW,0
2023,Apr,SC,PDL,PHYSICAL,NON_NEW,0
2023,Apr,SC,PDL,PHYSICAL,,0
2023,Apr,SC,PDL,UNKNOWN,,0
2023,Apr,SC,PDL,,NON_NEW,0
2023,Apr,TN,ILP,DIGITAL,NON_NEW,0
2023,Apr,TN,ILP,PHYSICAL,NON_NEW,0
2023,Apr,TN,PDL,DIGITAL,NEW,36
2023,Apr,TN,PDL,DIGITAL,NON_NEW,587
2023,Apr,TN,PDL,DIGITAL,,0
2023,Apr,TN,PDL,PHYSICAL,NEW,311
2023,Apr,TN,PDL,PHYSICAL,NON_NEW,2337
2023,Apr,TN,PDL,PHYSICAL,,0
2023,Apr,TN,PDL,UNKNOWN,,0
2023,Apr,TN,PDL,,NEW,0
2023,Apr,TN,PDL,,NON_NEW,0
2023,Apr,TN,PDL,,,0
2023,Apr,TX,ILP,DIGITAL,NEW,590
2023,Apr,TX,ILP,DIGITAL,NON_NEW,2385
2023,Apr,TX,ILP,DIGITAL,,0
2023,Apr,TX,ILP,PHYSICAL,NEW,1691
2023,Apr,TX,ILP,PHYSICAL,NON_NEW,5695
2023,Apr,TX,ILP,PHYSICAL,,0
2023,Apr,TX,ILP,UNKNOWN,,5
2023,Apr,TX,PDL,DIGITAL,NEW,195
2023,Apr,TX,PDL,DIGITAL,NON_NEW,1193
2023,Apr,TX,PDL,DIGITAL,,0
2023,Apr,TX,PDL,PHYSICAL,NEW,921
2023,Apr,TX,PDL,PHYSICAL,NON_NEW,3752
2023,Apr,TX,PDL,PHYSICAL,,-21
2023,Apr,TX,PDL,UNKNOWN,,1
2023,Apr,UT,ILP,DIGITAL,NEW,6
2023,Apr,UT,ILP,DIGITAL,NON_NEW,35
2023,Apr,UT,ILP,DIGITAL,,0
2023,Apr,UT,ILP,PHYSICAL,NEW,27
2023,Apr,UT,ILP,PHYSICAL,NON_NEW,51
2023,Apr,UT,ILP,PHYSICAL,,0
2023,Apr,UT,ILP,UNKNOWN,,0
2023,Apr,UT,PDL,DIGITAL,NON_NEW,0
2023,Apr,UT,PDL,PHYSICAL,NEW,0
2023,Apr,UT,PDL,PHYSICAL,NON_NEW,0
2023,Apr,WI,ILP,DIGITAL,NEW,105
2023,Apr,WI,ILP,DIGITAL,NON_NEW,271
2023,Apr,WI,ILP,DIGITAL,,0
2023,Apr,WI,ILP,PHYSICAL,NEW,324
2023,Apr,WI,ILP,PHYSICAL,NON_NEW,680
2023,Apr,WI,ILP,PHYSICAL,,-1
2023,Apr,WI,ILP,UNKNOWN,,0
2023,Apr,WI,PDL,DIGITAL,NON_NEW,0
2023,Apr,WI,PDL,PHYSICAL,NEW,0
2023,Apr,WI,PDL,PHYSICAL,NON_NEW,0
2023,Apr,WY,ILP,PHYSICAL,NON_NEW,0
2023,Apr,WY,PDL,DIGITAL,NEW,21
2023,Apr,WY,PDL,DIGITAL,NON_NEW,500
2023,Apr,WY,PDL,DIGITAL,,0
2023,Apr,WY,PDL,PHYSICAL,NEW,133
2023,Apr,WY,PDL,PHYSICAL,NON_NEW,2651
2023,Apr,WY,PDL,PHYSICAL,,1
2023,Apr,WY,PDL,UNKNOWN,,0
2023,Aug,AL,ILP,DIGITAL,NEW,509
2023,Aug,AL,ILP,DIGITAL,NON_NEW,594
2023,Aug,AL,ILP,DIGITAL,,-2
2023,Aug,AL,ILP,PHYSICAL,NEW,1732
2023,Aug,AL,ILP,PHYSICAL,NON_NEW,3803
2023,Aug,AL,ILP,PHYSICAL,,-11
2023,Aug,AL,ILP,UNKNOWN,NEW,14
2023,Aug,AL,ILP,UNKNOWN,,-17
2023,Aug,AL,PDL,DIGITAL,NEW,0
2023,Aug,AL,PDL,DIGITAL,NON_NEW,0
2023,Aug,AL,PDL,DIGITAL,,0
2023,Aug,AL,PDL,PHYSICAL,NEW,0
2023,Aug,AL,PDL,PHYSICAL,NON_NEW,0
2023,Aug,AL,PDL,PHYSICAL,,0
2023,Aug,AL,PDL,UNKNOWN,,0
2023,Aug,AL,PDL,,NEW,0
2023,Aug,AL,PDL,,NON_NEW,0
2023,Aug,CA,ILP,DIGITAL,NON_NEW,0
2023,Aug,CA,ILP,PHYSICAL,NON_NEW,0
2023,Aug,CA,PDL,DIGITAL,NEW,1280
2023,Aug,CA,PDL,DIGITAL,NON_NEW,18690
2023,Aug,CA,PDL,DIGITAL,,-15
2023,Aug,CA,PDL,PHYSICAL,NEW,3013
2023,Aug,CA,PDL,PHYSICAL,NON_NEW,65377
2023,Aug,CA,PDL,PHYSICAL,,-72
2023,Aug,CA,PDL,UNKNOWN,NEW,12
2023,Aug,CA,PDL,UNKNOWN,,-19
2023,Aug,CA,PDL,,NEW,0
2023,Aug,CA,PDL,,NON_NEW,0
2023,Aug,CA,PDL,,,0
2023,Aug,CO,ILP,DIGITAL,NEW,44
2023,Aug,CO,ILP,DIGITAL,NON_NEW,677
2023,Aug,CO,ILP,DIGITAL,,-2
2023,Aug,CO,ILP,PHYSICAL,NEW,8
2023,Aug,CO,ILP,PHYSICAL,NON_NEW,1643
2023,Aug,CO,ILP,PHYSICAL,,-9
2023,Aug,CO,ILP,UNKNOWN,,-1
2023,Aug,CO,ILP,,NEW,0
2023,Aug,CO,PDL,DIGITAL,NON_NEW,0
2023,Aug,CO,PDL,PHYSICAL,NON_NEW,0
2023,Aug,DE,ILP,DIGITAL,NEW,55
2023,Aug,DE,ILP,DIGITAL,NON_NEW,67
2023,Aug,DE,ILP,DIGITAL,,0
2023,Aug,DE,ILP,PHYSICAL,NEW,191
2023,Aug,DE,ILP,PHYSICAL,NON_NEW,255
2023,Aug,DE,ILP,PHYSICAL,,-1
2023,Aug,DE,ILP,UNKNOWN,NEW,1
2023,Aug,DE,ILP,UNKNOWN,,-6
2023,Aug,FL,ILP,DIGITAL,NEW,1051
2023,Aug,FL,ILP,DIGITAL,NON_NEW,4330
2023,Aug,FL,ILP,DIGITAL,,-8
2023,Aug,FL,ILP,PHYSICAL,NEW,2959
2023,Aug,FL,ILP,PHYSICAL,NON_NEW,20025
2023,Aug,FL,ILP,PHYSICAL,,-20
2023,Aug,FL,ILP,UNKNOWN,NEW,22
2023,Aug,FL,ILP,UNKNOWN,,-30
2023,Aug,FL,ILP,,NEW,0
2023,Aug,FL,ILP,,NON_NEW,0
2023,Aug,FL,ILP,,,0
2023,Aug,FL,PDL,DIGITAL,NEW,471
2023,Aug,FL,PDL,DIGITAL,NON_NEW,4915
2023,Aug,FL,PDL,DIGITAL,,-22
2023,Aug,FL,PDL,PHYSICAL,NEW,729
2023,Aug,FL,PDL,PHYSICAL,NON_NEW,27094
2023,Aug,FL,PDL,PHYSICAL,,-37
2023,Aug,FL,PDL,UNKNOWN,NEW,6
2023,Aug,FL,PDL,UNKNOWN,,-13
2023,Aug,FL,PDL,,NEW,0
2023,Aug,FL,PDL,,NON_NEW,0
2023,Aug,FL,PDL,,,0
2023,Aug,IA,ILP,PHYSICAL,NON_NEW,0
2023,Aug,IA,PDL,DIGITAL,NEW,112
2023,Aug,IA,PDL,DIGITAL,NON_NEW,1739
2023,Aug,IA,PDL,DIGITAL,,0
2023,Aug,IA,PDL,PHYSICAL,NEW,505
2023,Aug,IA,PDL,PHYSICAL,NON_NEW,10563
2023,Aug,IA,PDL,PHYSICAL,,-4
2023,Aug,IA,PDL,UNKNOWN,NEW,1
2023,Aug,IA,PDL,UNKNOWN,,-1
2023,Aug,ID,ILP,DIGITAL,NEW,46
2023,Aug,ID,ILP,DIGITAL,NON_NEW,45
2023,Aug,ID,ILP,DIGITAL,,0
2023,Aug,ID,ILP,PHYSICAL,NEW,54
2023,Aug,ID,ILP,PHYSICAL,NON_NEW,97
2023,Aug,ID,ILP,PHYSICAL,,0
2023,Aug,ID,ILP,UNKNOWN,,-1
2023,Aug,ID,PDL,PHYSICAL,NON_NEW,0
2023,Aug,IN,PDL,DIGITAL,NEW,185
2023,Aug,IN,PDL,DIGITAL,NON_NEW,2616
2023,Aug,IN,PDL,DIGITAL,,-2
2023,Aug,IN,PDL,PHYSICAL,NEW,673
2023,Aug,IN,PDL,PHYSICAL,NON_NEW,17303
2023,Aug,IN,PDL,PHYSICAL,,-7
2023,Aug,IN,PDL,UNKNOWN,NEW,5
2023,Aug,IN,PDL,UNKNOWN,,-9
2023,Aug,KS,ILP,DIGITAL,NON_NEW,0
2023,Aug,KS,ILP,PHYSICAL,NON_NEW,0
2023,Aug,KS,PDL,DIGITAL,NEW,49
2023,Aug,KS,PDL,DIGITAL,NON_NEW,495
2023,Aug,KS,PDL,DIGITAL,,-2
2023,Aug,KS,PDL,PHYSICAL,NEW,168
2023,Aug,KS,PDL,PHYSICAL,NON_NEW,2221
2023,Aug,KS,PDL,PHYSICAL,,-2
2023,Aug,KS,PDL,UNKNOWN,NEW,1
2023,Aug,KS,PDL,UNKNOWN,,0
2023,Aug,KY,ILP,PHYSICAL,NON_NEW,0
2023,Aug,KY,PDL,DIGITAL,NEW,163
2023,Aug,KY,PDL,DIGITAL,NON_NEW,100
2023,Aug,KY,PDL,DIGITAL,,-1
2023,Aug,KY,PDL,PHYSICAL,NEW,376
2023,Aug,KY,PDL,PHYSICAL,NON_NEW,8965
2023,Aug,KY,PDL,PHYSICAL,,-20
2023,Aug,KY,PDL,UNKNOWN,NEW,4
2023,Aug,KY,PDL,UNKNOWN,,-7
2023,Aug,LA,ILP,PHYSICAL,NON_NEW,0
2023,Aug,LA,PDL,DIGITAL,NEW,149
2023,Aug,LA,PDL,DIGITAL,NON_NEW,2771
2023,Aug,LA,PDL,DIGITAL,,0
2023,Aug,LA,PDL,PHYSICAL,NEW,617
2023,Aug,LA,PDL,PHYSICAL,NON_NEW,13610
2023,Aug,LA,PDL,PHYSICAL,,-5
2023,Aug,LA,PDL,UNKNOWN,NEW,2
2023,Aug,LA,PDL,UNKNOWN,,-4
2023,Aug,MI,ILP,DIGITAL,NON_NEW,0
2023,Aug,MI,ILP,PHYSICAL,NON_NEW,0
2023,Aug,MI,PDL,DIGITAL,NEW,849
2023,Aug,MI,PDL,DIGITAL,NON_NEW,12239
2023,Aug,MI,PDL,DIGITAL,,-13
2023,Aug,MI,PDL,PHYSICAL,NEW,1901
2023,Aug,MI,PDL,PHYSICAL,NON_NEW,46475
2023,Aug,MI,PDL,PHYSICAL,,-48
2023,Aug,MI,PDL,UNKNOWN,NEW,13
2023,Aug,MI,PDL,UNKNOWN,,-8
2023,Aug,MO,ILP,DIGITAL,NEW,344
2023,Aug,MO,ILP,DIGITAL,NON_NEW,318
2023,Aug,MO,ILP,DIGITAL,,0
2023,Aug,MO,ILP,PHYSICAL,NEW,935
2023,Aug,MO,ILP,PHYSICAL,NON_NEW,1347
2023,Aug,MO,ILP,PHYSICAL,,-4
2023,Aug,MO,ILP,UNKNOWN,NEW,12
2023,Aug,MO,ILP,UNKNOWN,,-19
2023,Aug,MO,PDL,DIGITAL,NEW,52
2023,Aug,MO,PDL,DIGITAL,NON_NEW,279
2023,Aug,MO,PDL,DIGITAL,,0
2023,Aug,MO,PDL,PHYSICAL,NEW,70
2023,Aug,MO,PDL,PHYSICAL,NON_NEW,1320
2023,Aug,MO,PDL,PHYSICAL,,-3
2023,Aug,MO,PDL,UNKNOWN,NEW,1
2023,Aug,MO,PDL,UNKNOWN,,-1
2023,Aug,MS,ILP,DIGITAL,NEW,365
2023,Aug,MS,ILP,DIGITAL,NON_NEW,374
2023,Aug,MS,ILP,DIGITAL,,-1
2023,Aug,MS,ILP,PHYSICAL,NEW,1800
2023,Aug,MS,ILP,PHYSICAL,NON_NEW,2801
2023,Aug,MS,ILP,PHYSICAL,,-10
2023,Aug,MS,ILP,UNKNOWN,NEW,11
2023,Aug,MS,ILP,UNKNOWN,,-12
2023,Aug,MS,PDL,DIGITAL,NEW,67
2023,Aug,MS,PDL,DIGITAL,NON_NEW,497
2023,Aug,MS,PDL,DIGITAL,,-2
2023,Aug,MS,PDL,PHYSICAL,NEW,510
2023,Aug,MS,PDL,PHYSICAL,NON_NEW,4184
2023,Aug,MS,PDL,PHYSICAL,,-4
2023,Aug,MS,PDL,UNKNOWN,NEW,2
2023,Aug,MS,PDL,UNKNOWN,NON_NEW,1
2023,Aug,MS,PDL,UNKNOWN,,-3
2023,Aug,NC,ILP,PHYSICAL,,0
2023,Aug,NC,ILP,UNKNOWN,,0
2023,Aug,NC,PDL,PHYSICAL,,0
2023,Aug,NV,ILP,DIGITAL,NEW,151
2023,Aug,NV,ILP,DIGITAL,NON_NEW,133
2023,Aug,NV,ILP,DIGITAL,,-1
2023,Aug,NV,ILP,PHYSICAL,NEW,230
2023,Aug,NV,ILP,PHYSICAL,NON_NEW,455
2023,Aug,NV,ILP,PHYSICAL,,-12
2023,Aug,NV,ILP,UNKNOWN,NEW,4
2023,Aug,NV,ILP,UNKNOWN,,-3
2023,Aug,NV,PDL,DIGITAL,NEW,0
2023,Aug,NV,PDL,DIGITAL,NON_NEW,0
2023,Aug,NV,PDL,PHYSICAL,NEW,0
2023,Aug,NV,PDL,PHYSICAL,NON_NEW,0
2023,Aug,NV,PDL,PHYSICAL,,0
2023,Aug,NV,PDL,UNKNOWN,,0
2023,Aug,OH,ILP,DIGITAL,NEW,854
2023,Aug,OH,ILP,DIGITAL,NON_NEW,1657
2023,Aug,OH,ILP,DIGITAL,,-2
2023,Aug,OH,ILP,PHYSICAL,NEW,1740
2023,Aug,OH,ILP,PHYSICAL,NON_NEW,6241
2023,Aug,OH,ILP,PHYSICAL,,-22
2023,Aug,OH,ILP,UNKNOWN,NEW,9
2023,Aug,OH,ILP,UNKNOWN,,-14
2023,Aug,OH,ILP,,NEW,0
2023,Aug,OH,ILP,,,0
2023,Aug,OH,PDL,DIGITAL,NON_NEW,0
2023,Aug,OH,PDL,PHYSICAL,NON_NEW,0
2023,Aug,OK,ILP,DIGITAL,NEW,447
2023,Aug,OK,ILP,DIGITAL,NON_NEW,767
2023,Aug,OK,ILP,DIGITAL,,-1
2023,Aug,OK,ILP,PHYSICAL,NEW,939
2023,Aug,OK,ILP,PHYSICAL,NON_NEW,2270
2023,Aug,OK,ILP,PHYSICAL,,-14
2023,Aug,OK,ILP,UNKNOWN,NEW,4
2023,Aug,OK,ILP,UNKNOWN,,-7
2023,Aug,OK,PDL,PHYSICAL,NON_NEW,0
2023,Aug,RI,PDL,DIGITAL,NEW,37
2023,Aug,RI,PDL,DIGITAL,NON_NEW,713
2023,Aug,RI,PDL,DIGITAL,,0
2023,Aug,RI,PDL,PHYSICAL,NEW,239
2023,Aug,RI,PDL,PHYSICAL,NON_NEW,8255
2023,Aug,RI,PDL,PHYSICAL,,-2
2023,Aug,RI,PDL,UNKNOWN,,0
2023,Aug,SC,PDL,DIGITAL,NEW,0
2023,Aug,SC,PDL,DIGITAL,NON_NEW,0
2023,Aug,SC,PDL,PHYSICAL,NEW,0
2023,Aug,SC,PDL,PHYSICAL,NON_NEW,0
2023,Aug,SC,PDL,PHYSICAL,,0
2023,Aug,SC,PDL,UNKNOWN,,0
2023,Aug,SC,PDL,,NON_NEW,0
2023,Aug,TN,ILP,DIGITAL,NON_NEW,0
2023,Aug,TN,ILP,PHYSICAL,NON_NEW,0
2023,Aug,TN,PDL,DIGITAL,NEW,65
2023,Aug,TN,PDL,DIGITAL,NON_NEW,656
2023,Aug,TN,PDL,DIGITAL,,-1
2023,Aug,TN,PDL,PHYSICAL,NEW,225
2023,Aug,TN,PDL,PHYSICAL,NON_NEW,2151
2023,Aug,TN,PDL,PHYSICAL,,-1
2023,Aug,TN,PDL,UNKNOWN,NEW,3
2023,Aug,TN,PDL,UNKNOWN,,-4
2023,Aug,TN,PDL,,NEW,0
2023,Aug,TN,PDL,,NON_NEW,0
2023,Aug,TN,PDL,,,0
2023,Aug,TX,ILP,DIGITAL,NEW,1901
2023,Aug,TX,ILP,DIGITAL,NON_NEW,2805
2023,Aug,TX,ILP,DIGITAL,,-28
2023,Aug,TX,ILP,PHYSICAL,NEW,3750
2023,Aug,TX,ILP,PHYSICAL,NON_NEW,7762
2023,Aug,TX,ILP,PHYSICAL,,-74
2023,Aug,TX,ILP,UNKNOWN,NEW,43
2023,Aug,TX,ILP,UNKNOWN,,-54
2023,Aug,TX,PDL,DIGITAL,NEW,493
2023,Aug,TX,PDL,DIGITAL,NON_NEW,1677
2023,Aug,TX,PDL,DIGITAL,,-23
2023,Aug,TX,PDL,PHYSICAL,NEW,459
2023,Aug,TX,PDL,PHYSICAL,NON_NEW,3739
2023,Aug,TX,PDL,PHYSICAL,,-71
2023,Aug,TX,PDL,UNKNOWN,NEW,20
2023,Aug,TX,PDL,UNKNOWN,,-41
2023,Aug,UT,ILP,DIGITAL,NEW,74
2023,Aug,UT,ILP,DIGITAL,NON_NEW,38
2023,Aug,UT,ILP,DIGITAL,,-2
2023,Aug,UT,ILP,PHYSICAL,NEW,53
2023,Aug,UT,ILP,PHYSICAL,NON_NEW,71
2023,Aug,UT,ILP,PHYSICAL,,-2
2023,Aug,UT,ILP,UNKNOWN,NEW,2
2023,Aug,UT,ILP,UNKNOWN,,-3
2023,Aug,UT,PDL,DIGITAL,NON_NEW,0
2023,Aug,UT,PDL,PHYSICAL,NEW,0
2023,Aug,UT,PDL,PHYSICAL,NON_NEW,0
2023,Aug,WI,ILP,DIGITAL,NEW,244
2023,Aug,WI,ILP,DIGITAL,NON_NEW,244
2023,Aug,WI,ILP,DIGITAL,,-5
2023,Aug,WI,ILP,PHYSICAL,NEW,530
2023,Aug,WI,ILP,PHYSICAL,NON_NEW,716
2023,Aug,WI,ILP,PHYSICAL,,-5
2023,Aug,WI,ILP,UNKNOWN,NEW,5
2023,Aug,WI,ILP,UNKNOWN,,-7
2023,Aug,WI,PDL,DIGITAL,NON_NEW,0
2023,Aug,WI,PDL,PHYSICAL,NEW,0
2023,Aug,WI,PDL,PHYSICAL,NON_NEW,0
2023,Aug,WY,ILP,PHYSICAL,NON_NEW,0
2023,Aug,WY,PDL,DIGITAL,NEW,22
2023,Aug,WY,PDL,DIGITAL,NON_NEW,583
2023,Aug,WY,PDL,DIGITAL,,0
2023,Aug,WY,PDL,PHYSICAL,NEW,121
2023,Aug,WY,PDL,PHYSICAL,NON_NEW,3202
2023,Aug,WY,PDL,PHYSICAL,,-7
2023,Aug,WY,PDL,UNKNOWN,,0
2023,Dec,AL,ILP,DIGITAL,NEW,424
2023,Dec,AL,ILP,DIGITAL,NON_NEW,760
2023,Dec,AL,ILP,DIGITAL,,3
2023,Dec,AL,ILP,PHYSICAL,NEW,1337
2023,Dec,AL,ILP,PHYSICAL,NON_NEW,4174
2023,Dec,AL,ILP,PHYSICAL,,4
2023,Dec,AL,ILP,UNKNOWN,NEW,-3
2023,Dec,AL,ILP,UNKNOWN,,-1
2023,Dec,AL,PDL,DIGITAL,NEW,0
2023,Dec,AL,PDL,DIGITAL,NON_NEW,0
2023,Dec,AL,PDL,DIGITAL,,0
2023,Dec,AL,PDL,PHYSICAL,NEW,0
2023,Dec,AL,PDL,PHYSICAL,NON_NEW,0
2023,Dec,AL,PDL,PHYSICAL,,0
2023,Dec,AL,PDL,UNKNOWN,,0
2023,Dec,AL,PDL,,NEW,0
2023,Dec,AL,PDL,,NON_NEW,0
2023,Dec,CA,ILP,DIGITAL,NON_NEW,0
2023,Dec,CA,ILP,PHYSICAL,NON_NEW,0
2023,Dec,CA,PDL,DIGITAL,NEW,965
2023,Dec,CA,PDL,DIGITAL,NON_NEW,20000
2023,Dec,CA,PDL,DIGITAL,,14
2023,Dec,CA,PDL,PHYSICAL,NEW,2483
2023,Dec,CA,PDL,PHYSICAL,NON_NEW,68762
2023,Dec,CA,PDL,PHYSICAL,,55
2023,Dec,CA,PDL,UNKNOWN,NEW,0
2023,Dec,CA,PDL,UNKNOWN,,2
2023,Dec,CA,PDL,,NEW,0
2023,Dec,CA,PDL,,NON_NEW,0
2023,Dec,CA,PDL,,,0
2023,Dec,CO,ILP,DIGITAL,NEW,0
2023,Dec,CO,ILP,DIGITAL,NON_NEW,406
2023,Dec,CO,ILP,DIGITAL,,0
2023,Dec,CO,ILP,PHYSICAL,NEW,0
2023,Dec,CO,ILP,PHYSICAL,NON_NEW,1222
2023,Dec,CO,ILP,PHYSICAL,,0
2023,Dec,CO,ILP,UNKNOWN,,0
2023,Dec,CO,ILP,,NEW,0
2023,Dec,CO,PDL,DIGITAL,NEW,0
2023,Dec,CO,PDL,DIGITAL,NON_NEW,0
2023,Dec,CO,PDL,PHYSICAL,NON_NEW,0
2023,Dec,DE,ILP,DIGITAL,NEW,44
2023,Dec,DE,ILP,DIGITAL,NON_NEW,67
2023,Dec,DE,ILP,DIGITAL,,1
2023,Dec,DE,ILP,PHYSICAL,NEW,153
2023,Dec,DE,ILP,PHYSICAL,NON_NEW,294
2023,Dec,DE,ILP,PHYSICAL,,0
2023,Dec,DE,ILP,UNKNOWN,NEW,0
2023,Dec,DE,ILP,UNKNOWN,,0
2023,Dec,FL,ILP,DIGITAL,NEW,803
2023,Dec,FL,ILP,DIGITAL,NON_NEW,5052
2023,Dec,FL,ILP,DIGITAL,,5
2023,Dec,FL,ILP,PHYSICAL,NEW,2930
2023,Dec,FL,ILP,PHYSICAL,NON_NEW,23584
2023,Dec,FL,ILP,PHYSICAL,,11
2023,Dec,FL,ILP,UNKNOWN,NEW,-4
2023,Dec,FL,ILP,UNKNOWN,,0
2023,Dec,FL,ILP,,NEW,0
2023,Dec,FL,ILP,,NON_NEW,0
2023,Dec,FL,ILP,,,0
2023,Dec,FL,PDL,DIGITAL,NEW,352
2023,Dec,FL,PDL,DIGITAL,NON_NEW,5254
2023,Dec,FL,PDL,DIGITAL,,0
2023,Dec,FL,PDL,PHYSICAL,NEW,342
2023,Dec,FL,PDL,PHYSICAL,NON_NEW,26772
2023,Dec,FL,PDL,PHYSICAL,,1
2023,Dec,FL,PDL,UNKNOWN,NEW,2
2023,Dec,FL,PDL,UNKNOWN,,-1
2023,Dec,FL,PDL,,NEW,0
2023,Dec,FL,PDL,,NON_NEW,0
2023,Dec,FL,PDL,,,0
2023,Dec,IA,ILP,PHYSICAL,NON_NEW,0
2023,Dec,IA,PDL,DIGITAL,NEW,103
2023,Dec,IA,PDL,DIGITAL,NON_NEW,1962
2023,Dec,IA,PDL,DIGITAL,,3
2023,Dec,IA,PDL,PHYSICAL,NEW,467
2023,Dec,IA,PDL,PHYSICAL,NON_NEW,11091
2023,Dec,IA,PDL,PHYSICAL,,4
2023,Dec,IA,PDL,UNKNOWN,NEW,-1
2023,Dec,IA,PDL,UNKNOWN,,0
2023,Dec,ID,ILP,DIGITAL,NEW,44
2023,Dec,ID,ILP,DIGITAL,NON_NEW,48
2023,Dec,ID,ILP,DIGITAL,,0
2023,Dec,ID,ILP,PHYSICAL,NEW,37
2023,Dec,ID,ILP,PHYSICAL,NON_NEW,99
2023,Dec,ID,ILP,PHYSICAL,,-1
2023,Dec,ID,ILP,UNKNOWN,NEW,0
2023,Dec,ID,ILP,UNKNOWN,,0
2023,Dec,ID,PDL,PHYSICAL,NON_NEW,0
2023,Dec,IN,PDL,DIGITAL,NEW,197
2023,Dec,IN,PDL,DIGITAL,NON_NEW,2780
2023,Dec,IN,PDL,DIGITAL,,0
2023,Dec,IN,PDL,PHYSICAL,NEW,623
2023,Dec,IN,PDL,PHYSICAL,NON_NEW,16894
2023,Dec,IN,PDL,PHYSICAL,,3
2023,Dec,IN,PDL,UNKNOWN,NEW,-2
2023,Dec,IN,PDL,UNKNOWN,,0
2023,Dec,KS,ILP,DIGITAL,NON_NEW,0
2023,Dec,KS,ILP,PHYSICAL,NON_NEW,0
2023,Dec,KS,PDL,DIGITAL,NEW,31
2023,Dec,KS,PDL,DIGITAL,NON_NEW,487
2023,Dec,KS,PDL,DIGITAL,,0
2023,Dec,KS,PDL,PHYSICAL,NEW,161
2023,Dec,KS,PDL,PHYSICAL,NON_NEW,1353
2023,Dec,KS,PDL,PHYSICAL,,0
2023,Dec,KS,PDL,UNKNOWN,NEW,-1
2023,Dec,KS,PDL,UNKNOWN,,0
2023,Dec,KY,ILP,PHYSICAL,NON_NEW,0
2023,Dec,KY,PDL,DIGITAL,NEW,90
2023,Dec,KY,PDL,DIGITAL,NON_NEW,363
2023,Dec,KY,PDL,DIGITAL,,2
2023,Dec,KY,PDL,PHYSICAL,NEW,335
2023,Dec,KY,PDL,PHYSICAL,NON_NEW,8936
2023,Dec,KY,PDL,PHYSICAL,,2
2023,Dec,KY,PDL,UNKNOWN,NEW,-1
2023,Dec,KY,PDL,UNKNOWN,,0
2023,Dec,LA,ILP,PHYSICAL,NON_NEW,0
2023,Dec,LA,PDL,DIGITAL,NEW,132
2023,Dec,LA,PDL,DIGITAL,NON_NEW,2997
2023,Dec,LA,PDL,DIGITAL,,1
2023,Dec,LA,PDL,PHYSICAL,NEW,531
2023,Dec,LA,PDL,PHYSICAL,NON_NEW,13965
2023,Dec,LA,PDL,PHYSICAL,,-1
2023,Dec,LA,PDL,UNKNOWN,NEW,-1
2023,Dec,LA,PDL,UNKNOWN,,0
2023,Dec,MI,ILP,DIGITAL,NON_NEW,0
2023,Dec,MI,ILP,PHYSICAL,NON_NEW,0
2023,Dec,MI,PDL,DIGITAL,NEW,515
2023,Dec,MI,PDL,DIGITAL,NON_NEW,13087
2023,Dec,MI,PDL,DIGITAL,,1
2023,Dec,MI,PDL,PHYSICAL,NEW,1838
2023,Dec,MI,PDL,PHYSICAL,NON_NEW,48210
2023,Dec,MI,PDL,PHYSICAL,,6
2023,Dec,MI,PDL,UNKNOWN,NEW,-3
2023,Dec,MI,PDL,UNKNOWN,NON_NEW,0
2023,Dec,MI,PDL,UNKNOWN,,0
2023,Dec,MO,ILP,DIGITAL,NEW,486
2023,Dec,MO,ILP,DIGITAL,NON_NEW,377
2023,Dec,MO,ILP,DIGITAL,,2
2023,Dec,MO,ILP,PHYSICAL,NEW,900
2023,Dec,MO,ILP,PHYSICAL,NON_NEW,1770
2023,Dec,MO,ILP,PHYSICAL,,4
2023,Dec,MO,ILP,UNKNOWN,NEW,-1
2023,Dec,MO,ILP,UNKNOWN,,0
2023,Dec,MO,PDL,DIGITAL,NEW,0
2023,Dec,MO,PDL,DIGITAL,NON_NEW,5
2023,Dec,MO,PDL,DIGITAL,,0
2023,Dec,MO,PDL,PHYSICAL,NEW,0
2023,Dec,MO,PDL,PHYSICAL,NON_NEW,4
2023,Dec,MO,PDL,PHYSICAL,,0
2023,Dec,MO,PDL,UNKNOWN,,0
2023,Dec,MS,ILP,DIGITAL,NEW,318
2023,Dec,MS,ILP,DIGITAL,NON_NEW,412
2023,Dec,MS,ILP,DIGITAL,,4
2023,Dec,MS,ILP,PHYSICAL,NEW,1529
2023,Dec,MS,ILP,PHYSICAL,NON_NEW,3505
2023,Dec,MS,ILP,PHYSICAL,,11
2023,Dec,MS,ILP,UNKNOWN,NEW,-3
2023,Dec,MS,ILP,UNKNOWN,,0
2023,Dec,MS,PDL,DIGITAL,NEW,46
2023,Dec,MS,PDL,DIGITAL,NON_NEW,555
2023,Dec,MS,PDL,DIGITAL,,0
2023,Dec,MS,PDL,PHYSICAL,NEW,491
2023,Dec,MS,PDL,PHYSICAL,NON_NEW,2590
2023,Dec,MS,PDL,PHYSICAL,,8
2023,Dec,MS,PDL,UNKNOWN,NEW,1
2023,Dec,MS,PDL,UNKNOWN,NON_NEW,0
2023,Dec,MS,PDL,UNKNOWN,,0
2023,Dec,NC,PDL,PHYSICAL,,0
2023,Dec,NV,ILP,DIGITAL,NEW,106
2023,Dec,NV,ILP,DIGITAL,NON_NEW,158
2023,Dec,NV,ILP,DIGITAL,,0
2023,Dec,NV,ILP,PHYSICAL,NEW,262
2023,Dec,NV,ILP,PHYSICAL,NON_NEW,407
2023,Dec,NV,ILP,PHYSICAL,,4
2023,Dec,NV,ILP,UNKNOWN,NEW,-4
2023,Dec,NV,ILP,UNKNOWN,,0
2023,Dec,NV,PDL,DIGITAL,NEW,0
2023,Dec,NV,PDL,DIGITAL,NON_NEW,0
2023,Dec,NV,PDL,PHYSICAL,NEW,0
2023,Dec,NV,PDL,PHYSICAL,NON_NEW,0
2023,Dec,NV,PDL,PHYSICAL,,0
2023,Dec,NV,PDL,UNKNOWN,,0
2023,Dec,OH,ILP,DIGITAL,NEW,417
2023,Dec,OH,ILP,DIGITAL,NON_NEW,1676
2023,Dec,OH,ILP,DIGITAL,,0
2023,Dec,OH,ILP,PHYSICAL,NEW,1005
2023,Dec,OH,ILP,PHYSICAL,NON_NEW,6589
2023,Dec,OH,ILP,PHYSICAL,,0
2023,Dec,OH,ILP,UNKNOWN,NEW,-1
2023,Dec,OH,ILP,UNKNOWN,,0
2023,Dec,OH,ILP,,NEW,0
2023,Dec,OH,ILP,,,0
2023,Dec,OH,PDL,DIGITAL,NON_NEW,0
2023,Dec,OH,PDL,PHYSICAL,NON_NEW,0
2023,Dec,OK,ILP,DIGITAL,NEW,513
2023,Dec,OK,ILP,DIGITAL,NON_NEW,855
2023,Dec,OK,ILP,DIGITAL,,2
2023,Dec,OK,ILP,PHYSICAL,NEW,870
2023,Dec,OK,ILP,PHYSICAL,NON_NEW,2476
2023,Dec,OK,ILP,PHYSICAL,,10
2023,Dec,OK,ILP,UNKNOWN,NEW,0
2023,Dec,OK,ILP,UNKNOWN,,0
2023,Dec,OK,PDL,PHYSICAL,NON_NEW,0
2023,Dec,RI,PDL,DIGITAL,NEW,44
2023,Dec,RI,PDL,DIGITAL,NON_NEW,786
2023,Dec,RI,PDL,DIGITAL,,0
2023,Dec,RI,PDL,PHYSICAL,NEW,207
2023,Dec,RI,PDL,PHYSICAL,NON_NEW,8386
2023,Dec,RI,PDL,PHYSICAL,,1
2023,Dec,RI,PDL,UNKNOWN,NEW,0
2023,Dec,RI,PDL,UNKNOWN,,0
2023,Dec,SC,PDL,DIGITAL,NEW,0
2023,Dec,SC,PDL,DIGITAL,NON_NEW,0
2023,Dec,SC,PDL,PHYSICAL,NEW,0
2023,Dec,SC,PDL,PHYSICAL,NON_NEW,0
2023,Dec,SC,PDL,PHYSICAL,,0
2023,Dec,SC,PDL,UNKNOWN,,0
2023,Dec,SC,PDL,,NON_NEW,0
2023,Dec,TN,ILP,DIGITAL,NON_NEW,0
2023,Dec,TN,ILP,PHYSICAL,NON_NEW,0
2023,Dec,TN,PDL,DIGITAL,NEW,76
2023,Dec,TN,PDL,DIGITAL,NON_NEW,689
2023,Dec,TN,PDL,DIGITAL,,0
2023,Dec,TN,PDL,PHYSICAL,NEW,129
2023,Dec,TN,PDL,PHYSICAL,NON_NEW,1519
2023,Dec,TN,PDL,PHYSICAL,,0
2023,Dec,TN,PDL,UNKNOWN,NEW,-1
2023,Dec,TN,PDL,UNKNOWN,,0
2023,Dec,TN,PDL,,NEW,0
2023,Dec,TN,PDL,,NON_NEW,0
2023,Dec,TN,PDL,,,0
2023,Dec,TX,ILP,DIGITAL,NEW,1188
2023,Dec,TX,ILP,DIGITAL,NON_NEW,3249
2023,Dec,TX,ILP,DIGITAL,,12
2023,Dec,TX,ILP,PHYSICAL,NEW,2975
2023,Dec,TX,ILP,PHYSICAL,NON_NEW,9622
2023,Dec,TX,ILP,PHYSICAL,,26
2023,Dec,TX,ILP,UNKNOWN,NEW,-3
2023,Dec,TX,ILP,UNKNOWN,,0
2023,Dec,TX,PDL,DIGITAL,NEW,396
2023,Dec,TX,PDL,DIGITAL,NON_NEW,1754
2023,Dec,TX,PDL,DIGITAL,,4
2023,Dec,TX,PDL,PHYSICAL,NEW,214
2023,Dec,TX,PDL,PHYSICAL,NON_NEW,2181
2023,Dec,TX,PDL,PHYSICAL,,0
2023,Dec,TX,PDL,UNKNOWN,NEW,-7
2023,Dec,TX,PDL,UNKNOWN,,0
2023,Dec,UT,ILP,DIGITAL,NEW,30
2023,Dec,UT,ILP,DIGITAL,NON_NEW,48
2023,Dec,UT,ILP,DIGITAL,,0
2023,Dec,UT,ILP,PHYSICAL,NEW,26
2023,Dec,UT,ILP,PHYSICAL,NON_NEW,77
2023,Dec,UT,ILP,PHYSICAL,,0
2023,Dec,UT,ILP,UNKNOWN,NEW,-1
2023,Dec,UT,ILP,UNKNOWN,,0
2023,Dec,UT,PDL,DIGITAL,NON_NEW,0
2023,Dec,UT,PDL,PHYSICAL,NEW,0
2023,Dec,UT,PDL,PHYSICAL,NON_NEW,0
2023,Dec,WI,ILP,DIGITAL,NEW,392
2023,Dec,WI,ILP,DIGITAL,NON_NEW,257
2023,Dec,WI,ILP,DIGITAL,,3
2023,Dec,WI,ILP,PHYSICAL,NEW,403
2023,Dec,WI,ILP,PHYSICAL,NON_NEW,673
2023,Dec,WI,ILP,PHYSICAL,,5
2023,Dec,WI,ILP,UNKNOWN,NEW,-2
2023,Dec,WI,ILP,UNKNOWN,,0
2023,Dec,WI,PDL,DIGITAL,NON_NEW,0
2023,Dec,WI,PDL,PHYSICAL,NEW,0
2023,Dec,WI,PDL,PHYSICAL,NON_NEW,0
2023,Dec,WY,ILP,PHYSICAL,NON_NEW,0
2023,Dec,WY,PDL,DIGITAL,NEW,29
2023,Dec,WY,PDL,DIGITAL,NON_NEW,569
2023,Dec,WY,PDL,DIGITAL,,0
2023,Dec,WY,PDL,PHYSICAL,NEW,86
2023,Dec,WY,PDL,PHYSICAL,NON_NEW,2990
2023,Dec,WY,PDL,PHYSICAL,,4
2023,Dec,WY,PDL,UNKNOWN,NEW,0
2023,Dec,WY,PDL,UNKNOWN,,0
2023,Feb,AL,ILP,DIGITAL,NEW,76
2023,Feb,AL,ILP,DIGITAL,NON_NEW,355
2023,Feb,AL,ILP,DIGITAL,,-2
2023,Feb,AL,ILP,PHYSICAL,NEW,166
2023,Feb,AL,ILP,PHYSICAL,NON_NEW,2256
2023,Feb,AL,ILP,PHYSICAL,,-5
2023,Feb,AL,ILP,UNKNOWN,,-1
2023,Feb,AL,PDL,DIGITAL,NEW,0
2023,Feb,AL,PDL,DIGITAL,NON_NEW,0
2023,Feb,AL,PDL,DIGITAL,,0
2023,Feb,AL,PDL,PHYSICAL,NEW,0
2023,Feb,AL,PDL,PHYSICAL,NON_NEW,0
2023,Feb,AL,PDL,PHYSICAL,,0
2023,Feb,AL,PDL,UNKNOWN,,0
2023,Feb,AL,PDL,,NEW,0
2023,Feb,AL,PDL,,NON_NEW,0
2023,Feb,CA,ILP,DIGITAL,NON_NEW,0
2023,Feb,CA,ILP,PHYSICAL,NON_NEW,0
2023,Feb,CA,PDL,DIGITAL,NEW,344
2023,Feb,CA,PDL,DIGITAL,NON_NEW,10747
2023,Feb,CA,PDL,DIGITAL,,1
2023,Feb,CA,PDL,PHYSICAL,NEW,809
2023,Feb,CA,PDL,PHYSICAL,NON_NEW,37682
2023,Feb,CA,PDL,PHYSICAL,,0
2023,Feb,CA,PDL,UNKNOWN,,-3
2023,Feb,CA,PDL,,NEW,0
2023,Feb,CA,PDL,,NON_NEW,0
2023,Feb,CA,PDL,,,0
2023,Feb,CO,ILP,DIGITAL,NEW,70
2023,Feb,CO,ILP,DIGITAL,NON_NEW,294
2023,Feb,CO,ILP,DIGITAL,,-1
2023,Feb,CO,ILP,PHYSICAL,NEW,116
2023,Feb,CO,ILP,PHYSICAL,NON_NEW,1158
2023,Feb,CO,ILP,PHYSICAL,,-7
2023,Feb,CO,ILP,UNKNOWN,,0
2023,Feb,CO,ILP,,NEW,0
2023,Feb,CO,PDL,DIGITAL,NEW,0
2023,Feb,CO,PDL,DIGITAL,NON_NEW,0
2023,Feb,CO,PDL,PHYSICAL,NON_NEW,0
2023,Feb,DE,ILP,DIGITAL,NEW,12
2023,Feb,DE,ILP,DIGITAL,NON_NEW,25
2023,Feb,DE,ILP,DIGITAL,,0
2023,Feb,DE,ILP,PHYSICAL,NEW,52
2023,Feb,DE,ILP,PHYSICAL,NON_NEW,115
2023,Feb,DE,ILP,PHYSICAL,,-1
2023,Feb,DE,ILP,UNKNOWN,,0
2023,Feb,FL,ILP,DIGITAL,NEW,280
2023,Feb,FL,ILP,DIGITAL,NON_NEW,2293
2023,Feb,FL,ILP,DIGITAL,,-1
2023,Feb,FL,ILP,PHYSICAL,NEW,751
2023,Feb,FL,ILP,PHYSICAL,NON_NEW,10831
2023,Feb,FL,ILP,PHYSICAL,,3
2023,Feb,FL,ILP,UNKNOWN,,-2
2023,Feb,FL,ILP,,NEW,0
2023,Feb,FL,ILP,,NON_NEW,0
2023,Feb,FL,ILP,,,0
2023,Feb,FL,PDL,DIGITAL,NEW,167
2023,Feb,FL,PDL,DIGITAL,NON_NEW,2946
2023,Feb,FL,PDL,DIGITAL,,-1
2023,Feb,FL,PDL,PHYSICAL,NEW,469
2023,Feb,FL,PDL,PHYSICAL,NON_NEW,21015
2023,Feb,FL,PDL,PHYSICAL,,0
2023,Feb,FL,PDL,UNKNOWN,,0
2023,Feb,FL,PDL,,NEW,0
2023,Feb,FL,PDL,,NON_NEW,0
2023,Feb,FL,PDL,,,0
2023,Feb,IA,ILP,PHYSICAL,NON_NEW,0
2023,Feb,IA,PDL,DIGITAL,NEW,48
2023,Feb,IA,PDL,DIGITAL,NON_NEW,925
2023,Feb,IA,PDL,DIGITAL,,0
2023,Feb,IA,PDL,PHYSICAL,NEW,166
2023,Feb,IA,PDL,PHYSICAL,NON_NEW,6125
2023,Feb,IA,PDL,PHYSICAL,,2
2023,Feb,IA,PDL,UNKNOWN,,0
2023,Feb,ID,ILP,DIGITAL,NEW,10
2023,Feb,ID,ILP,DIGITAL,NON_NEW,29
2023,Feb,ID,ILP,DIGITAL,,0
2023,Feb,ID,ILP,PHYSICAL,NEW,14
2023,Feb,ID,ILP,PHYSICAL,NON_NEW,55
2023,Feb,ID,ILP,PHYSICAL,,-1
2023,Feb,ID,ILP,UNKNOWN,,0
2023,Feb,ID,PDL,DIGITAL,NON_NEW,0
2023,Feb,ID,PDL,PHYSICAL,NON_NEW,0
2023,Feb,IN,PDL,DIGITAL,NEW,98
2023,Feb,IN,PDL,DIGITAL,NON_NEW,1533
2023,Feb,IN,PDL,DIGITAL,,-1
2023,Feb,IN,PDL,PHYSICAL,NEW,273
2023,Feb,IN,PDL,PHYSICAL,NON_NEW,9920
2023,Feb,IN,PDL,PHYSICAL,,3
2023,Feb,IN,PDL,UNKNOWN,,0
2023,Feb,KS,ILP,DIGITAL,NON_NEW,0
2023,Feb,KS,ILP,PHYSICAL,NON_NEW,0
2023,Feb,KS,PDL,DIGITAL,NEW,15
2023,Feb,KS,PDL,DIGITAL,NON_NEW,275
2023,Feb,KS,PDL,DIGITAL,,0
2023,Feb,KS,PDL,PHYSICAL,NEW,60
2023,Feb,KS,PDL,PHYSICAL,NON_NEW,1579
2023,Feb,KS,PDL,PHYSICAL,,-1
2023,Feb,KS,PDL,UNKNOWN,,0
2023,Feb,KY,ILP,PHYSICAL,NON_NEW,0
2023,Feb,KY,PDL,DIGITAL,NON_NEW,3
2023,Feb,KY,PDL,PHYSICAL,NEW,148
2023,Feb,KY,PDL,PHYSICAL,NON_NEW,4846
2023,Feb,KY,PDL,PHYSICAL,,-1
2023,Feb,KY,PDL,UNKNOWN,,0
2023,Feb,LA,ILP,PHYSICAL,NON_NEW,0
2023,Feb,LA,PDL,DIGITAL,NEW,44
2023,Feb,LA,PDL,DIGITAL,NON_NEW,1687
2023,Feb,LA,PDL,DIGITAL,,0
2023,Feb,LA,PDL,PHYSICAL,NEW,203
2023,Feb,LA,PDL,PHYSICAL,NON_NEW,8765
2023,Feb,LA,PDL,PHYSICAL,,0
2023,Feb,LA,PDL,UNKNOWN,,-1
2023,Feb,MI,ILP,DIGITAL,NON_NEW,0
2023,Feb,MI,ILP,PHYSICAL,NON_NEW,0
2023,Feb,MI,PDL,DIGITAL,NEW,202
2023,Feb,MI,PDL,DIGITAL,NON_NEW,6567
2023,Feb,MI,PDL,DIGITAL,,1
2023,Feb,MI,PDL,PHYSICAL,NEW,753
2023,Feb,MI,PDL,PHYSICAL,NON_NEW,25722
2023,Feb,MI,PDL,PHYSICAL,,2
2023,Feb,MI,PDL,UNKNOWN,,-1
2023,Feb,MO,ILP,DIGITAL,NEW,46
2023,Feb,MO,ILP,DIGITAL,NON_NEW,141
2023,Feb,MO,ILP,DIGITAL,,0
2023,Feb,MO,ILP,PHYSICAL,NEW,133
2023,Feb,MO,ILP,PHYSICAL,NON_NEW,579
2023,Feb,MO,ILP,PHYSICAL,,-1
2023,Feb,MO,ILP,UNKNOWN,,0
2023,Feb,MO,PDL,DIGITAL,NEW,21
2023,Feb,MO,PDL,DIGITAL,NON_NEW,190
2023,Feb,MO,PDL,DIGITAL,,0
2023,Feb,MO,PDL,PHYSICAL,NEW,86
2023,Feb,MO,PDL,PHYSICAL,NON_NEW,1111
2023,Feb,MO,PDL,PHYSICAL,,-2
2023,Feb,MO,PDL,UNKNOWN,,0
2023,Feb,MS,ILP,DIGITAL,NEW,55
2023,Feb,MS,ILP,DIGITAL,NON_NEW,132
2023,Feb,MS,ILP,DIGITAL,,0
2023,Feb,MS,ILP,PHYSICAL,NEW,179
2023,Feb,MS,ILP,PHYSICAL,NON_NEW,823
2023,Feb,MS,ILP,PHYSICAL,,-4
2023,Feb,MS,ILP,UNKNOWN,,0
2023,Feb,MS,PDL,DIGITAL,NEW,10
2023,Feb,MS,PDL,DIGITAL,NON_NEW,262
2023,Feb,MS,PDL,DIGITAL,,0
2023,Feb,MS,PDL,PHYSICAL,NEW,161
2023,Feb,MS,PDL,PHYSICAL,NON_NEW,3538
2023,Feb,MS,PDL,PHYSICAL,,1
2023,Feb,MS,PDL,UNKNOWN,,0
2023,Feb,NC,ILP,PHYSICAL,,0
2023,Feb,NC,ILP,UNKNOWN,,0
2023,Feb,NC,PDL,PHYSICAL,,0
2023,Feb,NV,ILP,DIGITAL,NEW,28
2023,Feb,NV,ILP,DIGITAL,NON_NEW,51
2023,Feb,NV,ILP,DIGITAL,,0
2023,Feb,NV,ILP,PHYSICAL,NEW,35
2023,Feb,NV,ILP,PHYSICAL,NON_NEW,191
2023,Feb,NV,ILP,PHYSICAL,,-4
2023,Feb,NV,ILP,UNKNOWN,,-1
2023,Feb,NV,PDL,DIGITAL,NEW,0
2023,Feb,NV,PDL,DIGITAL,NON_NEW,0
2023,Feb,NV,PDL,PHYSICAL,NEW,0
2023,Feb,NV,PDL,PHYSICAL,NON_NEW,0
2023,Feb,NV,PDL,PHYSICAL,,0
2023,Feb,NV,PDL,UNKNOWN,,0
2023,Feb,OH,ILP,DIGITAL,NEW,187
2023,Feb,OH,ILP,DIGITAL,NON_NEW,766
2023,Feb,OH,ILP,DIGITAL,,1
2023,Feb,OH,ILP,PHYSICAL,NEW,325
2023,Feb,OH,ILP,PHYSICAL,NON_NEW,2961
2023,Feb,OH,ILP,PHYSICAL,,3
2023,Feb,OH,ILP,UNKNOWN,,0
2023,Feb,OH,ILP,,NEW,0
2023,Feb,OH,ILP,,,0
2023,Feb,OH,PDL,DIGITAL,NON_NEW,0
2023,Feb,OH,PDL,PHYSICAL,NON_NEW,0
2023,Feb,OK,ILP,DIGITAL,NEW,80
2023,Feb,OK,ILP,DIGITAL,NON_NEW,288
2023,Feb,OK,ILP,DIGITAL,,-1
2023,Feb,OK,ILP,PHYSICAL,NEW,153
2023,Feb,OK,ILP,PHYSICAL,NON_NEW,993
2023,Feb,OK,ILP,PHYSICAL,,-9
2023,Feb,OK,ILP,UNKNOWN,,0
2023,Feb,OK,PDL,PHYSICAL,NON_NEW,0
2023,Feb,RI,PDL,DIGITAL,NEW,16
2023,Feb,RI,PDL,DIGITAL,NON_NEW,403
2023,Feb,RI,PDL,DIGITAL,,0
2023,Feb,RI,PDL,PHYSICAL,NEW,74
2023,Feb,RI,PDL,PHYSICAL,NON_NEW,5049
2023,Feb,RI,PDL,PHYSICAL,,0
2023,Feb,RI,PDL,UNKNOWN,,0
2023,Feb,SC,PDL,DIGITAL,NEW,0
2023,Feb,SC,PDL,DIGITAL,NON_NEW,0
2023,Feb,SC,PDL,PHYSICAL,NEW,0
2023,Feb,SC,PDL,PHYSICAL,NON_NEW,0
2023,Feb,SC,PDL,PHYSICAL,,0
2023,Feb,SC,PDL,UNKNOWN,,0
2023,Feb,SC,PDL,,NON_NEW,0
2023,Feb,TN,ILP,DIGITAL,NON_NEW,0
2023,Feb,TN,ILP,PHYSICAL,NON_NEW,0
2023,Feb,TN,PDL,DIGITAL,NEW,18
2023,Feb,TN,PDL,DIGITAL,NON_NEW,444
2023,Feb,TN,PDL,DIGITAL,,0
2023,Feb,TN,PDL,PHYSICAL,NEW,119
2023,Feb,TN,PDL,PHYSICAL,NON_NEW,1854
2023,Feb,TN,PDL,PHYSICAL,,0
2023,Feb,TN,PDL,UNKNOWN,,0
2023,Feb,TN,PDL,,NEW,0
2023,Feb,TN,PDL,,NON_NEW,0
2023,Feb,TN,PDL,,,0
2023,Feb,TX,ILP,DIGITAL,NEW,287
2023,Feb,TX,ILP,DIGITAL,NON_NEW,1272
2023,Feb,TX,ILP,DIGITAL,,-6
2023,Feb,TX,ILP,PHYSICAL,NEW,644
2023,Feb,TX,ILP,PHYSICAL,NON_NEW,3386
2023,Feb,TX,ILP,PHYSICAL,,-8
2023,Feb,TX,ILP,UNKNOWN,,-2
2023,Feb,TX,PDL,DIGITAL,NEW,115
2023,Feb,TX,PDL,DIGITAL,NON_NEW,919
2023,Feb,TX,PDL,DIGITAL,,-3
2023,Feb,TX,PDL,PHYSICAL,NEW,340
2023,Feb,TX,PDL,PHYSICAL,NON_NEW,3151
2023,Feb,TX,PDL,PHYSICAL,,-4
2023,Feb,TX,PDL,UNKNOWN,,4
2023,Feb,UT,ILP,DIGITAL,NEW,8
2023,Feb,UT,ILP,DIGITAL,NON_NEW,17
2023,Feb,UT,ILP,DIGITAL,,0
2023,Feb,UT,ILP,PHYSICAL,NEW,11
2023,Feb,UT,ILP,PHYSICAL,NON_NEW,32
2023,Feb,UT,ILP,PHYSICAL,,0
2023,Feb,UT,ILP,UNKNOWN,,0
2023,Feb,UT,PDL,DIGITAL,NON_NEW,0
2023,Feb,UT,PDL,PHYSICAL,NEW,0
2023,Feb,UT,PDL,PHYSICAL,NON_NEW,0
2023,Feb,WI,ILP,DIGITAL,NEW,45
2023,Feb,WI,ILP,DIGITAL,NON_NEW,86
2023,Feb,WI,ILP,DIGITAL,,0
2023,Feb,WI,ILP,PHYSICAL,NEW,96
2023,Feb,WI,ILP,PHYSICAL,NON_NEW,294
2023,Feb,WI,ILP,PHYSICAL,,0
2023,Feb,WI,ILP,UNKNOWN,,0
2023,Feb,WI,PDL,DIGITAL,NON_NEW,0
2023,Feb,WI,PDL,PHYSICAL,NEW,0
2023,Feb,WI,PDL,PHYSICAL,NON_NEW,0
2023,Feb,WY,ILP,PHYSICAL,NON_NEW,0
2023,Feb,WY,PDL,DIGITAL,NEW,11
2023,Feb,WY,PDL,DIGITAL,NON_NEW,346
2023,Feb,WY,PDL,DIGITAL,,0
2023,Feb,WY,PDL,PHYSICAL,NEW,36
2023,Feb,WY,PDL,PHYSICAL,NON_NEW,1777
2023,Feb,WY,PDL,PHYSICAL,,0
2023,Feb,WY,PDL,UNKNOWN,,0
2023,Jan,AL,ILP,DIGITAL,NEW,196
2023,Jan,AL,ILP,DIGITAL,NON_NEW,508
2023,Jan,AL,ILP,DIGITAL,,0
2023,Jan,AL,ILP,PHYSICAL,NEW,702
2023,Jan,AL,ILP,PHYSICAL,NON_NEW,3324
2023,Jan,AL,ILP,PHYSICAL,,-3
2023,Jan,AL,ILP,UNKNOWN,,0
2023,Jan,AL,PDL,DIGITAL,NEW,0
2023,Jan,AL,PDL,DIGITAL,NON_NEW,0
2023,Jan,AL,PDL,DIGITAL,,0
2023,Jan,AL,PDL,PHYSICAL,NEW,0
2023,Jan,AL,PDL,PHYSICAL,NON_NEW,0
2023,Jan,AL,PDL,PHYSICAL,,0
2023,Jan,AL,PDL,UNKNOWN,,0
2023,Jan,AL,PDL,,NEW,0
2023,Jan,AL,PDL,,NON_NEW,0
2023,Jan,CA,ILP,DIGITAL,NON_NEW,0
2023,Jan,CA,ILP,PHYSICAL,NON_NEW,0
2023,Jan,CA,PDL,DIGITAL,NEW,947
2023,Jan,CA,PDL,DIGITAL,NON_NEW,18186
2023,Jan,CA,PDL,DIGITAL,,-3
2023,Jan,CA,PDL,PHYSICAL,NEW,2020
2023,Jan,CA,PDL,PHYSICAL,NON_NEW,59592
2023,Jan,CA,PDL,PHYSICAL,,-13
2023,Jan,CA,PDL,UNKNOWN,,-3
2023,Jan,CA,PDL,,NEW,0
2023,Jan,CA,PDL,,NON_NEW,0
2023,Jan,CA,PDL,,,0
2023,Jan,CO,ILP,DIGITAL,NEW,145
2023,Jan,CO,ILP,DIGITAL,NON_NEW,545
2023,Jan,CO,ILP,DIGITAL,,-3
2023,Jan,CO,ILP,PHYSICAL,NEW,314
2023,Jan,CO,ILP,PHYSICAL,NON_NEW,2119
2023,Jan,CO,ILP,PHYSICAL,,-3
2023,Jan,CO,ILP,UNKNOWN,,0
2023,Jan,CO,ILP,,NEW,0
2023,Jan,CO,PDL,DIGITAL,NEW,0
2023,Jan,CO,PDL,DIGITAL,NON_NEW,0
2023,Jan,CO,PDL,PHYSICAL,NON_NEW,0
2023,Jan,DE,ILP,DIGITAL,NEW,48
2023,Jan,DE,ILP,DIGITAL,NON_NEW,72
2023,Jan,DE,ILP,DIGITAL,,-1
2023,Jan,DE,ILP,PHYSICAL,NEW,72
2023,Jan,DE,ILP,PHYSICAL,NON_NEW,227
2023,Jan,DE,ILP,PHYSICAL,,0
2023,Jan,DE,ILP,UNKNOWN,,1
2023,Jan,FL,ILP,DIGITAL,NEW,607
2023,Jan,FL,ILP,DIGITAL,NON_NEW,3595
2023,Jan,FL,ILP,DIGITAL,,-1
2023,Jan,FL,ILP,PHYSICAL,NEW,1968
2023,Jan,FL,ILP,PHYSICAL,NON_NEW,16922
2023,Jan,FL,ILP,PHYSICAL,,-6
2023,Jan,FL,ILP,UNKNOWN,,-5
2023,Jan,FL,ILP,,NEW,0
2023,Jan,FL,ILP,,NON_NEW,0
2023,Jan,FL,ILP,,,0
2023,Jan,FL,PDL,DIGITAL,NEW,394
2023,Jan,FL,PDL,DIGITAL,NON_NEW,5284
2023,Jan,FL,PDL,DIGITAL,,1
2023,Jan,FL,PDL,PHYSICAL,NEW,1353
2023,Jan,FL,PDL,PHYSICAL,NON_NEW,29603
2023,Jan,FL,PDL,PHYSICAL,,-7
2023,Jan,FL,PDL,UNKNOWN,,-3
2023,Jan,FL,PDL,,NEW,0
2023,Jan,FL,PDL,,NON_NEW,0
2023,Jan,FL,PDL,,,0
2023,Jan,IA,ILP,PHYSICAL,NON_NEW,0
2023,Jan,IA,PDL,DIGITAL,NEW,98
2023,Jan,IA,PDL,DIGITAL,NON_NEW,1606
2023,Jan,IA,PDL,DIGITAL,,0
2023,Jan,IA,PDL,PHYSICAL,NEW,396
2023,Jan,IA,PDL,PHYSICAL,NON_NEW,10680
2023,Jan,IA,PDL,PHYSICAL,,-5
2023,Jan,IA,PDL,UNKNOWN,,-1
2023,Jan,ID,ILP,DIGITAL,NEW,37
2023,Jan,ID,ILP,DIGITAL,NON_NEW,50
2023,Jan,ID,ILP,DIGITAL,,0
2023,Jan,ID,ILP,PHYSICAL,NEW,37
2023,Jan,ID,ILP,PHYSICAL,NON_NEW,106
2023,Jan,ID,ILP,PHYSICAL,,0
2023,Jan,ID,ILP,UNKNOWN,,0
2023,Jan,ID,PDL,DIGITAL,NON_NEW,0
2023,Jan,ID,PDL,PHYSICAL,NON_NEW,0
2023,Jan,IN,PDL,DIGITAL,NEW,278
2023,Jan,IN,PDL,DIGITAL,NON_NEW,2512
2023,Jan,IN,PDL,DIGITAL,,1
2023,Jan,IN,PDL,PHYSICAL,NEW,897
2023,Jan,IN,PDL,PHYSICAL,NON_NEW,16907
2023,Jan,IN,PDL,PHYSICAL,,-2
2023,Jan,IN,PDL,UNKNOWN,,-2
2023,Jan,KS,ILP,DIGITAL,NON_NEW,0
2023,Jan,KS,ILP,PHYSICAL,NON_NEW,0
2023,Jan,KS,PDL,DIGITAL,NEW,32
2023,Jan,KS,PDL,DIGITAL,NON_NEW,478
2023,Jan,KS,PDL,DIGITAL,,0
2023,Jan,KS,PDL,PHYSICAL,NEW,173
2023,Jan,KS,PDL,PHYSICAL,NON_NEW,2435
2023,Jan,KS,PDL,PHYSICAL,,-2
2023,Jan,KS,PDL,UNKNOWN,,0
2023,Jan,KY,ILP,PHYSICAL,NON_NEW,0
2023,Jan,KY,PDL,DIGITAL,NON_NEW,12
2023,Jan,KY,PDL,PHYSICAL,NEW,426
2023,Jan,KY,PDL,PHYSICAL,NON_NEW,8347
2023,Jan,KY,PDL,PHYSICAL,,0
2023,Jan,KY,PDL,UNKNOWN,,1
2023,Jan,LA,ILP,PHYSICAL,NON_NEW,0
2023,Jan,LA,PDL,DIGITAL,NEW,138
2023,Jan,LA,PDL,DIGITAL,NON_NEW,2917
2023,Jan,LA,PDL,DIGITAL,,-1
2023,Jan,LA,PDL,PHYSICAL,NEW,624
2023,Jan,LA,PDL,PHYSICAL,NON_NEW,12712
2023,Jan,LA,PDL,PHYSICAL,,-4
2023,Jan,LA,PDL,UNKNOWN,,-1
2023,Jan,MI,ILP,DIGITAL,NON_NEW,0
2023,Jan,MI,ILP,PHYSICAL,NON_NEW,0
2023,Jan,MI,PDL,DIGITAL,NEW,592
2023,Jan,MI,PDL,DIGITAL,NON_NEW,11539
2023,Jan,MI,PDL,DIGITAL,,-2
2023,Jan,MI,PDL,PHYSICAL,NEW,2271
2023,Jan,MI,PDL,PHYSICAL,NON_NEW,44487
2023,Jan,MI,PDL,PHYSICAL,,-8
2023,Jan,MI,PDL,UNKNOWN,,-2
2023,Jan,MO,ILP,DIGITAL,NEW,115
2023,Jan,MO,ILP,DIGITAL,NON_NEW,283
2023,Jan,MO,ILP,DIGITAL,,-1
2023,Jan,MO,ILP,PHYSICAL,NEW,406
2023,Jan,MO,ILP,PHYSICAL,NON_NEW,1150
2023,Jan,MO,ILP,PHYSICAL,,-2
2023,Jan,MO,ILP,UNKNOWN,,1
2023,Jan,MO,PDL,DIGITAL,NEW,43
2023,Jan,MO,PDL,DIGITAL,NON_NEW,315
2023,Jan,MO,PDL,DIGITAL,,0
2023,Jan,MO,PDL,PHYSICAL,NEW,280
2023,Jan,MO,PDL,PHYSICAL,NON_NEW,1827
2023,Jan,MO,PDL,PHYSICAL,,1
2023,Jan,MO,PDL,UNKNOWN,,0
2023,Jan,MS,ILP,DIGITAL,NEW,159
2023,Jan,MS,ILP,DIGITAL,NON_NEW,314
2023,Jan,MS,ILP,DIGITAL,,-1
2023,Jan,MS,ILP,PHYSICAL,NEW,632
2023,Jan,MS,ILP,PHYSICAL,NON_NEW,1725
2023,Jan,MS,ILP,PHYSICAL,,-3
2023,Jan,MS,ILP,UNKNOWN,,0
2023,Jan,MS,PDL,DIGITAL,NEW,54
2023,Jan,MS,PDL,DIGITAL,NON_NEW,494
2023,Jan,MS,PDL,DIGITAL,,0
2023,Jan,MS,PDL,PHYSICAL,NEW,573
2023,Jan,MS,PDL,PHYSICAL,NON_NEW,5202
2023,Jan,MS,PDL,PHYSICAL,,0
2023,Jan,MS,PDL,UNKNOWN,,0
2023,Jan,NC,ILP,UNKNOWN,,0
2023,Jan,NC,PDL,PHYSICAL,,0
2023,Jan,NV,ILP,DIGITAL,NEW,60
2023,Jan,NV,ILP,DIGITAL,NON_NEW,116
2023,Jan,NV,ILP,DIGITAL,,-2
2023,Jan,NV,ILP,PHYSICAL,NEW,92
2023,Jan,NV,ILP,PHYSICAL,NON_NEW,398
2023,Jan,NV,ILP,PHYSICAL,,0
2023,Jan,NV,ILP,UNKNOWN,,0
2023,Jan,NV,PDL,DIGITAL,NEW,0
2023,Jan,NV,PDL,DIGITAL,NON_NEW,0
2023,Jan,NV,PDL,PHYSICAL,NEW,0
2023,Jan,NV,PDL,PHYSICAL,NON_NEW,0
2023,Jan,NV,PDL,PHYSICAL,,0
2023,Jan,NV,PDL,UNKNOWN,,0
2023,Jan,OH,ILP,DIGITAL,NEW,419
2023,Jan,OH,ILP,DIGITAL,NON_NEW,1339
2023,Jan,OH,ILP,DIGITAL,,1
2023,Jan,OH,ILP,PHYSICAL,NEW,1081
2023,Jan,OH,ILP,PHYSICAL,NON_NEW,4787
2023,Jan,OH,ILP,PHYSICAL,,-2
2023,Jan,OH,ILP,UNKNOWN,,0
2023,Jan,OH,ILP,,NEW,0
2023,Jan,OH,ILP,,,0
2023,Jan,OH,PDL,DIGITAL,NON_NEW,0
2023,Jan,OH,PDL,PHYSICAL,NON_NEW,0
2023,Jan,OK,ILP,DIGITAL,NEW,202
2023,Jan,OK,ILP,DIGITAL,NON_NEW,620
2023,Jan,OK,ILP,DIGITAL,,-2
2023,Jan,OK,ILP,PHYSICAL,NEW,461
2023,Jan,OK,ILP,PHYSICAL,NON_NEW,1739
2023,Jan,OK,ILP,PHYSICAL,,-4
2023,Jan,OK,ILP,UNKNOWN,,-1
2023,Jan,OK,PDL,PHYSICAL,NON_NEW,0
2023,Jan,RI,PDL,DIGITAL,NEW,45
2023,Jan,RI,PDL,DIGITAL,NON_NEW,605
2023,Jan,RI,PDL,DIGITAL,,0
2023,Jan,RI,PDL,PHYSICAL,NEW,248
2023,Jan,RI,PDL,PHYSICAL,NON_NEW,7416
2023,Jan,RI,PDL,PHYSICAL,,0
2023,Jan,RI,PDL,UNKNOWN,,0
2023,Jan,SC,PDL,DIGITAL,NEW,0
2023,Jan,SC,PDL,DIGITAL,NON_NEW,0
2023,Jan,SC,PDL,PHYSICAL,NEW,0
2023,Jan,SC,PDL,PHYSICAL,NON_NEW,0
2023,Jan,SC,PDL,PHYSICAL,,0
2023,Jan,SC,PDL,UNKNOWN,,0
2023,Jan,SC,PDL,,NON_NEW,0
2023,Jan,TN,ILP,DIGITAL,NON_NEW,0
2023,Jan,TN,ILP,PHYSICAL,NON_NEW,0
2023,Jan,TN,PDL,DIGITAL,NEW,46
2023,Jan,TN,PDL,DIGITAL,NON_NEW,748
2023,Jan,TN,PDL,DIGITAL,,0
2023,Jan,TN,PDL,PHYSICAL,NEW,383
2023,Jan,TN,PDL,PHYSICAL,NON_NEW,2949
2023,Jan,TN,PDL,PHYSICAL,,0
2023,Jan,TN,PDL,UNKNOWN,,0
2023,Jan,TN,PDL,,NEW,0
2023,Jan,TN,PDL,,NON_NEW,0
2023,Jan,TN,PDL,,,0
2023,Jan,TX,ILP,DIGITAL,NEW,719
2023,Jan,TX,ILP,DIGITAL,NON_NEW,2351
2023,Jan,TX,ILP,DIGITAL,,-8
2023,Jan,TX,ILP,PHYSICAL,NEW,1534
2023,Jan,TX,ILP,PHYSICAL,NON_NEW,5506
2023,Jan,TX,ILP,PHYSICAL,,-24
2023,Jan,TX,ILP,UNKNOWN,,-10
2023,Jan,TX,PDL,DIGITAL,NEW,263
2023,Jan,TX,PDL,DIGITAL,NON_NEW,1714
2023,Jan,TX,PDL,DIGITAL,,1
2023,Jan,TX,PDL,PHYSICAL,NEW,1049
2023,Jan,TX,PDL,PHYSICAL,NON_NEW,4878
2023,Jan,TX,PDL,PHYSICAL,,-44
2023,Jan,TX,PDL,UNKNOWN,,-3
2023,Jan,UT,ILP,DIGITAL,NEW,18
2023,Jan,UT,ILP,DIGITAL,NON_NEW,41
2023,Jan,UT,ILP,DIGITAL,,-1
2023,Jan,UT,ILP,PHYSICAL,NEW,37
2023,Jan,UT,ILP,PHYSICAL,NON_NEW,74
2023,Jan,UT,ILP,PHYSICAL,,0
2023,Jan,UT,ILP,UNKNOWN,,-1
2023,Jan,UT,PDL,DIGITAL,NON_NEW,0
2023,Jan,UT,PDL,PHYSICAL,NEW,0
2023,Jan,UT,PDL,PHYSICAL,NON_NEW,0
2023,Jan,WI,ILP,DIGITAL,NEW,125
2023,Jan,WI,ILP,DIGITAL,NON_NEW,215
2023,Jan,WI,ILP,DIGITAL,,0
2023,Jan,WI,ILP,PHYSICAL,NEW,276
2023,Jan,WI,ILP,PHYSICAL,NON_NEW,656
2023,Jan,WI,ILP,PHYSICAL,,1
2023,Jan,WI,ILP,UNKNOWN,,0
2023,Jan,WI,PDL,DIGITAL,NON_NEW,0
2023,Jan,WI,PDL,PHYSICAL,NEW,0
2023,Jan,WI,PDL,PHYSICAL,NON_NEW,0
2023,Jan,WY,ILP,PHYSICAL,NON_NEW,0
2023,Jan,WY,PDL,DIGITAL,NEW,27
2023,Jan,WY,PDL,DIGITAL,NON_NEW,591
2023,Jan,WY,PDL,DIGITAL,,0
2023,Jan,WY,PDL,PHYSICAL,NEW,108
2023,Jan,WY,PDL,PHYSICAL,NON_NEW,3072
2023,Jan,WY,PDL,PHYSICAL,,0
2023,Jan,WY,PDL,UNKNOWN,,0
2023,Jul,AL,ILP,DIGITAL,NEW,473
2023,Jul,AL,ILP,DIGITAL,NON_NEW,691
2023,Jul,AL,ILP,DIGITAL,,-6
2023,Jul,AL,ILP,PHYSICAL,NEW,1729
2023,Jul,AL,ILP,PHYSICAL,NON_NEW,3834
2023,Jul,AL,ILP,PHYSICAL,,-11
2023,Jul,AL,ILP,UNKNOWN,NEW,12
2023,Jul,AL,ILP,UNKNOWN,,-14
2023,Jul,AL,PDL,DIGITAL,NEW,0
2023,Jul,AL,PDL,DIGITAL,NON_NEW,0
2023,Jul,AL,PDL,DIGITAL,,0
2023,Jul,AL,PDL,PHYSICAL,NEW,0
2023,Jul,AL,PDL,PHYSICAL,NON_NEW,0
2023,Jul,AL,PDL,PHYSICAL,,0
2023,Jul,AL,PDL,UNKNOWN,,0
2023,Jul,AL,PDL,,NEW,0
2023,Jul,AL,PDL,,NON_NEW,0
2023,Jul,CA,ILP,DIGITAL,NON_NEW,0
2023,Jul,CA,ILP,PHYSICAL,NON_NEW,0
2023,Jul,CA,PDL,DIGITAL,NEW,1025
2023,Jul,CA,PDL,DIGITAL,NON_NEW,17715
2023,Jul,CA,PDL,DIGITAL,,-17
2023,Jul,CA,PDL,PHYSICAL,NEW,2812
2023,Jul,CA,PDL,PHYSICAL,NON_NEW,60535
2023,Jul,CA,PDL,PHYSICAL,,-93
2023,Jul,CA,PDL,UNKNOWN,NEW,20
2023,Jul,CA,PDL,UNKNOWN,NON_NEW,0
2023,Jul,CA,PDL,UNKNOWN,,-28
2023,Jul,CA,PDL,,NEW,0
2023,Jul,CA,PDL,,NON_NEW,0
2023,Jul,CA,PDL,,,0
2023,Jul,CO,ILP,DIGITAL,NEW,59
2023,Jul,CO,ILP,DIGITAL,NON_NEW,647
2023,Jul,CO,ILP,DIGITAL,,-2
2023,Jul,CO,ILP,PHYSICAL,NEW,41
2023,Jul,CO,ILP,PHYSICAL,NON_NEW,2248
2023,Jul,CO,ILP,PHYSICAL,,-4
2023,Jul,CO,ILP,UNKNOWN,NEW,2
2023,Jul,CO,ILP,UNKNOWN,,-1
2023,Jul,CO,ILP,,NEW,0
2023,Jul,CO,PDL,DIGITAL,NEW,0
2023,Jul,CO,PDL,DIGITAL,NON_NEW,0
2023,Jul,CO,PDL,PHYSICAL,NON_NEW,0
2023,Jul,DE,ILP,DIGITAL,NEW,50
2023,Jul,DE,ILP,DIGITAL,NON_NEW,61
2023,Jul,DE,ILP,DIGITAL,,-1
2023,Jul,DE,ILP,PHYSICAL,NEW,165
2023,Jul,DE,ILP,PHYSICAL,NON_NEW,247
2023,Jul,DE,ILP,PHYSICAL,,4
2023,Jul,DE,ILP,UNKNOWN,NEW,5
2023,Jul,DE,ILP,UNKNOWN,,-2
2023,Jul,FL,ILP,DIGITAL,NEW,747
2023,Jul,FL,ILP,DIGITAL,NON_NEW,4236
2023,Jul,FL,ILP,DIGITAL,,-2
2023,Jul,FL,ILP,PHYSICAL,NEW,2737
2023,Jul,FL,ILP,PHYSICAL,NON_NEW,20200
2023,Jul,FL,ILP,PHYSICAL,,3
2023,Jul,FL,ILP,UNKNOWN,NEW,18
2023,Jul,FL,ILP,UNKNOWN,,-17
2023,Jul,FL,ILP,,NEW,0
2023,Jul,FL,ILP,,NON_NEW,0
2023,Jul,FL,ILP,,,0
2023,Jul,FL,PDL,DIGITAL,NEW,344
2023,Jul,FL,PDL,DIGITAL,NON_NEW,4838
2023,Jul,FL,PDL,DIGITAL,,-7
2023,Jul,FL,PDL,PHYSICAL,NEW,591
2023,Jul,FL,PDL,PHYSICAL,NON_NEW,27471
2023,Jul,FL,PDL,PHYSICAL,,-20
2023,Jul,FL,PDL,UNKNOWN,NEW,8
2023,Jul,FL,PDL,UNKNOWN,,-8
2023,Jul,FL,PDL,,NEW,0
2023,Jul,FL,PDL,,NON_NEW,0
2023,Jul,FL,PDL,,,0
2023,Jul,IA,ILP,PHYSICAL,NON_NEW,0
2023,Jul,IA,PDL,DIGITAL,NEW,89
2023,Jul,IA,PDL,DIGITAL,NON_NEW,1625
2023,Jul,IA,PDL,DIGITAL,,0
2023,Jul,IA,PDL,PHYSICAL,NEW,467
2023,Jul,IA,PDL,PHYSICAL,NON_NEW,10548
2023,Jul,IA,PDL,PHYSICAL,,-7
2023,Jul,IA,PDL,UNKNOWN,NEW,5
2023,Jul,IA,PDL,UNKNOWN,,-5
2023,Jul,ID,ILP,DIGITAL,NEW,46
2023,Jul,ID,ILP,DIGITAL,NON_NEW,49
2023,Jul,ID,ILP,DIGITAL,,0
2023,Jul,ID,ILP,PHYSICAL,NEW,50
2023,Jul,ID,ILP,PHYSICAL,NON_NEW,96
2023,Jul,ID,ILP,PHYSICAL,,0
2023,Jul,ID,ILP,UNKNOWN,,0
2023,Jul,ID,PDL,PHYSICAL,NON_NEW,0
2023,Jul,IN,PDL,DIGITAL,NEW,202
2023,Jul,IN,PDL,DIGITAL,NON_NEW,2453
2023,Jul,IN,PDL,DIGITAL,,0
2023,Jul,IN,PDL,PHYSICAL,NEW,623
2023,Jul,IN,PDL,PHYSICAL,NON_NEW,16323
2023,Jul,IN,PDL,PHYSICAL,,-5
2023,Jul,IN,PDL,UNKNOWN,NEW,7
2023,Jul,IN,PDL,UNKNOWN,,-8
2023,Jul,KS,ILP,DIGITAL,NON_NEW,0
2023,Jul,KS,ILP,PHYSICAL,NON_NEW,0
2023,Jul,KS,PDL,DIGITAL,NEW,35
2023,Jul,KS,PDL,DIGITAL,NON_NEW,485
2023,Jul,KS,PDL,DIGITAL,,-2
2023,Jul,KS,PDL,PHYSICAL,NEW,165
2023,Jul,KS,PDL,PHYSICAL,NON_NEW,2083
2023,Jul,KS,PDL,PHYSICAL,,-4
2023,Jul,KS,PDL,UNKNOWN,NEW,2
2023,Jul,KS,PDL,UNKNOWN,,-2
2023,Jul,KY,ILP,PHYSICAL,NON_NEW,0
2023,Jul,KY,PDL,DIGITAL,NEW,45
2023,Jul,KY,PDL,DIGITAL,NON_NEW,22
2023,Jul,KY,PDL,PHYSICAL,NEW,371
2023,Jul,KY,PDL,PHYSICAL,NON_NEW,8362
2023,Jul,KY,PDL,PHYSICAL,,-8
2023,Jul,KY,PDL,UNKNOWN,,0
2023,Jul,LA,ILP,PHYSICAL,NON_NEW,0
2023,Jul,LA,PDL,DIGITAL,NEW,131
2023,Jul,LA,PDL,DIGITAL,NON_NEW,2573
2023,Jul,LA,PDL,DIGITAL,,-1
2023,Jul,LA,PDL,PHYSICAL,NEW,547
2023,Jul,LA,PDL,PHYSICAL,NON_NEW,12029
2023,Jul,LA,PDL,PHYSICAL,,-6
2023,Jul,LA,PDL,UNKNOWN,NEW,5
2023,Jul,LA,PDL,UNKNOWN,,-6
2023,Jul,MI,ILP,DIGITAL,NON_NEW,0
2023,Jul,MI,ILP,PHYSICAL,NON_NEW,0
2023,Jul,MI,PDL,DIGITAL,NEW,634
2023,Jul,MI,PDL,DIGITAL,NON_NEW,11411
2023,Jul,MI,PDL,DIGITAL,,-7
2023,Jul,MI,PDL,PHYSICAL,NEW,1784
2023,Jul,MI,PDL,PHYSICAL,NON_NEW,44647
2023,Jul,MI,PDL,PHYSICAL,,-35
2023,Jul,MI,PDL,UNKNOWN,NEW,14
2023,Jul,MI,PDL,UNKNOWN,,-12
2023,Jul,MO,ILP,DIGITAL,NEW,195
2023,Jul,MO,ILP,DIGITAL,NON_NEW,285
2023,Jul,MO,ILP,DIGITAL,,-1
2023,Jul,MO,ILP,PHYSICAL,NEW,791
2023,Jul,MO,ILP,PHYSICAL,NON_NEW,1285
2023,Jul,MO,ILP,PHYSICAL,,-2
2023,Jul,MO,ILP,UNKNOWN,NEW,10
2023,Jul,MO,ILP,UNKNOWN,,-9
2023,Jul,MO,PDL,DIGITAL,NEW,44
2023,Jul,MO,PDL,DIGITAL,NON_NEW,282
2023,Jul,MO,PDL,DIGITAL,,-1
2023,Jul,MO,PDL,PHYSICAL,NEW,108
2023,Jul,MO,PDL,PHYSICAL,NON_NEW,1295
2023,Jul,MO,PDL,PHYSICAL,,-6
2023,Jul,MO,PDL,UNKNOWN,NEW,1
2023,Jul,MO,PDL,UNKNOWN,,-1
2023,Jul,MS,ILP,DIGITAL,NEW,278
2023,Jul,MS,ILP,DIGITAL,NON_NEW,345
2023,Jul,MS,ILP,DIGITAL,,-1
2023,Jul,MS,ILP,PHYSICAL,NEW,1407
2023,Jul,MS,ILP,PHYSICAL,NON_NEW,2347
2023,Jul,MS,ILP,PHYSICAL,,-7
2023,Jul,MS,ILP,UNKNOWN,NEW,7
2023,Jul,MS,ILP,UNKNOWN,,-9
2023,Jul,MS,PDL,DIGITAL,NEW,58
2023,Jul,MS,PDL,DIGITAL,NON_NEW,462
2023,Jul,MS,PDL,DIGITAL,,-1
2023,Jul,MS,PDL,PHYSICAL,NEW,502
2023,Jul,MS,PDL,PHYSICAL,NON_NEW,4175
2023,Jul,MS,PDL,PHYSICAL,,-9
2023,Jul,MS,PDL,UNKNOWN,NEW,1
2023,Jul,MS,PDL,UNKNOWN,,-1
2023,Jul,NC,ILP,PHYSICAL,,0
2023,Jul,NC,ILP,UNKNOWN,,0
2023,Jul,NC,PDL,PHYSICAL,,0
2023,Jul,NV,ILP,DIGITAL,NEW,120
2023,Jul,NV,ILP,DIGITAL,NON_NEW,109
2023,Jul,NV,ILP,DIGITAL,,-2
2023,Jul,NV,ILP,PHYSICAL,NEW,158
2023,Jul,NV,ILP,PHYSICAL,NON_NEW,415
2023,Jul,NV,ILP,PHYSICAL,,-7
2023,Jul,NV,ILP,UNKNOWN,NEW,5
2023,Jul,NV,ILP,UNKNOWN,,-6
2023,Jul,NV,PDL,DIGITAL,NEW,0
2023,Jul,NV,PDL,DIGITAL,NON_NEW,0
2023,Jul,NV,PDL,PHYSICAL,NEW,0
2023,Jul,NV,PDL,PHYSICAL,NON_NEW,0
2023,Jul,NV,PDL,PHYSICAL,,0
2023,Jul,NV,PDL,UNKNOWN,,0
2023,Jul,OH,ILP,DIGITAL,NEW,836
2023,Jul,OH,ILP,DIGITAL,NON_NEW,1566
2023,Jul,OH,ILP,DIGITAL,,-4
2023,Jul,OH,ILP,PHYSICAL,NEW,1619
2023,Jul,OH,ILP,PHYSICAL,NON_NEW,5874
2023,Jul,OH,ILP,PHYSICAL,,-2
2023,Jul,OH,ILP,UNKNOWN,NEW,22
2023,Jul,OH,ILP,UNKNOWN,,-21
2023,Jul,OH,ILP,,NEW,0
2023,Jul,OH,ILP,,,0
2023,Jul,OH,PDL,DIGITAL,NON_NEW,0
2023,Jul,OH,PDL,PHYSICAL,NON_NEW,0
2023,Jul,OK,ILP,DIGITAL,NEW,324
2023,Jul,OK,ILP,DIGITAL,NON_NEW,701
2023,Jul,OK,ILP,DIGITAL,,-2
2023,Jul,OK,ILP,PHYSICAL,NEW,711
2023,Jul,OK,ILP,PHYSICAL,NON_NEW,2210
2023,Jul,OK,ILP,PHYSICAL,,-15
2023,Jul,OK,ILP,UNKNOWN,NEW,9
2023,Jul,OK,ILP,UNKNOWN,,-8
2023,Jul,OK,PDL,PHYSICAL,NON_NEW,0
2023,Jul,RI,PDL,DIGITAL,NEW,41
2023,Jul,RI,PDL,DIGITAL,NON_NEW,636
2023,Jul,RI,PDL,DIGITAL,,0
2023,Jul,RI,PDL,PHYSICAL,NEW,245
2023,Jul,RI,PDL,PHYSICAL,NON_NEW,7294
2023,Jul,RI,PDL,PHYSICAL,,-4
2023,Jul,RI,PDL,UNKNOWN,NEW,1
2023,Jul,RI,PDL,UNKNOWN,,-1
2023,Jul,SC,PDL,DIGITAL,NEW,0
2023,Jul,SC,PDL,DIGITAL,NON_NEW,0
2023,Jul,SC,PDL,PHYSICAL,NEW,0
2023,Jul,SC,PDL,PHYSICAL,NON_NEW,0
2023,Jul,SC,PDL,PHYSICAL,,0
2023,Jul,SC,PDL,UNKNOWN,,0
2023,Jul,SC,PDL,,NON_NEW,0
2023,Jul,TN,ILP,DIGITAL,NON_NEW,0
2023,Jul,TN,ILP,PHYSICAL,NON_NEW,0
2023,Jul,TN,PDL,DIGITAL,NEW,56
2023,Jul,TN,PDL,DIGITAL,NON_NEW,645
2023,Jul,TN,PDL,DIGITAL,,-2
2023,Jul,TN,PDL,PHYSICAL,NEW,230
2023,Jul,TN,PDL,PHYSICAL,NON_NEW,2001
2023,Jul,TN,PDL,PHYSICAL,,0
2023,Jul,TN,PDL,UNKNOWN,NEW,5
2023,Jul,TN,PDL,UNKNOWN,,-4
2023,Jul,TN,PDL,,NEW,0
2023,Jul,TN,PDL,,NON_NEW,0
2023,Jul,TN,PDL,,,0
2023,Jul,TX,ILP,DIGITAL,NEW,1226
2023,Jul,TX,ILP,DIGITAL,NON_NEW,2596
2023,Jul,TX,ILP,DIGITAL,,-10
2023,Jul,TX,ILP,PHYSICAL,NEW,3229
2023,Jul,TX,ILP,PHYSICAL,NON_NEW,7071
2023,Jul,TX,ILP,PHYSICAL,,-34
2023,Jul,TX,ILP,UNKNOWN,NEW,57
2023,Jul,TX,ILP,UNKNOWN,,-59
2023,Jul,TX,PDL,DIGITAL,NEW,378
2023,Jul,TX,PDL,DIGITAL,NON_NEW,1400
2023,Jul,TX,PDL,DIGITAL,,-11
2023,Jul,TX,PDL,PHYSICAL,NEW,363
2023,Jul,TX,PDL,PHYSICAL,NON_NEW,2945
2023,Jul,TX,PDL,PHYSICAL,,-97
2023,Jul,TX,PDL,UNKNOWN,NEW,18
2023,Jul,TX,PDL,UNKNOWN,,-17
2023,Jul,UT,ILP,DIGITAL,NEW,47
2023,Jul,UT,ILP,DIGITAL,NON_NEW,40
2023,Jul,UT,ILP,DIGITAL,,0
2023,Jul,UT,ILP,PHYSICAL,NEW,42
2023,Jul,UT,ILP,PHYSICAL,NON_NEW,68
2023,Jul,UT,ILP,PHYSICAL,,0
2023,Jul,UT,ILP,UNKNOWN,NEW,2
2023,Jul,UT,ILP,UNKNOWN,,-1
2023,Jul,UT,PDL,DIGITAL,NON_NEW,0
2023,Jul,UT,PDL,PHYSICAL,NEW,0
2023,Jul,UT,PDL,PHYSICAL,NON_NEW,0
2023,Jul,WI,ILP,DIGITAL,NEW,148
2023,Jul,WI,ILP,DIGITAL,NON_NEW,218
2023,Jul,WI,ILP,DIGITAL,,-2
2023,Jul,WI,ILP,PHYSICAL,NEW,457
2023,Jul,WI,ILP,PHYSICAL,NON_NEW,645
2023,Jul,WI,ILP,PHYSICAL,,-9
2023,Jul,WI,ILP,UNKNOWN,NEW,6
2023,Jul,WI,ILP,UNKNOWN,,-6
2023,Jul,WI,PDL,DIGITAL,NON_NEW,0
2023,Jul,WI,PDL,PHYSICAL,NEW,0
2023,Jul,WI,PDL,PHYSICAL,NON_NEW,0
2023,Jul,WY,ILP,PHYSICAL,NON_NEW,0
2023,Jul,WY,PDL,DIGITAL,NEW,20
2023,Jul,WY,PDL,DIGITAL,NON_NEW,576
2023,Jul,WY,PDL,DIGITAL,,0
2023,Jul,WY,PDL,PHYSICAL,NEW,107
2023,Jul,WY,PDL,PHYSICAL,NON_NEW,2856
2023,Jul,WY,PDL,PHYSICAL,,-3
2023,Jul,WY,PDL,UNKNOWN,NEW,1
2023,Jul,WY,PDL,UNKNOWN,,-1
2023,Jun,AL,ILP,DIGITAL,NEW,242
2023,Jun,AL,ILP,DIGITAL,NON_NEW,681
2023,Jun,AL,ILP,DIGITAL,,4
2023,Jun,AL,ILP,PHYSICAL,NEW,1365
2023,Jun,AL,ILP,PHYSICAL,NON_NEW,3828
2023,Jun,AL,ILP,PHYSICAL,,18
2023,Jun,AL,ILP,UNKNOWN,NEW,8
2023,Jun,AL,ILP,UNKNOWN,,-10
2023,Jun,AL,PDL,DIGITAL,NEW,0
2023,Jun,AL,PDL,DIGITAL,NON_NEW,0
2023,Jun,AL,PDL,DIGITAL,,0
2023,Jun,AL,PDL,PHYSICAL,NEW,0
2023,Jun,AL,PDL,PHYSICAL,NON_NEW,0
2023,Jun,AL,PDL,PHYSICAL,,0
2023,Jun,AL,PDL,UNKNOWN,,0
2023,Jun,AL,PDL,,NEW,0
2023,Jun,AL,PDL,,NON_NEW,0
2023,Jun,CA,ILP,DIGITAL,NON_NEW,0
2023,Jun,CA,ILP,PHYSICAL,NON_NEW,0
2023,Jun,CA,PDL,DIGITAL,NEW,870
2023,Jun,CA,PDL,DIGITAL,NON_NEW,17756
2023,Jun,CA,PDL,DIGITAL,,-10
2023,Jun,CA,PDL,PHYSICAL,NEW,2618
2023,Jun,CA,PDL,PHYSICAL,NON_NEW,64133
2023,Jun,CA,PDL,PHYSICAL,,22
2023,Jun,CA,PDL,UNKNOWN,NEW,24
2023,Jun,CA,PDL,UNKNOWN,NON_NEW,2
2023,Jun,CA,PDL,UNKNOWN,,-21
2023,Jun,CA,PDL,,NEW,0
2023,Jun,CA,PDL,,NON_NEW,0
2023,Jun,CA,PDL,,,0
2023,Jun,CO,ILP,DIGITAL,NEW,95
2023,Jun,CO,ILP,DIGITAL,NON_NEW,582
2023,Jun,CO,ILP,DIGITAL,,0
2023,Jun,CO,ILP,PHYSICAL,NEW,177
2023,Jun,CO,ILP,PHYSICAL,NON_NEW,2337
2023,Jun,CO,ILP,PHYSICAL,,-1
2023,Jun,CO,ILP,UNKNOWN,NEW,1
2023,Jun,CO,ILP,UNKNOWN,,-2
2023,Jun,CO,ILP,,NEW,0
2023,Jun,CO,PDL,DIGITAL,NEW,0
2023,Jun,CO,PDL,DIGITAL,NON_NEW,0
2023,Jun,CO,PDL,PHYSICAL,NON_NEW,0
2023,Jun,DE,ILP,DIGITAL,NEW,38
2023,Jun,DE,ILP,DIGITAL,NON_NEW,68
2023,Jun,DE,ILP,DIGITAL,,0
2023,Jun,DE,ILP,PHYSICAL,NEW,142
2023,Jun,DE,ILP,PHYSICAL,NON_NEW,217
2023,Jun,DE,ILP,PHYSICAL,,4
2023,Jun,DE,ILP,UNKNOWN,,0
2023,Jun,FL,ILP,DIGITAL,NEW,636
2023,Jun,FL,ILP,DIGITAL,NON_NEW,4188
2023,Jun,FL,ILP,DIGITAL,,6
2023,Jun,FL,ILP,PHYSICAL,NEW,2678
2023,Jun,FL,ILP,PHYSICAL,NON_NEW,19517
2023,Jun,FL,ILP,PHYSICAL,,27
2023,Jun,FL,ILP,UNKNOWN,NEW,9
2023,Jun,FL,ILP,UNKNOWN,,-8
2023,Jun,FL,ILP,,NEW,0
2023,Jun,FL,ILP,,NON_NEW,0
2023,Jun,FL,ILP,,,0
2023,Jun,FL,PDL,DIGITAL,NEW,316
2023,Jun,FL,PDL,DIGITAL,NON_NEW,4624
2023,Jun,FL,PDL,DIGITAL,,-1
2023,Jun,FL,PDL,PHYSICAL,NEW,536
2023,Jun,FL,PDL,PHYSICAL,NON_NEW,27675
2023,Jun,FL,PDL,PHYSICAL,,-5
2023,Jun,FL,PDL,UNKNOWN,NEW,4
2023,Jun,FL,PDL,UNKNOWN,,-4
2023,Jun,FL,PDL,,NEW,0
2023,Jun,FL,PDL,,NON_NEW,0
2023,Jun,FL,PDL,,,0
2023,Jun,IA,ILP,PHYSICAL,NON_NEW,0
2023,Jun,IA,PDL,DIGITAL,NEW,67
2023,Jun,IA,PDL,DIGITAL,NON_NEW,1560
2023,Jun,IA,PDL,DIGITAL,,-2
2023,Jun,IA,PDL,PHYSICAL,NEW,504
2023,Jun,IA,PDL,PHYSICAL,NON_NEW,10055
2023,Jun,IA,PDL,PHYSICAL,,7
2023,Jun,IA,PDL,UNKNOWN,NEW,1
2023,Jun,IA,PDL,UNKNOWN,,-1
2023,Jun,ID,ILP,DIGITAL,NEW,36
2023,Jun,ID,ILP,DIGITAL,NON_NEW,56
2023,Jun,ID,ILP,DIGITAL,,0
2023,Jun,ID,ILP,PHYSICAL,NEW,50
2023,Jun,ID,ILP,PHYSICAL,NON_NEW,92
2023,Jun,ID,ILP,PHYSICAL,,5
2023,Jun,ID,ILP,UNKNOWN,,0
2023,Jun,ID,PDL,PHYSICAL,NON_NEW,0
2023,Jun,IN,PDL,DIGITAL,NEW,174
2023,Jun,IN,PDL,DIGITAL,NON_NEW,2566
2023,Jun,IN,PDL,DIGITAL,,2
2023,Jun,IN,PDL,PHYSICAL,NEW,668
2023,Jun,IN,PDL,PHYSICAL,NON_NEW,17886
2023,Jun,IN,PDL,PHYSICAL,,9
2023,Jun,IN,PDL,UNKNOWN,NEW,2
2023,Jun,IN,PDL,UNKNOWN,,-1
2023,Jun,KS,ILP,DIGITAL,NON_NEW,0
2023,Jun,KS,ILP,PHYSICAL,NON_NEW,0
2023,Jun,KS,PDL,DIGITAL,NEW,37
2023,Jun,KS,PDL,DIGITAL,NON_NEW,510
2023,Jun,KS,PDL,DIGITAL,,1
2023,Jun,KS,PDL,PHYSICAL,NEW,186
2023,Jun,KS,PDL,PHYSICAL,NON_NEW,2446
2023,Jun,KS,PDL,PHYSICAL,,0
2023,Jun,KS,PDL,UNKNOWN,,0
2023,Jun,KY,ILP,PHYSICAL,NON_NEW,0
2023,Jun,KY,PDL,DIGITAL,NON_NEW,2
2023,Jun,KY,PDL,PHYSICAL,NEW,472
2023,Jun,KY,PDL,PHYSICAL,NON_NEW,8794
2023,Jun,KY,PDL,PHYSICAL,,5
2023,Jun,KY,PDL,UNKNOWN,,0
2023,Jun,LA,ILP,PHYSICAL,NON_NEW,0
2023,Jun,LA,PDL,DIGITAL,NEW,126
2023,Jun,LA,PDL,DIGITAL,NON_NEW,2725
2023,Jun,LA,PDL,DIGITAL,,0
2023,Jun,LA,PDL,PHYSICAL,NEW,466
2023,Jun,LA,PDL,PHYSICAL,NON_NEW,13902
2023,Jun,LA,PDL,PHYSICAL,,11
2023,Jun,LA,PDL,UNKNOWN,NEW,1
2023,Jun,LA,PDL,UNKNOWN,,0
2023,Jun,MI,ILP,DIGITAL,NON_NEW,0
2023,Jun,MI,ILP,PHYSICAL,NON_NEW,0
2023,Jun,MI,PDL,DIGITAL,NEW,535
2023,Jun,MI,PDL,DIGITAL,NON_NEW,11549
2023,Jun,MI,PDL,DIGITAL,,6
2023,Jun,MI,PDL,PHYSICAL,NEW,1732
2023,Jun,MI,PDL,PHYSICAL,NON_NEW,48031
2023,Jun,MI,PDL,PHYSICAL,,14
2023,Jun,MI,PDL,UNKNOWN,NEW,5
2023,Jun,MI,PDL,UNKNOWN,,-6
2023,Jun,MO,ILP,DIGITAL,NEW,152
2023,Jun,MO,ILP,DIGITAL,NON_NEW,359
2023,Jun,MO,ILP,DIGITAL,,4
2023,Jun,MO,ILP,PHYSICAL,NEW,708
2023,Jun,MO,ILP,PHYSICAL,NON_NEW,1379
2023,Jun,MO,ILP,PHYSICAL,,8
2023,Jun,MO,ILP,UNKNOWN,NEW,2
2023,Jun,MO,ILP,UNKNOWN,,-2
2023,Jun,MO,PDL,DIGITAL,NEW,47
2023,Jun,MO,PDL,DIGITAL,NON_NEW,277
2023,Jun,MO,PDL,DIGITAL,,0
2023,Jun,MO,PDL,PHYSICAL,NEW,125
2023,Jun,MO,PDL,PHYSICAL,NON_NEW,1571
2023,Jun,MO,PDL,PHYSICAL,,-2
2023,Jun,MO,PDL,UNKNOWN,NEW,1
2023,Jun,MO,PDL,UNKNOWN,,-2
2023,Jun,MS,ILP,DIGITAL,NEW,240
2023,Jun,MS,ILP,DIGITAL,NON_NEW,363
2023,Jun,MS,ILP,DIGITAL,,4
2023,Jun,MS,ILP,PHYSICAL,NEW,1273
2023,Jun,MS,ILP,PHYSICAL,NON_NEW,2479
2023,Jun,MS,ILP,PHYSICAL,,18
2023,Jun,MS,ILP,UNKNOWN,NEW,4
2023,Jun,MS,ILP,UNKNOWN,,-2
2023,Jun,MS,PDL,DIGITAL,NEW,48
2023,Jun,MS,PDL,DIGITAL,NON_NEW,451
2023,Jun,MS,PDL,DIGITAL,,1
2023,Jun,MS,PDL,PHYSICAL,NEW,573
2023,Jun,MS,PDL,PHYSICAL,NON_NEW,5127
2023,Jun,MS,PDL,PHYSICAL,,0
2023,Jun,MS,PDL,UNKNOWN,,0
2023,Jun,NC,ILP,UNKNOWN,,0
2023,Jun,NC,PDL,PHYSICAL,,0
2023,Jun,NV,ILP,DIGITAL,NEW,91
2023,Jun,NV,ILP,DIGITAL,NON_NEW,119
2023,Jun,NV,ILP,DIGITAL,,0
2023,Jun,NV,ILP,PHYSICAL,NEW,183
2023,Jun,NV,ILP,PHYSICAL,NON_NEW,366
2023,Jun,NV,ILP,PHYSICAL,,-4
2023,Jun,NV,ILP,UNKNOWN,NEW,2
2023,Jun,NV,ILP,UNKNOWN,,-3
2023,Jun,NV,PDL,DIGITAL,NEW,0
2023,Jun,NV,PDL,DIGITAL,NON_NEW,1
2023,Jun,NV,PDL,PHYSICAL,NEW,0
2023,Jun,NV,PDL,PHYSICAL,NON_NEW,0
2023,Jun,NV,PDL,PHYSICAL,,0
2023,Jun,NV,PDL,UNKNOWN,,0
2023,Jun,OH,ILP,DIGITAL,NEW,474
2023,Jun,OH,ILP,DIGITAL,NON_NEW,1693
2023,Jun,OH,ILP,DIGITAL,,-4
2023,Jun,OH,ILP,PHYSICAL,NEW,1389
2023,Jun,OH,ILP,PHYSICAL,NON_NEW,6598
2023,Jun,OH,ILP,PHYSICAL,,9
2023,Jun,OH,ILP,UNKNOWN,NEW,6
2023,Jun,OH,ILP,UNKNOWN,,-8
2023,Jun,OH,ILP,,NEW,0
2023,Jun,OH,ILP,,,0
2023,Jun,OH,PDL,DIGITAL,NON_NEW,0
2023,Jun,OH,PDL,PHYSICAL,NON_NEW,0
2023,Jun,OK,ILP,DIGITAL,NEW,235
2023,Jun,OK,ILP,DIGITAL,NON_NEW,657
2023,Jun,OK,ILP,DIGITAL,,2
2023,Jun,OK,ILP,PHYSICAL,NEW,664
2023,Jun,OK,ILP,PHYSICAL,NON_NEW,2032
2023,Jun,OK,ILP,PHYSICAL,,-4
2023,Jun,OK,ILP,UNKNOWN,,-1
2023,Jun,OK,PDL,PHYSICAL,NON_NEW,0
2023,Jun,RI,PDL,DIGITAL,NEW,32
2023,Jun,RI,PDL,DIGITAL,NON_NEW,682
2023,Jun,RI,PDL,DIGITAL,,1
2023,Jun,RI,PDL,PHYSICAL,NEW,234
2023,Jun,RI,PDL,PHYSICAL,NON_NEW,8299
2023,Jun,RI,PDL,PHYSICAL,,0
2023,Jun,RI,PDL,UNKNOWN,,0
2023,Jun,SC,PDL,DIGITAL,NEW,0
2023,Jun,SC,PDL,DIGITAL,NON_NEW,0
2023,Jun,SC,PDL,PHYSICAL,NEW,0
2023,Jun,SC,PDL,PHYSICAL,NON_NEW,0
2023,Jun,SC,PDL,PHYSICAL,,0
2023,Jun,SC,PDL,UNKNOWN,,0
2023,Jun,SC,PDL,,NON_NEW,0
2023,Jun,TN,ILP,DIGITAL,NON_NEW,0
2023,Jun,TN,ILP,PHYSICAL,NON_NEW,0
2023,Jun,TN,PDL,DIGITAL,NEW,51
2023,Jun,TN,PDL,DIGITAL,NON_NEW,664
2023,Jun,TN,PDL,DIGITAL,,0
2023,Jun,TN,PDL,PHYSICAL,NEW,186
2023,Jun,TN,PDL,PHYSICAL,NON_NEW,2458
2023,Jun,TN,PDL,PHYSICAL,,-2
2023,Jun,TN,PDL,UNKNOWN,,0
2023,Jun,TN,PDL,,NEW,0
2023,Jun,TN,PDL,,NON_NEW,0
2023,Jun,TN,PDL,,,0
2023,Jun,TX,ILP,DIGITAL,NEW,971
2023,Jun,TX,ILP,DIGITAL,NON_NEW,2660
2023,Jun,TX,ILP,DIGITAL,,10
2023,Jun,TX,ILP,PHYSICAL,NEW,2892
2023,Jun,TX,ILP,PHYSICAL,NON_NEW,7272
2023,Jun,TX,ILP,PHYSICAL,,41
2023,Jun,TX,ILP,UNKNOWN,NEW,27
2023,Jun,TX,ILP,UNKNOWN,,-27
2023,Jun,TX,PDL,DIGITAL,NEW,301
2023,Jun,TX,PDL,DIGITAL,NON_NEW,1553
2023,Jun,TX,PDL,DIGITAL,,-5
2023,Jun,TX,PDL,PHYSICAL,NEW,331
2023,Jun,TX,PDL,PHYSICAL,NON_NEW,4030
2023,Jun,TX,PDL,PHYSICAL,,-45
2023,Jun,TX,PDL,UNKNOWN,NEW,13
2023,Jun,TX,PDL,UNKNOWN,,-17
2023,Jun,UT,ILP,DIGITAL,NEW,17
2023,Jun,UT,ILP,DIGITAL,NON_NEW,37
2023,Jun,UT,ILP,DIGITAL,,0
2023,Jun,UT,ILP,PHYSICAL,NEW,40
2023,Jun,UT,ILP,PHYSICAL,NON_NEW,64
2023,Jun,UT,ILP,PHYSICAL,,-1
2023,Jun,UT,ILP,UNKNOWN,,0
2023,Jun,UT,PDL,DIGITAL,NON_NEW,0
2023,Jun,UT,PDL,PHYSICAL,NEW,0
2023,Jun,UT,PDL,PHYSICAL,NON_NEW,0
2023,Jun,WI,ILP,DIGITAL,NEW,150
2023,Jun,WI,ILP,DIGITAL,NON_NEW,240
2023,Jun,WI,ILP,DIGITAL,,1
2023,Jun,WI,ILP,PHYSICAL,NEW,453
2023,Jun,WI,ILP,PHYSICAL,NON_NEW,705
2023,Jun,WI,ILP,PHYSICAL,,10
2023,Jun,WI,ILP,UNKNOWN,NEW,0
2023,Jun,WI,ILP,UNKNOWN,,-2
2023,Jun,WI,PDL,DIGITAL,NON_NEW,0
2023,Jun,WI,PDL,PHYSICAL,NEW,0
2023,Jun,WI,PDL,PHYSICAL,NON_NEW,0
2023,Jun,WY,ILP,PHYSICAL,NON_NEW,0
2023,Jun,WY,PDL,DIGITAL,NEW,19
2023,Jun,WY,PDL,DIGITAL,NON_NEW,544
2023,Jun,WY,PDL,DIGITAL,,0
2023,Jun,WY,PDL,PHYSICAL,NEW,89
2023,Jun,WY,PDL,PHYSICAL,NON_NEW,3054
2023,Jun,WY,PDL,PHYSICAL,,-5
2023,Jun,WY,PDL,UNKNOWN,,0
2023,Mar,AL,ILP,DIGITAL,NEW,142
2023,Mar,AL,ILP,DIGITAL,NON_NEW,704
2023,Mar,AL,ILP,DIGITAL,,-1
2023,Mar,AL,ILP,PHYSICAL,NEW,394
2023,Mar,AL,ILP,PHYSICAL,NON_NEW,3628
2023,Mar,AL,ILP,PHYSICAL,,-8
2023,Mar,AL,ILP,UNKNOWN,,0
2023,Mar,AL,PDL,DIGITAL,NEW,0
2023,Mar,AL,PDL,DIGITAL,NON_NEW,0
2023,Mar,AL,PDL,DIGITAL,,0
2023,Mar,AL,PDL,PHYSICAL,NEW,0
2023,Mar,AL,PDL,PHYSICAL,NON_NEW,0
2023,Mar,AL,PDL,PHYSICAL,,0
2023,Mar,AL,PDL,UNKNOWN,,0
2023,Mar,AL,PDL,,NEW,0
2023,Mar,AL,PDL,,NON_NEW,0
2023,Mar,CA,ILP,DIGITAL,NON_NEW,0
2023,Mar,CA,ILP,PHYSICAL,NON_NEW,0
2023,Mar,CA,PDL,DIGITAL,NEW,684
2023,Mar,CA,PDL,DIGITAL,NON_NEW,16258
2023,Mar,CA,PDL,DIGITAL,,-3
2023,Mar,CA,PDL,PHYSICAL,NEW,1758
2023,Mar,CA,PDL,PHYSICAL,NON_NEW,58800
2023,Mar,CA,PDL,PHYSICAL,,-9
2023,Mar,CA,PDL,UNKNOWN,,-2
2023,Mar,CA,PDL,,NEW,0
2023,Mar,CA,PDL,,NON_NEW,0
2023,Mar,CA,PDL,,,0
2023,Mar,CO,ILP,DIGITAL,NEW,122
2023,Mar,CO,ILP,DIGITAL,NON_NEW,747
2023,Mar,CO,ILP,DIGITAL,,-1
2023,Mar,CO,ILP,PHYSICAL,NEW,246
2023,Mar,CO,ILP,PHYSICAL,NON_NEW,2595
2023,Mar,CO,ILP,PHYSICAL,,-2
2023,Mar,CO,ILP,UNKNOWN,,1
2023,Mar,CO,ILP,,NEW,0
2023,Mar,CO,PDL,DIGITAL,NEW,0
2023,Mar,CO,PDL,DIGITAL,NON_NEW,0
2023,Mar,CO,PDL,PHYSICAL,NON_NEW,0
2023,Mar,DE,ILP,DIGITAL,NEW,22
2023,Mar,DE,ILP,DIGITAL,NON_NEW,57
2023,Mar,DE,ILP,DIGITAL,,0
2023,Mar,DE,ILP,PHYSICAL,NEW,62
2023,Mar,DE,ILP,PHYSICAL,NON_NEW,225
2023,Mar,DE,ILP,PHYSICAL,,0
2023,Mar,DE,ILP,UNKNOWN,,-1
2023,Mar,FL,ILP,DIGITAL,NEW,376
2023,Mar,FL,ILP,DIGITAL,NON_NEW,3791
2023,Mar,FL,ILP,DIGITAL,,0
2023,Mar,FL,ILP,PHYSICAL,NEW,1424
2023,Mar,FL,ILP,PHYSICAL,NON_NEW,18076
2023,Mar,FL,ILP,PHYSICAL,,-2
2023,Mar,FL,ILP,UNKNOWN,,-2
2023,Mar,FL,ILP,,NEW,0
2023,Mar,FL,ILP,,NON_NEW,0
2023,Mar,FL,ILP,,,0
2023,Mar,FL,PDL,DIGITAL,NEW,226
2023,Mar,FL,PDL,DIGITAL,NON_NEW,4281
2023,Mar,FL,PDL,DIGITAL,,-1
2023,Mar,FL,PDL,PHYSICAL,NEW,973
2023,Mar,FL,PDL,PHYSICAL,NON_NEW,28091
2023,Mar,FL,PDL,PHYSICAL,,-2
2023,Mar,FL,PDL,UNKNOWN,,-1
2023,Mar,FL,PDL,,NEW,0
2023,Mar,FL,PDL,,NON_NEW,0
2023,Mar,FL,PDL,,,0
2023,Mar,IA,ILP,PHYSICAL,NON_NEW,0
2023,Mar,IA,PDL,DIGITAL,NEW,72
2023,Mar,IA,PDL,DIGITAL,NON_NEW,1304
2023,Mar,IA,PDL,DIGITAL,,0
2023,Mar,IA,PDL,PHYSICAL,NEW,295
2023,Mar,IA,PDL,PHYSICAL,NON_NEW,9029
2023,Mar,IA,PDL,PHYSICAL,,-4
2023,Mar,IA,PDL,UNKNOWN,,-1
2023,Mar,ID,ILP,DIGITAL,NEW,37
2023,Mar,ID,ILP,DIGITAL,NON_NEW,61
2023,Mar,ID,ILP,DIGITAL,,0
2023,Mar,ID,ILP,PHYSICAL,NEW,36
2023,Mar,ID,ILP,PHYSICAL,NON_NEW,82
2023,Mar,ID,ILP,PHYSICAL,,1
2023,Mar,ID,ILP,UNKNOWN,,1
2023,Mar,ID,PDL,DIGITAL,NON_NEW,0
2023,Mar,ID,PDL,PHYSICAL,NON_NEW,0
2023,Mar,IN,PDL,DIGITAL,NEW,139
2023,Mar,IN,PDL,DIGITAL,NON_NEW,2089
2023,Mar,IN,PDL,DIGITAL,,-2
2023,Mar,IN,PDL,PHYSICAL,NEW,654
2023,Mar,IN,PDL,PHYSICAL,NON_NEW,15296
2023,Mar,IN,PDL,PHYSICAL,,-4
2023,Mar,IN,PDL,UNKNOWN,,0
2023,Mar,KS,ILP,DIGITAL,NON_NEW,0
2023,Mar,KS,ILP,PHYSICAL,NON_NEW,0
2023,Mar,KS,PDL,DIGITAL,NEW,18
2023,Mar,KS,PDL,DIGITAL,NON_NEW,445
2023,Mar,KS,PDL,DIGITAL,,0
2023,Mar,KS,PDL,PHYSICAL,NEW,145
2023,Mar,KS,PDL,PHYSICAL,NON_NEW,2423
2023,Mar,KS,PDL,PHYSICAL,,1
2023,Mar,KS,PDL,UNKNOWN,,0
2023,Mar,KY,ILP,PHYSICAL,NON_NEW,0
2023,Mar,KY,PDL,DIGITAL,NON_NEW,8
2023,Mar,KY,PDL,PHYSICAL,NEW,261
2023,Mar,KY,PDL,PHYSICAL,NON_NEW,8207
2023,Mar,KY,PDL,PHYSICAL,,0
2023,Mar,KY,PDL,UNKNOWN,,-1
2023,Mar,LA,ILP,PHYSICAL,NON_NEW,0
2023,Mar,LA,PDL,DIGITAL,NEW,73
2023,Mar,LA,PDL,DIGITAL,NON_NEW,2598
2023,Mar,LA,PDL,DIGITAL,,-1
2023,Mar,LA,PDL,PHYSICAL,NEW,428
2023,Mar,LA,PDL,PHYSICAL,NON_NEW,13168
2023,Mar,LA,PDL,PHYSICAL,,-3
2023,Mar,LA,PDL,UNKNOWN,,-1
2023,Mar,MI,ILP,DIGITAL,NON_NEW,0
2023,Mar,MI,ILP,PHYSICAL,NON_NEW,0
2023,Mar,MI,PDL,DIGITAL,NEW,333
2023,Mar,MI,PDL,DIGITAL,NON_NEW,9891
2023,Mar,MI,PDL,DIGITAL,,-1
2023,Mar,MI,PDL,PHYSICAL,NEW,1751
2023,Mar,MI,PDL,PHYSICAL,NON_NEW,43040
2023,Mar,MI,PDL,PHYSICAL,,-7
2023,Mar,MI,PDL,UNKNOWN,,0
2023,Mar,MO,ILP,DIGITAL,NEW,94
2023,Mar,MO,ILP,DIGITAL,NON_NEW,325
2023,Mar,MO,ILP,DIGITAL,,-1
2023,Mar,MO,ILP,PHYSICAL,NEW,340
2023,Mar,MO,ILP,PHYSICAL,NON_NEW,1225
2023,Mar,MO,ILP,PHYSICAL,,-3
2023,Mar,MO,ILP,UNKNOWN,,-1
2023,Mar,MO,PDL,DIGITAL,NEW,19
2023,Mar,MO,PDL,DIGITAL,NON_NEW,241
2023,Mar,MO,PDL,DIGITAL,,0
2023,Mar,MO,PDL,PHYSICAL,NEW,214
2023,Mar,MO,PDL,PHYSICAL,NON_NEW,1573
2023,Mar,MO,PDL,PHYSICAL,,1
2023,Mar,MO,PDL,UNKNOWN,,0
2023,Mar,MS,ILP,DIGITAL,NEW,116
2023,Mar,MS,ILP,DIGITAL,NON_NEW,325
2023,Mar,MS,ILP,DIGITAL,,1
2023,Mar,MS,ILP,PHYSICAL,NEW,377
2023,Mar,MS,ILP,PHYSICAL,NON_NEW,1833
2023,Mar,MS,ILP,PHYSICAL,,-4
2023,Mar,MS,ILP,UNKNOWN,,-4
2023,Mar,MS,PDL,DIGITAL,NEW,21
2023,Mar,MS,PDL,DIGITAL,NON_NEW,401
2023,Mar,MS,PDL,DIGITAL,,0
2023,Mar,MS,PDL,PHYSICAL,NEW,419
2023,Mar,MS,PDL,PHYSICAL,NON_NEW,5122
2023,Mar,MS,PDL,PHYSICAL,,-1
2023,Mar,MS,PDL,UNKNOWN,,0
2023,Mar,NC,ILP,UNKNOWN,,0
2023,Mar,NC,PDL,PHYSICAL,,0
2023,Mar,NV,ILP,DIGITAL,NEW,38
2023,Mar,NV,ILP,DIGITAL,NON_NEW,154
2023,Mar,NV,ILP,DIGITAL,,0
2023,Mar,NV,ILP,PHYSICAL,NEW,77
2023,Mar,NV,ILP,PHYSICAL,NON_NEW,444
2023,Mar,NV,ILP,PHYSICAL,,0
2023,Mar,NV,ILP,UNKNOWN,,0
2023,Mar,NV,PDL,DIGITAL,NEW,0
2023,Mar,NV,PDL,DIGITAL,NON_NEW,0
2023,Mar,NV,PDL,PHYSICAL,NEW,0
2023,Mar,NV,PDL,PHYSICAL,NON_NEW,0
2023,Mar,NV,PDL,PHYSICAL,,0
2023,Mar,NV,PDL,UNKNOWN,,0
2023,Mar,OH,ILP,DIGITAL,NEW,267
2023,Mar,OH,ILP,DIGITAL,NON_NEW,1603
2023,Mar,OH,ILP,DIGITAL,,-1
2023,Mar,OH,ILP,PHYSICAL,NEW,808
2023,Mar,OH,ILP,PHYSICAL,NON_NEW,6208
2023,Mar,OH,ILP,PHYSICAL,,-6
2023,Mar,OH,ILP,UNKNOWN,,0
2023,Mar,OH,ILP,,NEW,0
2023,Mar,OH,ILP,,,0
2023,Mar,OH,PDL,DIGITAL,NON_NEW,0
2023,Mar,OH,PDL,PHYSICAL,NON_NEW,0
2023,Mar,OK,ILP,DIGITAL,NEW,136
2023,Mar,OK,ILP,DIGITAL,NON_NEW,771
2023,Mar,OK,ILP,DIGITAL,,-5
2023,Mar,OK,ILP,PHYSICAL,NEW,427
2023,Mar,OK,ILP,PHYSICAL,NON_NEW,2169
2023,Mar,OK,ILP,PHYSICAL,,-5
2023,Mar,OK,ILP,UNKNOWN,,0
2023,Mar,OK,PDL,PHYSICAL,NON_NEW,0
2023,Mar,RI,PDL,DIGITAL,NEW,26
2023,Mar,RI,PDL,DIGITAL,NON_NEW,569
2023,Mar,RI,PDL,DIGITAL,,0
2023,Mar,RI,PDL,PHYSICAL,NEW,180
2023,Mar,RI,PDL,PHYSICAL,NON_NEW,7567
2023,Mar,RI,PDL,PHYSICAL,,0
2023,Mar,RI,PDL,UNKNOWN,,1
2023,Mar,SC,PDL,DIGITAL,NEW,0
2023,Mar,SC,PDL,DIGITAL,NON_NEW,0
2023,Mar,SC,PDL,PHYSICAL,NEW,0
2023,Mar,SC,PDL,PHYSICAL,NON_NEW,0
2023,Mar,SC,PDL,PHYSICAL,,0
2023,Mar,SC,PDL,UNKNOWN,,0
2023,Mar,SC,PDL,,NON_NEW,0
2023,Mar,TN,ILP,DIGITAL,NON_NEW,0
2023,Mar,TN,ILP,PHYSICAL,NON_NEW,0
2023,Mar,TN,PDL,DIGITAL,NEW,31
2023,Mar,TN,PDL,DIGITAL,NON_NEW,633
2023,Mar,TN,PDL,DIGITAL,,0
2023,Mar,TN,PDL,PHYSICAL,NEW,281
2023,Mar,TN,PDL,PHYSICAL,NON_NEW,2828
2023,Mar,TN,PDL,PHYSICAL,,0
2023,Mar,TN,PDL,UNKNOWN,,-1
2023,Mar,TN,PDL,,NEW,0
2023,Mar,TN,PDL,,NON_NEW,0
2023,Mar,TN,PDL,,,0
2023,Mar,TX,ILP,DIGITAL,NEW,498
2023,Mar,TX,ILP,DIGITAL,NON_NEW,2822
2023,Mar,TX,ILP,DIGITAL,,-4
2023,Mar,TX,ILP,PHYSICAL,NEW,1169
2023,Mar,TX,ILP,PHYSICAL,NON_NEW,6895
2023,Mar,TX,ILP,PHYSICAL,,-11
2023,Mar,TX,ILP,UNKNOWN,,2
2023,Mar,TX,PDL,DIGITAL,NEW,177
2023,Mar,TX,PDL,DIGITAL,NON_NEW,1292
2023,Mar,TX,PDL,DIGITAL,,-2
2023,Mar,TX,PDL,PHYSICAL,NEW,727
2023,Mar,TX,PDL,PHYSICAL,NON_NEW,4264
2023,Mar,TX,PDL,PHYSICAL,,15
2023,Mar,TX,PDL,UNKNOWN,,-5
2023,Mar,UT,ILP,DIGITAL,NEW,21
2023,Mar,UT,ILP,DIGITAL,NON_NEW,41
2023,Mar,UT,ILP,DIGITAL,,0
2023,Mar,UT,ILP,PHYSICAL,NEW,21
2023,Mar,UT,ILP,PHYSICAL,NON_NEW,85
2023,Mar,UT,ILP,PHYSICAL,,0
2023,Mar,UT,ILP,UNKNOWN,,-1
2023,Mar,UT,PDL,DIGITAL,NON_NEW,0
2023,Mar,UT,PDL,PHYSICAL,NEW,0
2023,Mar,UT,PDL,PHYSICAL,NON_NEW,0
2023,Mar,WI,ILP,DIGITAL,NEW,86
2023,Mar,WI,ILP,DIGITAL,NON_NEW,266
2023,Mar,WI,ILP,DIGITAL,,-2
2023,Mar,WI,ILP,PHYSICAL,NEW,222
2023,Mar,WI,ILP,PHYSICAL,NON_NEW,680
2023,Mar,WI,ILP,PHYSICAL,,-2
2023,Mar,WI,ILP,UNKNOWN,,0
2023,Mar,WI,PDL,DIGITAL,NON_NEW,0
2023,Mar,WI,PDL,PHYSICAL,NEW,0
2023,Mar,WI,PDL,PHYSICAL,NON_NEW,0
2023,Mar,WY,ILP,PHYSICAL,NON_NEW,0
2023,Mar,WY,PDL,DIGITAL,NEW,23
2023,Mar,WY,PDL,DIGITAL,NON_NEW,542
2023,Mar,WY,PDL,DIGITAL,,0
2023,Mar,WY,PDL,PHYSICAL,NEW,100
2023,Mar,WY,PDL,PHYSICAL,NON_NEW,3103
2023,Mar,WY,PDL,PHYSICAL,,0
2023,Mar,WY,PDL,UNKNOWN,,0
2023,May,AL,ILP,DIGITAL,NEW,200
2023,May,AL,ILP,DIGITAL,NON_NEW,621
2023,May,AL,ILP,DIGITAL,,-1
2023,May,AL,ILP,PHYSICAL,NEW,913
2023,May,AL,ILP,PHYSICAL,NON_NEW,3524
2023,May,AL,ILP,PHYSICAL,,1
2023,May,AL,ILP,UNKNOWN,,2
2023,May,AL,PDL,DIGITAL,NEW,0
2023,May,AL,PDL,DIGITAL,NON_NEW,0
2023,May,AL,PDL,DIGITAL,,0
2023,May,AL,PDL,PHYSICAL,NEW,0
2023,May,AL,PDL,PHYSICAL,NON_NEW,0
2023,May,AL,PDL,PHYSICAL,,0
2023,May,AL,PDL,UNKNOWN,,0
2023,May,AL,PDL,,NEW,0
2023,May,AL,PDL,,NON_NEW,0
2023,May,CA,ILP,DIGITAL,NON_NEW,0
2023,May,CA,ILP,PHYSICAL,NON_NEW,0
2023,May,CA,PDL,DIGITAL,NEW,819
2023,May,CA,PDL,DIGITAL,NON_NEW,16864
2023,May,CA,PDL,DIGITAL,,5
2023,May,CA,PDL,PHYSICAL,NEW,2487
2023,May,CA,PDL,PHYSICAL,NON_NEW,59402
2023,May,CA,PDL,PHYSICAL,,8
2023,May,CA,PDL,UNKNOWN,,3
2023,May,CA,PDL,,NEW,0
2023,May,CA,PDL,,NON_NEW,0
2023,May,CA,PDL,,,0
2023,May,CO,ILP,DIGITAL,NEW,155
2023,May,CO,ILP,DIGITAL,NON_NEW,649
2023,May,CO,ILP,DIGITAL,,0
2023,May,CO,ILP,PHYSICAL,NEW,343
2023,May,CO,ILP,PHYSICAL,NON_NEW,2631
2023,May,CO,ILP,PHYSICAL,,0
2023,May,CO,ILP,UNKNOWN,,1
2023,May,CO,ILP,,NEW,0
2023,May,CO,PDL,DIGITAL,NON_NEW,0
2023,May,CO,PDL,PHYSICAL,NON_NEW,0
2023,May,DE,ILP,DIGITAL,NEW,47
2023,May,DE,ILP,DIGITAL,NON_NEW,72
2023,May,DE,ILP,DIGITAL,,0
2023,May,DE,ILP,PHYSICAL,NEW,107
2023,May,DE,ILP,PHYSICAL,NON_NEW,239
2023,May,DE,ILP,PHYSICAL,,0
2023,May,DE,ILP,UNKNOWN,,0
2023,May,FL,ILP,DIGITAL,NEW,617
2023,May,FL,ILP,DIGITAL,NON_NEW,4021
2023,May,FL,ILP,DIGITAL,,0
2023,May,FL,ILP,PHYSICAL,NEW,2111
2023,May,FL,ILP,PHYSICAL,NON_NEW,18569
2023,May,FL,ILP,PHYSICAL,,3
2023,May,FL,ILP,UNKNOWN,,-1
2023,May,FL,ILP,,NEW,0
2023,May,FL,ILP,,NON_NEW,0
2023,May,FL,ILP,,,0
2023,May,FL,PDL,DIGITAL,NEW,313
2023,May,FL,PDL,DIGITAL,NON_NEW,4701
2023,May,FL,PDL,DIGITAL,,0
2023,May,FL,PDL,PHYSICAL,NEW,601
2023,May,FL,PDL,PHYSICAL,NON_NEW,27948
2023,May,FL,PDL,PHYSICAL,,-4
2023,May,FL,PDL,UNKNOWN,,1
2023,May,FL,PDL,,NEW,0
2023,May,FL,PDL,,NON_NEW,0
2023,May,FL,PDL,,,0
2023,May,IA,ILP,PHYSICAL,NON_NEW,0
2023,May,IA,PDL,DIGITAL,NEW,59
2023,May,IA,PDL,DIGITAL,NON_NEW,1493
2023,May,IA,PDL,DIGITAL,,-1
2023,May,IA,PDL,PHYSICAL,NEW,484
2023,May,IA,PDL,PHYSICAL,NON_NEW,9667
2023,May,IA,PDL,PHYSICAL,,-2
2023,May,IA,PDL,UNKNOWN,,0
2023,May,ID,ILP,DIGITAL,NEW,33
2023,May,ID,ILP,DIGITAL,NON_NEW,53
2023,May,ID,ILP,DIGITAL,,0
2023,May,ID,ILP,PHYSICAL,NEW,43
2023,May,ID,ILP,PHYSICAL,NON_NEW,110
2023,May,ID,ILP,PHYSICAL,,-1
2023,May,ID,ILP,UNKNOWN,,0
2023,May,ID,PDL,PHYSICAL,NON_NEW,0
2023,May,IN,PDL,DIGITAL,NEW,191
2023,May,IN,PDL,DIGITAL,NON_NEW,2391
2023,May,IN,PDL,DIGITAL,,0
2023,May,IN,PDL,PHYSICAL,NEW,641
2023,May,IN,PDL,PHYSICAL,NON_NEW,16575
2023,May,IN,PDL,PHYSICAL,,0
2023,May,IN,PDL,UNKNOWN,,0
2023,May,KS,ILP,DIGITAL,NON_NEW,0
2023,May,KS,ILP,PHYSICAL,NON_NEW,0
2023,May,KS,PDL,DIGITAL,NEW,37
2023,May,KS,PDL,DIGITAL,NON_NEW,494
2023,May,KS,PDL,DIGITAL,,1
2023,May,KS,PDL,PHYSICAL,NEW,177
2023,May,KS,PDL,PHYSICAL,NON_NEW,2274
2023,May,KS,PDL,PHYSICAL,,-1
2023,May,KS,PDL,UNKNOWN,,0
2023,May,KY,ILP,PHYSICAL,NON_NEW,0
2023,May,KY,PDL,DIGITAL,NON_NEW,4
2023,May,KY,PDL,PHYSICAL,NEW,416
2023,May,KY,PDL,PHYSICAL,NON_NEW,8030
2023,May,KY,PDL,PHYSICAL,,0
2023,May,KY,PDL,UNKNOWN,,0
2023,May,LA,ILP,PHYSICAL,NON_NEW,0
2023,May,LA,PDL,DIGITAL,NEW,100
2023,May,LA,PDL,DIGITAL,NON_NEW,2604
2023,May,LA,PDL,DIGITAL,,0
2023,May,LA,PDL,PHYSICAL,NEW,468
2023,May,LA,PDL,PHYSICAL,NON_NEW,12856
2023,May,LA,PDL,PHYSICAL,,-1
2023,May,LA,PDL,UNKNOWN,,0
2023,May,MI,ILP,DIGITAL,NON_NEW,0
2023,May,MI,ILP,PHYSICAL,NON_NEW,0
2023,May,MI,PDL,DIGITAL,NEW,422
2023,May,MI,PDL,DIGITAL,NON_NEW,10656
2023,May,MI,PDL,DIGITAL,,0
2023,May,MI,PDL,PHYSICAL,NEW,1891
2023,May,MI,PDL,PHYSICAL,NON_NEW,43398
2023,May,MI,PDL,PHYSICAL,,0
2023,May,MI,PDL,UNKNOWN,,-2
2023,May,MO,ILP,DIGITAL,NEW,167
2023,May,MO,ILP,DIGITAL,NON_NEW,334
2023,May,MO,ILP,DIGITAL,,0
2023,May,MO,ILP,PHYSICAL,NEW,654
2023,May,MO,ILP,PHYSICAL,NON_NEW,1475
2023,May,MO,ILP,PHYSICAL,,0
2023,May,MO,ILP,UNKNOWN,,0
2023,May,MO,PDL,DIGITAL,NEW,38
2023,May,MO,PDL,DIGITAL,NON_NEW,272
2023,May,MO,PDL,DIGITAL,,0
2023,May,MO,PDL,PHYSICAL,NEW,143
2023,May,MO,PDL,PHYSICAL,NON_NEW,1612
2023,May,MO,PDL,PHYSICAL,,0
2023,May,MO,PDL,UNKNOWN,,1
2023,May,MS,ILP,DIGITAL,NEW,231
2023,May,MS,ILP,DIGITAL,NON_NEW,434
2023,May,MS,ILP,DIGITAL,,-1
2023,May,MS,ILP,PHYSICAL,NEW,1005
2023,May,MS,ILP,PHYSICAL,NON_NEW,2421
2023,May,MS,ILP,PHYSICAL,,-2
2023,May,MS,ILP,UNKNOWN,,-2
2023,May,MS,PDL,DIGITAL,NEW,46
2023,May,MS,PDL,DIGITAL,NON_NEW,442
2023,May,MS,PDL,DIGITAL,,0
2023,May,MS,PDL,PHYSICAL,NEW,592
2023,May,MS,PDL,PHYSICAL,NON_NEW,4858
2023,May,MS,PDL,PHYSICAL,,0
2023,May,MS,PDL,UNKNOWN,,0
2023,May,NC,ILP,UNKNOWN,,0
2023,May,NC,PDL,PHYSICAL,,0
2023,May,NV,ILP,DIGITAL,NEW,100
2023,May,NV,ILP,DIGITAL,NON_NEW,155
2023,May,NV,ILP,DIGITAL,,0
2023,May,NV,ILP,PHYSICAL,NEW,129
2023,May,NV,ILP,PHYSICAL,NON_NEW,424
2023,May,NV,ILP,PHYSICAL,,2
2023,May,NV,ILP,UNKNOWN,,1
2023,May,NV,PDL,DIGITAL,NEW,0
2023,May,NV,PDL,DIGITAL,NON_NEW,0
2023,May,NV,PDL,PHYSICAL,NEW,0
2023,May,NV,PDL,PHYSICAL,NON_NEW,0
2023,May,NV,PDL,PHYSICAL,,0
2023,May,NV,PDL,UNKNOWN,,0
2023,May,OH,ILP,DIGITAL,NEW,376
2023,May,OH,ILP,DIGITAL,NON_NEW,1881
2023,May,OH,ILP,DIGITAL,,0
2023,May,OH,ILP,PHYSICAL,NEW,1190
2023,May,OH,ILP,PHYSICAL,NON_NEW,6372
2023,May,OH,ILP,PHYSICAL,,2
2023,May,OH,ILP,UNKNOWN,,4
2023,May,OH,ILP,,NEW,0
2023,May,OH,ILP,,,0
2023,May,OH,PDL,DIGITAL,NON_NEW,0
2023,May,OH,PDL,PHYSICAL,NON_NEW,0
2023,May,OK,ILP,DIGITAL,NEW,236
2023,May,OK,ILP,DIGITAL,NON_NEW,650
2023,May,OK,ILP,DIGITAL,,0
2023,May,OK,ILP,PHYSICAL,NEW,642
2023,May,OK,ILP,PHYSICAL,NON_NEW,2143
2023,May,OK,ILP,PHYSICAL,,2
2023,May,OK,ILP,UNKNOWN,,1
2023,May,OK,PDL,PHYSICAL,NON_NEW,0
2023,May,RI,PDL,DIGITAL,NEW,27
2023,May,RI,PDL,DIGITAL,NON_NEW,575
2023,May,RI,PDL,DIGITAL,,0
2023,May,RI,PDL,PHYSICAL,NEW,258
2023,May,RI,PDL,PHYSICAL,NON_NEW,7365
2023,May,RI,PDL,PHYSICAL,,1
2023,May,RI,PDL,UNKNOWN,,0
2023,May,SC,PDL,DIGITAL,NEW,0
2023,May,SC,PDL,DIGITAL,NON_NEW,0
2023,May,SC,PDL,PHYSICAL,NEW,0
2023,May,SC,PDL,PHYSICAL,NON_NEW,0
2023,May,SC,PDL,PHYSICAL,,0
2023,May,SC,PDL,UNKNOWN,,0
2023,May,SC,PDL,,NON_NEW,0
2023,May,TN,ILP,DIGITAL,NON_NEW,0
2023,May,TN,ILP,PHYSICAL,NON_NEW,0
2023,May,TN,PDL,DIGITAL,NEW,43
2023,May,TN,PDL,DIGITAL,NON_NEW,672
2023,May,TN,PDL,DIGITAL,,0
2023,May,TN,PDL,PHYSICAL,NEW,236
2023,May,TN,PDL,PHYSICAL,NON_NEW,2604
2023,May,TN,PDL,PHYSICAL,,2
2023,May,TN,PDL,UNKNOWN,,0
2023,May,TN,PDL,,NEW,0
2023,May,TN,PDL,,NON_NEW,0
2023,May,TN,PDL,,,0
2023,May,TX,ILP,DIGITAL,NEW,978
2023,May,TX,ILP,DIGITAL,NON_NEW,2694
2023,May,TX,ILP,DIGITAL,,-1
2023,May,TX,ILP,PHYSICAL,NEW,2405
2023,May,TX,ILP,PHYSICAL,NON_NEW,6966
2023,May,TX,ILP,PHYSICAL,,6
2023,May,TX,ILP,UNKNOWN,,0
2023,May,TX,PDL,DIGITAL,NEW,272
2023,May,TX,PDL,DIGITAL,NON_NEW,1395
2023,May,TX,PDL,DIGITAL,,2
2023,May,TX,PDL,PHYSICAL,NEW,438
2023,May,TX,PDL,PHYSICAL,NON_NEW,4147
2023,May,TX,PDL,PHYSICAL,,10
2023,May,TX,PDL,UNKNOWN,,1
2023,May,UT,ILP,DIGITAL,NEW,40
2023,May,UT,ILP,DIGITAL,NON_NEW,40
2023,May,UT,ILP,DIGITAL,,0
2023,May,UT,ILP,PHYSICAL,NEW,30
2023,May,UT,ILP,PHYSICAL,NON_NEW,64
2023,May,UT,ILP,PHYSICAL,,1
2023,May,UT,ILP,UNKNOWN,,0
2023,May,UT,PDL,DIGITAL,NON_NEW,0
2023,May,UT,PDL,PHYSICAL,NEW,0
2023,May,UT,PDL,PHYSICAL,NON_NEW,0
2023,May,WI,ILP,DIGITAL,NEW,179
2023,May,WI,ILP,DIGITAL,NON_NEW,270
2023,May,WI,ILP,DIGITAL,,0
2023,May,WI,ILP,PHYSICAL,NEW,384
2023,May,WI,ILP,PHYSICAL,NON_NEW,725
2023,May,WI,ILP,PHYSICAL,,0
2023,May,WI,ILP,UNKNOWN,,1
2023,May,WI,PDL,DIGITAL,NON_NEW,0
2023,May,WI,PDL,PHYSICAL,NEW,0
2023,May,WI,PDL,PHYSICAL,NON_NEW,0
2023,May,WY,ILP,PHYSICAL,NON_NEW,0
2023,May,WY,PDL,DIGITAL,NEW,19
2023,May,WY,PDL,DIGITAL,NON_NEW,558
2023,May,WY,PDL,DIGITAL,,0
2023,May,WY,PDL,PHYSICAL,NEW,120
2023,May,WY,PDL,PHYSICAL,NON_NEW,2928
2023,May,WY,PDL,PHYSICAL,,-1
2023,May,WY,PDL,UNKNOWN,,0
2023,Nov,AL,ILP,DIGITAL,NEW,531
2023,Nov,AL,ILP,DIGITAL,NON_NEW,785
2023,Nov,AL,ILP,DIGITAL,,11
2023,Nov,AL,ILP,PHYSICAL,NEW,1536
2023,Nov,AL,ILP,PHYSICAL,NON_NEW,4020
2023,Nov,AL,ILP,PHYSICAL,,22
2023,Nov,AL,ILP,UNKNOWN,NEW,0
2023,Nov,AL,ILP,UNKNOWN,,1
2023,Nov,AL,PDL,DIGITAL,NEW,0
2023,Nov,AL,PDL,DIGITAL,NON_NEW,0
2023,Nov,AL,PDL,DIGITAL,,0
2023,Nov,AL,PDL,PHYSICAL,NEW,0
2023,Nov,AL,PDL,PHYSICAL,NON_NEW,0
2023,Nov,AL,PDL,PHYSICAL,,0
2023,Nov,AL,PDL,UNKNOWN,,0
2023,Nov,AL,PDL,,NEW,0
2023,Nov,AL,PDL,,NON_NEW,0
2023,Nov,CA,ILP,DIGITAL,NON_NEW,0
2023,Nov,CA,ILP,PHYSICAL,NON_NEW,0
2023,Nov,CA,PDL,DIGITAL,NEW,810
2023,Nov,CA,PDL,DIGITAL,NON_NEW,18454
2023,Nov,CA,PDL,DIGITAL,,16
2023,Nov,CA,PDL,PHYSICAL,NEW,2031
2023,Nov,CA,PDL,PHYSICAL,NON_NEW,63053
2023,Nov,CA,PDL,PHYSICAL,,59
2023,Nov,CA,PDL,UNKNOWN,NEW,0
2023,Nov,CA,PDL,UNKNOWN,,0
2023,Nov,CA,PDL,,NEW,0
2023,Nov,CA,PDL,,NON_NEW,0
2023,Nov,CA,PDL,,,0
2023,Nov,CO,ILP,DIGITAL,NEW,0
2023,Nov,CO,ILP,DIGITAL,NON_NEW,448
2023,Nov,CO,ILP,DIGITAL,,0
2023,Nov,CO,ILP,PHYSICAL,NEW,0
2023,Nov,CO,ILP,PHYSICAL,NON_NEW,1138
2023,Nov,CO,ILP,PHYSICAL,,0
2023,Nov,CO,ILP,UNKNOWN,,0
2023,Nov,CO,ILP,,NEW,0
2023,Nov,CO,PDL,DIGITAL,NON_NEW,0
2023,Nov,CO,PDL,PHYSICAL,NON_NEW,0
2023,Nov,DE,ILP,DIGITAL,NEW,65
2023,Nov,DE,ILP,DIGITAL,NON_NEW,61
2023,Nov,DE,ILP,DIGITAL,,3
2023,Nov,DE,ILP,PHYSICAL,NEW,137
2023,Nov,DE,ILP,PHYSICAL,NON_NEW,242
2023,Nov,DE,ILP,PHYSICAL,,1
2023,Nov,DE,ILP,UNKNOWN,NEW,-1
2023,Nov,DE,ILP,UNKNOWN,,0
2023,Nov,FL,ILP,DIGITAL,NEW,711
2023,Nov,FL,ILP,DIGITAL,NON_NEW,4379
2023,Nov,FL,ILP,DIGITAL,,17
2023,Nov,FL,ILP,PHYSICAL,NEW,2377
2023,Nov,FL,ILP,PHYSICAL,NON_NEW,19533
2023,Nov,FL,ILP,PHYSICAL,,57
2023,Nov,FL,ILP,UNKNOWN,NEW,-14
2023,Nov,FL,ILP,UNKNOWN,,-4
2023,Nov,FL,ILP,,NEW,0
2023,Nov,FL,ILP,,NON_NEW,0
2023,Nov,FL,ILP,,,0
2023,Nov,FL,PDL,DIGITAL,NEW,284
2023,Nov,FL,PDL,DIGITAL,NON_NEW,4769
2023,Nov,FL,PDL,DIGITAL,,3
2023,Nov,FL,PDL,PHYSICAL,NEW,260
2023,Nov,FL,PDL,PHYSICAL,NON_NEW,25381
2023,Nov,FL,PDL,PHYSICAL,,1
2023,Nov,FL,PDL,UNKNOWN,NEW,-6
2023,Nov,FL,PDL,UNKNOWN,,-2
2023,Nov,FL,PDL,,NEW,0
2023,Nov,FL,PDL,,NON_NEW,0
2023,Nov,FL,PDL,,,0
2023,Nov,IA,ILP,PHYSICAL,NON_NEW,0
2023,Nov,IA,PDL,DIGITAL,NEW,68
2023,Nov,IA,PDL,DIGITAL,NON_NEW,1789
2023,Nov,IA,PDL,DIGITAL,,0
2023,Nov,IA,PDL,PHYSICAL,NEW,353
2023,Nov,IA,PDL,PHYSICAL,NON_NEW,10004
2023,Nov,IA,PDL,PHYSICAL,,15
2023,Nov,IA,PDL,UNKNOWN,NEW,-1
2023,Nov,IA,PDL,UNKNOWN,,0
2023,Nov,ID,ILP,DIGITAL,NEW,49
2023,Nov,ID,ILP,DIGITAL,NON_NEW,39
2023,Nov,ID,ILP,DIGITAL,,1
2023,Nov,ID,ILP,PHYSICAL,NEW,40
2023,Nov,ID,ILP,PHYSICAL,NON_NEW,90
2023,Nov,ID,ILP,PHYSICAL,,1
2023,Nov,ID,ILP,UNKNOWN,NEW,0
2023,Nov,ID,ILP,UNKNOWN,,0
2023,Nov,ID,PDL,PHYSICAL,NON_NEW,0
2023,Nov,IN,PDL,DIGITAL,NEW,194
2023,Nov,IN,PDL,DIGITAL,NON_NEW,2578
2023,Nov,IN,PDL,DIGITAL,,1
2023,Nov,IN,PDL,PHYSICAL,NEW,416
2023,Nov,IN,PDL,PHYSICAL,NON_NEW,15480
2023,Nov,IN,PDL,PHYSICAL,,9
2023,Nov,IN,PDL,UNKNOWN,NEW,1
2023,Nov,IN,PDL,UNKNOWN,,0
2023,Nov,KS,ILP,DIGITAL,NON_NEW,0
2023,Nov,KS,ILP,PHYSICAL,NON_NEW,0
2023,Nov,KS,PDL,DIGITAL,NEW,35
2023,Nov,KS,PDL,DIGITAL,NON_NEW,478
2023,Nov,KS,PDL,DIGITAL,,1
2023,Nov,KS,PDL,PHYSICAL,NEW,117
2023,Nov,KS,PDL,PHYSICAL,NON_NEW,1251
2023,Nov,KS,PDL,PHYSICAL,,2
2023,Nov,KS,PDL,UNKNOWN,NEW,-1
2023,Nov,KS,PDL,UNKNOWN,,0
2023,Nov,KY,ILP,PHYSICAL,NON_NEW,0
2023,Nov,KY,PDL,DIGITAL,NEW,73
2023,Nov,KY,PDL,DIGITAL,NON_NEW,305
2023,Nov,KY,PDL,DIGITAL,,2
2023,Nov,KY,PDL,PHYSICAL,NEW,271
2023,Nov,KY,PDL,PHYSICAL,NON_NEW,8273
2023,Nov,KY,PDL,PHYSICAL,,6
2023,Nov,KY,PDL,UNKNOWN,NEW,1
2023,Nov,KY,PDL,UNKNOWN,,0
2023,Nov,LA,ILP,PHYSICAL,NON_NEW,0
2023,Nov,LA,PDL,DIGITAL,NEW,120
2023,Nov,LA,PDL,DIGITAL,NON_NEW,2691
2023,Nov,LA,PDL,DIGITAL,,4
2023,Nov,LA,PDL,PHYSICAL,NEW,438
2023,Nov,LA,PDL,PHYSICAL,NON_NEW,13155
2023,Nov,LA,PDL,PHYSICAL,,9
2023,Nov,LA,PDL,UNKNOWN,NEW,0
2023,Nov,LA,PDL,UNKNOWN,,0
2023,Nov,MI,ILP,DIGITAL,NON_NEW,0
2023,Nov,MI,ILP,PHYSICAL,NON_NEW,0
2023,Nov,MI,PDL,DIGITAL,NEW,525
2023,Nov,MI,PDL,DIGITAL,NON_NEW,12141
2023,Nov,MI,PDL,DIGITAL,,10
2023,Nov,MI,PDL,PHYSICAL,NEW,1463
2023,Nov,MI,PDL,PHYSICAL,NON_NEW,44927
2023,Nov,MI,PDL,PHYSICAL,,43
2023,Nov,MI,PDL,UNKNOWN,NEW,-1
2023,Nov,MI,PDL,UNKNOWN,NON_NEW,0
2023,Nov,MI,PDL,UNKNOWN,,0
2023,Nov,MO,ILP,DIGITAL,NEW,272
2023,Nov,MO,ILP,DIGITAL,NON_NEW,371
2023,Nov,MO,ILP,DIGITAL,,3
2023,Nov,MO,ILP,PHYSICAL,NEW,804
2023,Nov,MO,ILP,PHYSICAL,NON_NEW,1557
2023,Nov,MO,ILP,PHYSICAL,,13
2023,Nov,MO,ILP,UNKNOWN,NEW,2
2023,Nov,MO,ILP,UNKNOWN,,0
2023,Nov,MO,PDL,DIGITAL,NEW,0
2023,Nov,MO,PDL,DIGITAL,NON_NEW,7
2023,Nov,MO,PDL,DIGITAL,,0
2023,Nov,MO,PDL,PHYSICAL,NEW,0
2023,Nov,MO,PDL,PHYSICAL,NON_NEW,73
2023,Nov,MO,PDL,PHYSICAL,,0
2023,Nov,MO,PDL,UNKNOWN,,0
2023,Nov,MS,ILP,DIGITAL,NEW,310
2023,Nov,MS,ILP,DIGITAL,NON_NEW,418
2023,Nov,MS,ILP,DIGITAL,,0
2023,Nov,MS,ILP,PHYSICAL,NEW,1533
2023,Nov,MS,ILP,PHYSICAL,NON_NEW,3124
2023,Nov,MS,ILP,PHYSICAL,,17
2023,Nov,MS,ILP,UNKNOWN,NEW,1
2023,Nov,MS,ILP,UNKNOWN,,0
2023,Nov,MS,PDL,DIGITAL,NEW,50
2023,Nov,MS,PDL,DIGITAL,NON_NEW,521
2023,Nov,MS,PDL,DIGITAL,,1
2023,Nov,MS,PDL,PHYSICAL,NEW,396
2023,Nov,MS,PDL,PHYSICAL,NON_NEW,2441
2023,Nov,MS,PDL,PHYSICAL,,10
2023,Nov,MS,PDL,UNKNOWN,NEW,-1
2023,Nov,MS,PDL,UNKNOWN,NON_NEW,-1
2023,Nov,MS,PDL,UNKNOWN,,0
2023,Nov,NC,ILP,UNKNOWN,,0
2023,Nov,NC,PDL,PHYSICAL,,0
2023,Nov,NV,ILP,DIGITAL,NEW,114
2023,Nov,NV,ILP,DIGITAL,NON_NEW,129
2023,Nov,NV,ILP,DIGITAL,,0
2023,Nov,NV,ILP,PHYSICAL,NEW,218
2023,Nov,NV,ILP,PHYSICAL,NON_NEW,386
2023,Nov,NV,ILP,PHYSICAL,,6
2023,Nov,NV,ILP,UNKNOWN,NEW,-4
2023,Nov,NV,ILP,UNKNOWN,,0
2023,Nov,NV,PDL,DIGITAL,NEW,0
2023,Nov,NV,PDL,DIGITAL,NON_NEW,0
2023,Nov,NV,PDL,PHYSICAL,NEW,0
2023,Nov,NV,PDL,PHYSICAL,NON_NEW,0
2023,Nov,NV,PDL,PHYSICAL,,0
2023,Nov,NV,PDL,UNKNOWN,,0
2023,Nov,OH,ILP,DIGITAL,NEW,511
2023,Nov,OH,ILP,DIGITAL,NON_NEW,1672
2023,Nov,OH,ILP,DIGITAL,,4
2023,Nov,OH,ILP,PHYSICAL,NEW,813
2023,Nov,OH,ILP,PHYSICAL,NON_NEW,5669
2023,Nov,OH,ILP,PHYSICAL,,7
2023,Nov,OH,ILP,UNKNOWN,NEW,-13
2023,Nov,OH,ILP,UNKNOWN,,0
2023,Nov,OH,ILP,,NEW,0
2023,Nov,OH,ILP,,,0
2023,Nov,OH,PDL,DIGITAL,NON_NEW,0
2023,Nov,OH,PDL,PHYSICAL,NON_NEW,0
2023,Nov,OK,ILP,DIGITAL,NEW,352
2023,Nov,OK,ILP,DIGITAL,NON_NEW,767
2023,Nov,OK,ILP,DIGITAL,,0
2023,Nov,OK,ILP,PHYSICAL,NEW,763
2023,Nov,OK,ILP,PHYSICAL,NON_NEW,2100
2023,Nov,OK,ILP,PHYSICAL,,8
2023,Nov,OK,ILP,UNKNOWN,NEW,0
2023,Nov,OK,ILP,UNKNOWN,,0
2023,Nov,OK,PDL,PHYSICAL,NON_NEW,0
2023,Nov,RI,PDL,DIGITAL,NEW,35
2023,Nov,RI,PDL,DIGITAL,NON_NEW,721
2023,Nov,RI,PDL,DIGITAL,,2
2023,Nov,RI,PDL,PHYSICAL,NEW,145
2023,Nov,RI,PDL,PHYSICAL,NON_NEW,7972
2023,Nov,RI,PDL,PHYSICAL,,5
2023,Nov,RI,PDL,UNKNOWN,NEW,0
2023,Nov,RI,PDL,UNKNOWN,,0
2023,Nov,SC,PDL,DIGITAL,NEW,0
2023,Nov,SC,PDL,DIGITAL,NON_NEW,0
2023,Nov,SC,PDL,PHYSICAL,NEW,0
2023,Nov,SC,PDL,PHYSICAL,NON_NEW,0
2023,Nov,SC,PDL,PHYSICAL,,0
2023,Nov,SC,PDL,UNKNOWN,,0
2023,Nov,SC,PDL,,NON_NEW,0
2023,Nov,TN,ILP,DIGITAL,NON_NEW,0
2023,Nov,TN,ILP,PHYSICAL,NON_NEW,0
2023,Nov,TN,PDL,DIGITAL,NEW,54
2023,Nov,TN,PDL,DIGITAL,NON_NEW,673
2023,Nov,TN,PDL,DIGITAL,,1
2023,Nov,TN,PDL,PHYSICAL,NEW,107
2023,Nov,TN,PDL,PHYSICAL,NON_NEW,1523
2023,Nov,TN,PDL,PHYSICAL,,1
2023,Nov,TN,PDL,UNKNOWN,NEW,1
2023,Nov,TN,PDL,UNKNOWN,,0
2023,Nov,TN,PDL,,NEW,0
2023,Nov,TN,PDL,,NON_NEW,0
2023,Nov,TN,PDL,,,0
2023,Nov,TX,ILP,DIGITAL,NEW,1262
2023,Nov,TX,ILP,DIGITAL,NON_NEW,3028
2023,Nov,TX,ILP,DIGITAL,,17
2023,Nov,TX,ILP,PHYSICAL,NEW,2656
2023,Nov,TX,ILP,PHYSICAL,NON_NEW,8295
2023,Nov,TX,ILP,PHYSICAL,,52
2023,Nov,TX,ILP,UNKNOWN,NEW,-36
2023,Nov,TX,ILP,UNKNOWN,,-4
2023,Nov,TX,PDL,DIGITAL,NEW,359
2023,Nov,TX,PDL,DIGITAL,NON_NEW,1513
2023,Nov,TX,PDL,DIGITAL,,7
2023,Nov,TX,PDL,PHYSICAL,NEW,146
2023,Nov,TX,PDL,PHYSICAL,NON_NEW,2211
2023,Nov,TX,PDL,PHYSICAL,,1
2023,Nov,TX,PDL,UNKNOWN,NEW,-9
2023,Nov,TX,PDL,UNKNOWN,,1
2023,Nov,UT,ILP,DIGITAL,NEW,42
2023,Nov,UT,ILP,DIGITAL,NON_NEW,47
2023,Nov,UT,ILP,DIGITAL,,0
2023,Nov,UT,ILP,PHYSICAL,NEW,29
2023,Nov,UT,ILP,PHYSICAL,NON_NEW,65
2023,Nov,UT,ILP,PHYSICAL,,0
2023,Nov,UT,ILP,UNKNOWN,NEW,0
2023,Nov,UT,ILP,UNKNOWN,,0
2023,Nov,UT,PDL,DIGITAL,NON_NEW,0
2023,Nov,UT,PDL,PHYSICAL,NEW,0
2023,Nov,UT,PDL,PHYSICAL,NON_NEW,0
2023,Nov,WI,ILP,DIGITAL,NEW,223
2023,Nov,WI,ILP,DIGITAL,NON_NEW,238
2023,Nov,WI,ILP,DIGITAL,,2
2023,Nov,WI,ILP,PHYSICAL,NEW,310
2023,Nov,WI,ILP,PHYSICAL,NON_NEW,704
2023,Nov,WI,ILP,PHYSICAL,,5
2023,Nov,WI,ILP,UNKNOWN,NEW,-4
2023,Nov,WI,ILP,UNKNOWN,,0
2023,Nov,WI,PDL,DIGITAL,NON_NEW,0
2023,Nov,WI,PDL,PHYSICAL,NEW,0
2023,Nov,WI,PDL,PHYSICAL,NON_NEW,0
2023,Nov,WY,ILP,PHYSICAL,NON_NEW,0
2023,Nov,WY,PDL,DIGITAL,NEW,10
2023,Nov,WY,PDL,DIGITAL,NON_NEW,573
2023,Nov,WY,PDL,DIGITAL,,0
2023,Nov,WY,PDL,PHYSICAL,NEW,62
2023,Nov,WY,PDL,PHYSICAL,NON_NEW,2839
2023,Nov,WY,PDL,PHYSICAL,,1
2023,Nov,WY,PDL,UNKNOWN,NEW,-1
2023,Nov,WY,PDL,UNKNOWN,,0
2023,Oct,AL,ILP,DIGITAL,NEW,460
2023,Oct,AL,ILP,DIGITAL,NON_NEW,757
2023,Oct,AL,ILP,DIGITAL,,2
2023,Oct,AL,ILP,PHYSICAL,NEW,1498
2023,Oct,AL,ILP,PHYSICAL,NON_NEW,4222
2023,Oct,AL,ILP,PHYSICAL,,-5
2023,Oct,AL,ILP,UNKNOWN,NEW,11
2023,Oct,AL,ILP,UNKNOWN,,-13
2023,Oct,AL,PDL,DIGITAL,NEW,0
2023,Oct,AL,PDL,DIGITAL,NON_NEW,0
2023,Oct,AL,PDL,DIGITAL,,0
2023,Oct,AL,PDL,PHYSICAL,NEW,0
2023,Oct,AL,PDL,PHYSICAL,NON_NEW,0
2023,Oct,AL,PDL,PHYSICAL,,0
2023,Oct,AL,PDL,UNKNOWN,,0
2023,Oct,AL,PDL,,NEW,0
2023,Oct,AL,PDL,,NON_NEW,0
2023,Oct,CA,ILP,DIGITAL,NON_NEW,0
2023,Oct,CA,ILP,PHYSICAL,NON_NEW,0
2023,Oct,CA,PDL,DIGITAL,NEW,1007
2023,Oct,CA,PDL,DIGITAL,NON_NEW,18702
2023,Oct,CA,PDL,DIGITAL,,-10
2023,Oct,CA,PDL,PHYSICAL,NEW,2751
2023,Oct,CA,PDL,PHYSICAL,NON_NEW,61523
2023,Oct,CA,PDL,PHYSICAL,,-46
2023,Oct,CA,PDL,UNKNOWN,NEW,9
2023,Oct,CA,PDL,UNKNOWN,,-8
2023,Oct,CA,PDL,,NEW,0
2023,Oct,CA,PDL,,NON_NEW,0
2023,Oct,CA,PDL,,,0
2023,Oct,CO,ILP,DIGITAL,NEW,19
2023,Oct,CO,ILP,DIGITAL,NON_NEW,465
2023,Oct,CO,ILP,DIGITAL,,-1
2023,Oct,CO,ILP,PHYSICAL,NEW,2
2023,Oct,CO,ILP,PHYSICAL,NON_NEW,1335
2023,Oct,CO,ILP,PHYSICAL,,-4
2023,Oct,CO,ILP,UNKNOWN,,0
2023,Oct,CO,ILP,,NEW,0
2023,Oct,CO,PDL,DIGITAL,NEW,0
2023,Oct,CO,PDL,DIGITAL,NON_NEW,0
2023,Oct,CO,PDL,PHYSICAL,NON_NEW,0
2023,Oct,DE,ILP,DIGITAL,NEW,54
2023,Oct,DE,ILP,DIGITAL,NON_NEW,65
2023,Oct,DE,ILP,DIGITAL,,0
2023,Oct,DE,ILP,PHYSICAL,NEW,153
2023,Oct,DE,ILP,PHYSICAL,NON_NEW,227
2023,Oct,DE,ILP,PHYSICAL,,0
2023,Oct,DE,ILP,UNKNOWN,NEW,0
2023,Oct,DE,ILP,UNKNOWN,,0
2023,Oct,FL,ILP,DIGITAL,NEW,890
2023,Oct,FL,ILP,DIGITAL,NON_NEW,4317
2023,Oct,FL,ILP,DIGITAL,,8
2023,Oct,FL,ILP,PHYSICAL,NEW,2784
2023,Oct,FL,ILP,PHYSICAL,NON_NEW,19487
2023,Oct,FL,ILP,PHYSICAL,,-13
2023,Oct,FL,ILP,UNKNOWN,NEW,14
2023,Oct,FL,ILP,UNKNOWN,,-19
2023,Oct,FL,ILP,,NEW,0
2023,Oct,FL,ILP,,NON_NEW,0
2023,Oct,FL,ILP,,,0
2023,Oct,FL,PDL,DIGITAL,NEW,352
2023,Oct,FL,PDL,DIGITAL,NON_NEW,4929
2023,Oct,FL,PDL,DIGITAL,,3
2023,Oct,FL,PDL,PHYSICAL,NEW,439
2023,Oct,FL,PDL,PHYSICAL,NON_NEW,25162
2023,Oct,FL,PDL,PHYSICAL,,-13
2023,Oct,FL,PDL,UNKNOWN,NEW,2
2023,Oct,FL,PDL,UNKNOWN,,-2
2023,Oct,FL,PDL,,NEW,0
2023,Oct,FL,PDL,,NON_NEW,0
2023,Oct,FL,PDL,,,0
2023,Oct,IA,ILP,PHYSICAL,NON_NEW,0
2023,Oct,IA,PDL,DIGITAL,NEW,107
2023,Oct,IA,PDL,DIGITAL,NON_NEW,1773
2023,Oct,IA,PDL,DIGITAL,,0
2023,Oct,IA,PDL,PHYSICAL,NEW,429
2023,Oct,IA,PDL,PHYSICAL,NON_NEW,10331
2023,Oct,IA,PDL,PHYSICAL,,-3
2023,Oct,IA,PDL,UNKNOWN,NEW,2
2023,Oct,IA,PDL,UNKNOWN,,-1
2023,Oct,ID,ILP,DIGITAL,NEW,44
2023,Oct,ID,ILP,DIGITAL,NON_NEW,54
2023,Oct,ID,ILP,DIGITAL,,0
2023,Oct,ID,ILP,PHYSICAL,NEW,45
2023,Oct,ID,ILP,PHYSICAL,NON_NEW,97
2023,Oct,ID,ILP,PHYSICAL,,0
2023,Oct,ID,ILP,UNKNOWN,NEW,0
2023,Oct,ID,ILP,UNKNOWN,,0
2023,Oct,ID,PDL,PHYSICAL,NON_NEW,0
2023,Oct,IN,PDL,DIGITAL,NEW,220
2023,Oct,IN,PDL,DIGITAL,NON_NEW,2596
2023,Oct,IN,PDL,DIGITAL,,1
2023,Oct,IN,PDL,PHYSICAL,NEW,585
2023,Oct,IN,PDL,PHYSICAL,NON_NEW,15616
2023,Oct,IN,PDL,PHYSICAL,,-10
2023,Oct,IN,PDL,UNKNOWN,NEW,4
2023,Oct,IN,PDL,UNKNOWN,,-3
2023,Oct,KS,ILP,DIGITAL,NON_NEW,0
2023,Oct,KS,ILP,PHYSICAL,NON_NEW,0
2023,Oct,KS,PDL,DIGITAL,NEW,46
2023,Oct,KS,PDL,DIGITAL,NON_NEW,458
2023,Oct,KS,PDL,DIGITAL,,0
2023,Oct,KS,PDL,PHYSICAL,NEW,113
2023,Oct,KS,PDL,PHYSICAL,NON_NEW,1304
2023,Oct,KS,PDL,PHYSICAL,,-2
2023,Oct,KS,PDL,UNKNOWN,NEW,2
2023,Oct,KS,PDL,UNKNOWN,,0
2023,Oct,KY,ILP,PHYSICAL,NON_NEW,0
2023,Oct,KY,PDL,DIGITAL,NEW,91
2023,Oct,KY,PDL,DIGITAL,NON_NEW,242
2023,Oct,KY,PDL,DIGITAL,,0
2023,Oct,KY,PDL,PHYSICAL,NEW,325
2023,Oct,KY,PDL,PHYSICAL,NON_NEW,8167
2023,Oct,KY,PDL,PHYSICAL,,-7
2023,Oct,KY,PDL,UNKNOWN,NEW,0
2023,Oct,KY,PDL,UNKNOWN,,0
2023,Oct,LA,ILP,PHYSICAL,NON_NEW,0
2023,Oct,LA,PDL,DIGITAL,NEW,154
2023,Oct,LA,PDL,DIGITAL,NON_NEW,2637
2023,Oct,LA,PDL,DIGITAL,,-1
2023,Oct,LA,PDL,PHYSICAL,NEW,493
2023,Oct,LA,PDL,PHYSICAL,NON_NEW,12092
2023,Oct,LA,PDL,PHYSICAL,,-5
2023,Oct,LA,PDL,UNKNOWN,NEW,2
2023,Oct,LA,PDL,UNKNOWN,,-2
2023,Oct,MI,ILP,DIGITAL,NON_NEW,0
2023,Oct,MI,ILP,PHYSICAL,NON_NEW,0
2023,Oct,MI,PDL,DIGITAL,NEW,715
2023,Oct,MI,PDL,DIGITAL,NON_NEW,11995
2023,Oct,MI,PDL,DIGITAL,,-4
2023,Oct,MI,PDL,PHYSICAL,NEW,1799
2023,Oct,MI,PDL,PHYSICAL,NON_NEW,45199
2023,Oct,MI,PDL,PHYSICAL,,-21
2023,Oct,MI,PDL,UNKNOWN,NEW,11
2023,Oct,MI,PDL,UNKNOWN,NON_NEW,0
2023,Oct,MI,PDL,UNKNOWN,,-10
2023,Oct,MO,ILP,DIGITAL,NEW,239
2023,Oct,MO,ILP,DIGITAL,NON_NEW,416
2023,Oct,MO,ILP,DIGITAL,,1
2023,Oct,MO,ILP,PHYSICAL,NEW,727
2023,Oct,MO,ILP,PHYSICAL,NON_NEW,1735
2023,Oct,MO,ILP,PHYSICAL,,-6
2023,Oct,MO,ILP,UNKNOWN,NEW,5
2023,Oct,MO,ILP,UNKNOWN,,-7
2023,Oct,MO,PDL,DIGITAL,NEW,0
2023,Oct,MO,PDL,DIGITAL,NON_NEW,24
2023,Oct,MO,PDL,DIGITAL,,0
2023,Oct,MO,PDL,PHYSICAL,NEW,0
2023,Oct,MO,PDL,PHYSICAL,NON_NEW,157
2023,Oct,MO,PDL,PHYSICAL,,0
2023,Oct,MO,PDL,UNKNOWN,,0
2023,Oct,MS,ILP,DIGITAL,NEW,309
2023,Oct,MS,ILP,DIGITAL,NON_NEW,391
2023,Oct,MS,ILP,DIGITAL,,1
2023,Oct,MS,ILP,PHYSICAL,NEW,1520
2023,Oct,MS,ILP,PHYSICAL,NON_NEW,3100
2023,Oct,MS,ILP,PHYSICAL,,-7
2023,Oct,MS,ILP,UNKNOWN,NEW,8
2023,Oct,MS,ILP,UNKNOWN,,-10
2023,Oct,MS,PDL,DIGITAL,NEW,57
2023,Oct,MS,PDL,DIGITAL,NON_NEW,525
2023,Oct,MS,PDL,DIGITAL,,0
2023,Oct,MS,PDL,PHYSICAL,NEW,473
2023,Oct,MS,PDL,PHYSICAL,NON_NEW,2460
2023,Oct,MS,PDL,PHYSICAL,,-2
2023,Oct,MS,PDL,UNKNOWN,NEW,1
2023,Oct,MS,PDL,UNKNOWN,NON_NEW,1
2023,Oct,MS,PDL,UNKNOWN,,0
2023,Oct,NC,ILP,PHYSICAL,,0
2023,Oct,NC,ILP,UNKNOWN,,0
2023,Oct,NC,PDL,PHYSICAL,,0
2023,Oct,NV,ILP,DIGITAL,NEW,121
2023,Oct,NV,ILP,DIGITAL,NON_NEW,102
2023,Oct,NV,ILP,DIGITAL,,3
2023,Oct,NV,ILP,PHYSICAL,NEW,246
2023,Oct,NV,ILP,PHYSICAL,NON_NEW,364
2023,Oct,NV,ILP,PHYSICAL,,-1
2023,Oct,NV,ILP,UNKNOWN,NEW,9
2023,Oct,NV,ILP,UNKNOWN,,-6
2023,Oct,NV,PDL,DIGITAL,NEW,0
2023,Oct,NV,PDL,DIGITAL,NON_NEW,0
2023,Oct,NV,PDL,PHYSICAL,NEW,0
2023,Oct,NV,PDL,PHYSICAL,NON_NEW,0
2023,Oct,NV,PDL,PHYSICAL,,0
2023,Oct,NV,PDL,UNKNOWN,,0
2023,Oct,OH,ILP,DIGITAL,NEW,638
2023,Oct,OH,ILP,DIGITAL,NON_NEW,1494
2023,Oct,OH,ILP,DIGITAL,,-5
2023,Oct,OH,ILP,PHYSICAL,NEW,1196
2023,Oct,OH,ILP,PHYSICAL,NON_NEW,5232
2023,Oct,OH,ILP,PHYSICAL,,-19
2023,Oct,OH,ILP,UNKNOWN,NEW,13
2023,Oct,OH,ILP,UNKNOWN,,-10
2023,Oct,OH,ILP,,NEW,0
2023,Oct,OH,ILP,,,0
2023,Oct,OH,PDL,DIGITAL,NON_NEW,0
2023,Oct,OH,PDL,PHYSICAL,NON_NEW,0
2023,Oct,OK,ILP,DIGITAL,NEW,351
2023,Oct,OK,ILP,DIGITAL,NON_NEW,753
2023,Oct,OK,ILP,DIGITAL,,0
2023,Oct,OK,ILP,PHYSICAL,NEW,828
2023,Oct,OK,ILP,PHYSICAL,NON_NEW,2029
2023,Oct,OK,ILP,PHYSICAL,,-7
2023,Oct,OK,ILP,UNKNOWN,NEW,7
2023,Oct,OK,ILP,UNKNOWN,,-10
2023,Oct,OK,PDL,PHYSICAL,NON_NEW,0
2023,Oct,RI,PDL,DIGITAL,NEW,50
2023,Oct,RI,PDL,DIGITAL,NON_NEW,714
2023,Oct,RI,PDL,DIGITAL,,1
2023,Oct,RI,PDL,PHYSICAL,NEW,221
2023,Oct,RI,PDL,PHYSICAL,NON_NEW,7289
2023,Oct,RI,PDL,PHYSICAL,,-1
2023,Oct,RI,PDL,UNKNOWN,NEW,0
2023,Oct,RI,PDL,UNKNOWN,,0
2023,Oct,SC,PDL,DIGITAL,NEW,0
2023,Oct,SC,PDL,DIGITAL,NON_NEW,0
2023,Oct,SC,PDL,PHYSICAL,NEW,0
2023,Oct,SC,PDL,PHYSICAL,NON_NEW,0
2023,Oct,SC,PDL,PHYSICAL,,0
2023,Oct,SC,PDL,UNKNOWN,,0
2023,Oct,SC,PDL,,NON_NEW,0
2023,Oct,TN,ILP,DIGITAL,NON_NEW,0
2023,Oct,TN,ILP,PHYSICAL,NON_NEW,0
2023,Oct,TN,PDL,DIGITAL,NEW,67
2023,Oct,TN,PDL,DIGITAL,NON_NEW,647
2023,Oct,TN,PDL,DIGITAL,,1
2023,Oct,TN,PDL,PHYSICAL,NEW,145
2023,Oct,TN,PDL,PHYSICAL,NON_NEW,1478
2023,Oct,TN,PDL,PHYSICAL,,-1
2023,Oct,TN,PDL,UNKNOWN,NEW,1
2023,Oct,TN,PDL,UNKNOWN,,-1
2023,Oct,TN,PDL,,NEW,0
2023,Oct,TN,PDL,,NON_NEW,0
2023,Oct,TN,PDL,,,0
2023,Oct,TX,ILP,DIGITAL,NEW,1274
2023,Oct,TX,ILP,DIGITAL,NON_NEW,2881
2023,Oct,TX,ILP,DIGITAL,,1
2023,Oct,TX,ILP,PHYSICAL,NEW,3152
2023,Oct,TX,ILP,PHYSICAL,NON_NEW,8089
2023,Oct,TX,ILP,PHYSICAL,,-46
2023,Oct,TX,ILP,UNKNOWN,NEW,43
2023,Oct,TX,ILP,UNKNOWN,NON_NEW,1
2023,Oct,TX,ILP,UNKNOWN,,-36
2023,Oct,TX,PDL,DIGITAL,NEW,401
2023,Oct,TX,PDL,DIGITAL,NON_NEW,1523
2023,Oct,TX,PDL,DIGITAL,,-3
2023,Oct,TX,PDL,PHYSICAL,NEW,206
2023,Oct,TX,PDL,PHYSICAL,NON_NEW,2339
2023,Oct,TX,PDL,PHYSICAL,,-48
2023,Oct,TX,PDL,UNKNOWN,NEW,8
2023,Oct,TX,PDL,UNKNOWN,,-8
2023,Oct,UT,ILP,DIGITAL,NEW,74
2023,Oct,UT,ILP,DIGITAL,NON_NEW,45
2023,Oct,UT,ILP,DIGITAL,,0
2023,Oct,UT,ILP,PHYSICAL,NEW,37
2023,Oct,UT,ILP,PHYSICAL,NON_NEW,61
2023,Oct,UT,ILP,PHYSICAL,,0
2023,Oct,UT,ILP,UNKNOWN,NEW,2
2023,Oct,UT,ILP,UNKNOWN,,-2
2023,Oct,UT,PDL,DIGITAL,NON_NEW,0
2023,Oct,UT,PDL,PHYSICAL,NEW,0
2023,Oct,UT,PDL,PHYSICAL,NON_NEW,0
2023,Oct,WI,ILP,DIGITAL,NEW,231
2023,Oct,WI,ILP,DIGITAL,NON_NEW,222
2023,Oct,WI,ILP,DIGITAL,,0
2023,Oct,WI,ILP,PHYSICAL,NEW,371
2023,Oct,WI,ILP,PHYSICAL,NON_NEW,657
2023,Oct,WI,ILP,PHYSICAL,,-3
2023,Oct,WI,ILP,UNKNOWN,NEW,7
2023,Oct,WI,ILP,UNKNOWN,,-8
2023,Oct,WI,PDL,DIGITAL,NON_NEW,0
2023,Oct,WI,PDL,PHYSICAL,NEW,0
2023,Oct,WI,PDL,PHYSICAL,NON_NEW,0
2023,Oct,WY,ILP,PHYSICAL,NON_NEW,0
2023,Oct,WY,PDL,DIGITAL,NEW,22
2023,Oct,WY,PDL,DIGITAL,NON_NEW,563
2023,Oct,WY,PDL,DIGITAL,,0
2023,Oct,WY,PDL,PHYSICAL,NEW,70
2023,Oct,WY,PDL,PHYSICAL,NON_NEW,2869
2023,Oct,WY,PDL,PHYSICAL,,-3
2023,Oct,WY,PDL,UNKNOWN,NEW,1
2023,Oct,WY,PDL,UNKNOWN,,0
2023,Sep,AL,ILP,DIGITAL,NEW,468
2023,Sep,AL,ILP,DIGITAL,NON_NEW,716
2023,Sep,AL,ILP,DIGITAL,,-3
2023,Sep,AL,ILP,PHYSICAL,NEW,1364
2023,Sep,AL,ILP,PHYSICAL,NON_NEW,3912
2023,Sep,AL,ILP,PHYSICAL,,-12
2023,Sep,AL,ILP,UNKNOWN,NEW,16
2023,Sep,AL,ILP,UNKNOWN,,-20
2023,Sep,AL,PDL,DIGITAL,NEW,0
2023,Sep,AL,PDL,DIGITAL,NON_NEW,0
2023,Sep,AL,PDL,DIGITAL,,0
2023,Sep,AL,PDL,PHYSICAL,NEW,0
2023,Sep,AL,PDL,PHYSICAL,NON_NEW,0
2023,Sep,AL,PDL,PHYSICAL,,0
2023,Sep,AL,PDL,UNKNOWN,,0
2023,Sep,AL,PDL,,NEW,0
2023,Sep,AL,PDL,,NON_NEW,0
2023,Sep,CA,ILP,DIGITAL,NON_NEW,0
2023,Sep,CA,ILP,PHYSICAL,NON_NEW,0
2023,Sep,CA,PDL,DIGITAL,NEW,1051
2023,Sep,CA,PDL,DIGITAL,NON_NEW,19388
2023,Sep,CA,PDL,DIGITAL,,-26
2023,Sep,CA,PDL,PHYSICAL,NEW,2666
2023,Sep,CA,PDL,PHYSICAL,NON_NEW,67992
2023,Sep,CA,PDL,PHYSICAL,,-86
2023,Sep,CA,PDL,UNKNOWN,NEW,19
2023,Sep,CA,PDL,UNKNOWN,,-21
2023,Sep,CA,PDL,,NEW,0
2023,Sep,CA,PDL,,NON_NEW,0
2023,Sep,CA,PDL,,,0
2023,Sep,CO,ILP,DIGITAL,NEW,49
2023,Sep,CO,ILP,DIGITAL,NON_NEW,582
2023,Sep,CO,ILP,DIGITAL,,0
2023,Sep,CO,ILP,PHYSICAL,NEW,4
2023,Sep,CO,ILP,PHYSICAL,NON_NEW,1601
2023,Sep,CO,ILP,PHYSICAL,,-5
2023,Sep,CO,ILP,UNKNOWN,,0
2023,Sep,CO,ILP,,NEW,0
2023,Sep,CO,PDL,DIGITAL,NON_NEW,0
2023,Sep,CO,PDL,PHYSICAL,NON_NEW,0
2023,Sep,DE,ILP,DIGITAL,NEW,61
2023,Sep,DE,ILP,DIGITAL,NON_NEW,50
2023,Sep,DE,ILP,DIGITAL,,-1
2023,Sep,DE,ILP,PHYSICAL,NEW,146
2023,Sep,DE,ILP,PHYSICAL,NON_NEW,247
2023,Sep,DE,ILP,PHYSICAL,,0
2023,Sep,DE,ILP,UNKNOWN,,-1
2023,Sep,FL,ILP,DIGITAL,NEW,849
2023,Sep,FL,ILP,DIGITAL,NON_NEW,4375
2023,Sep,FL,ILP,DIGITAL,,-27
2023,Sep,FL,ILP,PHYSICAL,NEW,2725
2023,Sep,FL,ILP,PHYSICAL,NON_NEW,20788
2023,Sep,FL,ILP,PHYSICAL,,-58
2023,Sep,FL,ILP,UNKNOWN,NEW,25
2023,Sep,FL,ILP,UNKNOWN,,-69
2023,Sep,FL,ILP,,NEW,0
2023,Sep,FL,ILP,,NON_NEW,0
2023,Sep,FL,ILP,,,0
2023,Sep,FL,PDL,DIGITAL,NEW,356
2023,Sep,FL,PDL,DIGITAL,NON_NEW,5034
2023,Sep,FL,PDL,DIGITAL,,-11
2023,Sep,FL,PDL,PHYSICAL,NEW,643
2023,Sep,FL,PDL,PHYSICAL,NON_NEW,27932
2023,Sep,FL,PDL,PHYSICAL,,-37
2023,Sep,FL,PDL,UNKNOWN,NEW,17
2023,Sep,FL,PDL,UNKNOWN,,-21
2023,Sep,FL,PDL,,NEW,0
2023,Sep,FL,PDL,,NON_NEW,0
2023,Sep,FL,PDL,,,0
2023,Sep,IA,ILP,PHYSICAL,NON_NEW,0
2023,Sep,IA,PDL,DIGITAL,NEW,85
2023,Sep,IA,PDL,DIGITAL,NON_NEW,1865
2023,Sep,IA,PDL,DIGITAL,,0
2023,Sep,IA,PDL,PHYSICAL,NEW,413
2023,Sep,IA,PDL,PHYSICAL,NON_NEW,11193
2023,Sep,IA,PDL,PHYSICAL,,-12
2023,Sep,IA,PDL,UNKNOWN,NEW,1
2023,Sep,IA,PDL,UNKNOWN,,-1
2023,Sep,ID,ILP,DIGITAL,NEW,45
2023,Sep,ID,ILP,DIGITAL,NON_NEW,41
2023,Sep,ID,ILP,DIGITAL,,0
2023,Sep,ID,ILP,PHYSICAL,NEW,45
2023,Sep,ID,ILP,PHYSICAL,NON_NEW,92
2023,Sep,ID,ILP,PHYSICAL,,0
2023,Sep,ID,ILP,UNKNOWN,,0
2023,Sep,ID,PDL,PHYSICAL,NON_NEW,0
2023,Sep,IN,PDL,DIGITAL,NEW,172
2023,Sep,IN,PDL,DIGITAL,NON_NEW,2621
2023,Sep,IN,PDL,DIGITAL,,-5
2023,Sep,IN,PDL,PHYSICAL,NEW,587
2023,Sep,IN,PDL,PHYSICAL,NON_NEW,17597
2023,Sep,IN,PDL,PHYSICAL,,-11
2023,Sep,IN,PDL,UNKNOWN,NEW,1
2023,Sep,IN,PDL,UNKNOWN,,-2
2023,Sep,KS,ILP,DIGITAL,NON_NEW,0
2023,Sep,KS,ILP,PHYSICAL,NON_NEW,0
2023,Sep,KS,PDL,DIGITAL,NEW,55
2023,Sep,KS,PDL,DIGITAL,NON_NEW,465
2023,Sep,KS,PDL,DIGITAL,,-1
2023,Sep,KS,PDL,PHYSICAL,NEW,126
2023,Sep,KS,PDL,PHYSICAL,NON_NEW,2036
2023,Sep,KS,PDL,PHYSICAL,,-4
2023,Sep,KS,PDL,UNKNOWN,NEW,1
2023,Sep,KS,PDL,UNKNOWN,,-2
2023,Sep,KY,ILP,PHYSICAL,NON_NEW,0
2023,Sep,KY,PDL,DIGITAL,NEW,126
2023,Sep,KY,PDL,DIGITAL,NON_NEW,196
2023,Sep,KY,PDL,DIGITAL,,1
2023,Sep,KY,PDL,PHYSICAL,NEW,282
2023,Sep,KY,PDL,PHYSICAL,NON_NEW,9168
2023,Sep,KY,PDL,PHYSICAL,,-14
2023,Sep,KY,PDL,UNKNOWN,NEW,4
2023,Sep,KY,PDL,UNKNOWN,NON_NEW,1
2023,Sep,KY,PDL,UNKNOWN,,-7
2023,Sep,LA,ILP,PHYSICAL,NON_NEW,0
2023,Sep,LA,PDL,DIGITAL,NEW,158
2023,Sep,LA,PDL,DIGITAL,NON_NEW,2811
2023,Sep,LA,PDL,DIGITAL,,-2
2023,Sep,LA,PDL,PHYSICAL,NEW,545
2023,Sep,LA,PDL,PHYSICAL,NON_NEW,13891
2023,Sep,LA,PDL,PHYSICAL,,-16
2023,Sep,LA,PDL,UNKNOWN,NEW,1
2023,Sep,LA,PDL,UNKNOWN,,-2
2023,Sep,MI,ILP,DIGITAL,NON_NEW,0
2023,Sep,MI,ILP,PHYSICAL,NON_NEW,0
2023,Sep,MI,PDL,DIGITAL,NEW,683
2023,Sep,MI,PDL,DIGITAL,NON_NEW,12507
2023,Sep,MI,PDL,DIGITAL,,-9
2023,Sep,MI,PDL,PHYSICAL,NEW,1761
2023,Sep,MI,PDL,PHYSICAL,NON_NEW,48402
2023,Sep,MI,PDL,PHYSICAL,,-66
2023,Sep,MI,PDL,UNKNOWN,NEW,17
2023,Sep,MI,PDL,UNKNOWN,NON_NEW,1
2023,Sep,MI,PDL,UNKNOWN,,-27
2023,Sep,MO,ILP,DIGITAL,NEW,217
2023,Sep,MO,ILP,DIGITAL,NON_NEW,350
2023,Sep,MO,ILP,DIGITAL,,-3
2023,Sep,MO,ILP,PHYSICAL,NEW,737
2023,Sep,MO,ILP,PHYSICAL,NON_NEW,1642
2023,Sep,MO,ILP,PHYSICAL,,-11
2023,Sep,MO,ILP,UNKNOWN,NEW,10
2023,Sep,MO,ILP,UNKNOWN,,-15
2023,Sep,MO,PDL,DIGITAL,NEW,3
2023,Sep,MO,PDL,DIGITAL,NON_NEW,251
2023,Sep,MO,PDL,DIGITAL,,0
2023,Sep,MO,PDL,PHYSICAL,NEW,11
2023,Sep,MO,PDL,PHYSICAL,NON_NEW,990
2023,Sep,MO,PDL,PHYSICAL,,-2
2023,Sep,MO,PDL,UNKNOWN,,0
2023,Sep,MS,ILP,DIGITAL,NEW,308
2023,Sep,MS,ILP,DIGITAL,NON_NEW,425
2023,Sep,MS,ILP,DIGITAL,,-1
2023,Sep,MS,ILP,PHYSICAL,NEW,1387
2023,Sep,MS,ILP,PHYSICAL,NON_NEW,3060
2023,Sep,MS,ILP,PHYSICAL,,-14
2023,Sep,MS,ILP,UNKNOWN,NEW,11
2023,Sep,MS,ILP,UNKNOWN,,-16
2023,Sep,MS,PDL,DIGITAL,NEW,64
2023,Sep,MS,PDL,DIGITAL,NON_NEW,456
2023,Sep,MS,PDL,DIGITAL,,0
2023,Sep,MS,PDL,PHYSICAL,NEW,378
2023,Sep,MS,PDL,PHYSICAL,NON_NEW,3452
2023,Sep,MS,PDL,PHYSICAL,,-7
2023,Sep,MS,PDL,UNKNOWN,NEW,1
2023,Sep,MS,PDL,UNKNOWN,,-1
2023,Sep,NC,ILP,PHYSICAL,,0
2023,Sep,NC,ILP,UNKNOWN,,0
2023,Sep,NC,PDL,PHYSICAL,,0
2023,Sep,NV,ILP,DIGITAL,NEW,134
2023,Sep,NV,ILP,DIGITAL,NON_NEW,136
2023,Sep,NV,ILP,DIGITAL,,-1
2023,Sep,NV,ILP,PHYSICAL,NEW,206
2023,Sep,NV,ILP,PHYSICAL,NON_NEW,368
2023,Sep,NV,ILP,PHYSICAL,,-12
2023,Sep,NV,ILP,UNKNOWN,NEW,7
2023,Sep,NV,ILP,UNKNOWN,,-12
2023,Sep,NV,PDL,DIGITAL,NEW,0
2023,Sep,NV,PDL,DIGITAL,NON_NEW,0
2023,Sep,NV,PDL,PHYSICAL,NEW,0
2023,Sep,NV,PDL,PHYSICAL,NON_NEW,0
2023,Sep,NV,PDL,PHYSICAL,,0
2023,Sep,NV,PDL,UNKNOWN,,0
2023,Sep,OH,ILP,DIGITAL,NEW,731
2023,Sep,OH,ILP,DIGITAL,NON_NEW,1452
2023,Sep,OH,ILP,DIGITAL,,-17
2023,Sep,OH,ILP,PHYSICAL,NEW,1382
2023,Sep,OH,ILP,PHYSICAL,NON_NEW,5493
2023,Sep,OH,ILP,PHYSICAL,,-40
2023,Sep,OH,ILP,UNKNOWN,NEW,37
2023,Sep,OH,ILP,UNKNOWN,,-82
2023,Sep,OH,ILP,,NEW,0
2023,Sep,OH,ILP,,,0
2023,Sep,OH,PDL,DIGITAL,NON_NEW,0
2023,Sep,OH,PDL,PHYSICAL,NON_NEW,0
2023,Sep,OK,ILP,DIGITAL,NEW,361
2023,Sep,OK,ILP,DIGITAL,NON_NEW,741
2023,Sep,OK,ILP,DIGITAL,,0
2023,Sep,OK,ILP,PHYSICAL,NEW,736
2023,Sep,OK,ILP,PHYSICAL,NON_NEW,2104
2023,Sep,OK,ILP,PHYSICAL,,-4
2023,Sep,OK,ILP,UNKNOWN,NEW,4
2023,Sep,OK,ILP,UNKNOWN,,-6
2023,Sep,OK,PDL,PHYSICAL,NON_NEW,0
2023,Sep,RI,PDL,DIGITAL,NEW,47
2023,Sep,RI,PDL,DIGITAL,NON_NEW,730
2023,Sep,RI,PDL,DIGITAL,,0
2023,Sep,RI,PDL,PHYSICAL,NEW,187
2023,Sep,RI,PDL,PHYSICAL,NON_NEW,8490
2023,Sep,RI,PDL,PHYSICAL,,-7
2023,Sep,RI,PDL,UNKNOWN,NEW,3
2023,Sep,RI,PDL,UNKNOWN,,-3
2023,Sep,SC,PDL,DIGITAL,NEW,0
2023,Sep,SC,PDL,DIGITAL,NON_NEW,0
2023,Sep,SC,PDL,PHYSICAL,NEW,0
2023,Sep,SC,PDL,PHYSICAL,NON_NEW,0
2023,Sep,SC,PDL,PHYSICAL,,0
2023,Sep,SC,PDL,UNKNOWN,,0
2023,Sep,SC,PDL,,NON_NEW,0
2023,Sep,TN,ILP,DIGITAL,NON_NEW,0
2023,Sep,TN,ILP,PHYSICAL,NON_NEW,0
2023,Sep,TN,PDL,DIGITAL,NEW,73
2023,Sep,TN,PDL,DIGITAL,NON_NEW,669
2023,Sep,TN,PDL,DIGITAL,,-1
2023,Sep,TN,PDL,PHYSICAL,NEW,136
2023,Sep,TN,PDL,PHYSICAL,NON_NEW,1950
2023,Sep,TN,PDL,PHYSICAL,,-1
2023,Sep,TN,PDL,UNKNOWN,NEW,3
2023,Sep,TN,PDL,UNKNOWN,,-5
2023,Sep,TN,PDL,,NEW,0
2023,Sep,TN,PDL,,NON_NEW,0
2023,Sep,TN,PDL,,,0
2023,Sep,TX,ILP,DIGITAL,NEW,1286
2023,Sep,TX,ILP,DIGITAL,NON_NEW,2871
2023,Sep,TX,ILP,DIGITAL,,-30
2023,Sep,TX,ILP,PHYSICAL,NEW,3191
2023,Sep,TX,ILP,PHYSICAL,NON_NEW,7867
2023,Sep,TX,ILP,PHYSICAL,,-78
2023,Sep,TX,ILP,UNKNOWN,NEW,58
2023,Sep,TX,ILP,UNKNOWN,NON_NEW,1
2023,Sep,TX,ILP,UNKNOWN,,-157
2023,Sep,TX,PDL,DIGITAL,NEW,379
2023,Sep,TX,PDL,DIGITAL,NON_NEW,1704
2023,Sep,TX,PDL,DIGITAL,,-13
2023,Sep,TX,PDL,PHYSICAL,NEW,280
2023,Sep,TX,PDL,PHYSICAL,NON_NEW,3202
2023,Sep,TX,PDL,PHYSICAL,,-88
2023,Sep,TX,PDL,UNKNOWN,NEW,21
2023,Sep,TX,PDL,UNKNOWN,,-36
2023,Sep,UT,ILP,DIGITAL,NEW,50
2023,Sep,UT,ILP,DIGITAL,NON_NEW,44
2023,Sep,UT,ILP,DIGITAL,,0
2023,Sep,UT,ILP,PHYSICAL,NEW,35
2023,Sep,UT,ILP,PHYSICAL,NON_NEW,67
2023,Sep,UT,ILP,PHYSICAL,,-2
2023,Sep,UT,ILP,UNKNOWN,NEW,2
2023,Sep,UT,ILP,UNKNOWN,,-2
2023,Sep,UT,PDL,DIGITAL,NON_NEW,0
2023,Sep,UT,PDL,PHYSICAL,NEW,0
2023,Sep,UT,PDL,PHYSICAL,NON_NEW,0
2023,Sep,WI,ILP,DIGITAL,NEW,198
2023,Sep,WI,ILP,DIGITAL,NON_NEW,250
2023,Sep,WI,ILP,DIGITAL,,-2
2023,Sep,WI,ILP,PHYSICAL,NEW,374
2023,Sep,WI,ILP,PHYSICAL,NON_NEW,663
2023,Sep,WI,ILP,PHYSICAL,,-5
2023,Sep,WI,ILP,UNKNOWN,NEW,7
2023,Sep,WI,ILP,UNKNOWN,,-31
2023,Sep,WI,PDL,DIGITAL,NON_NEW,0
2023,Sep,WI,PDL,PHYSICAL,NEW,0
2023,Sep,WI,PDL,PHYSICAL,NON_NEW,0
2023,Sep,WY,ILP,PHYSICAL,NON_NEW,0
2023,Sep,WY,PDL,DIGITAL,NEW,21
2023,Sep,WY,PDL,DIGITAL,NON_NEW,572
2023,Sep,WY,PDL,DIGITAL,,0
2023,Sep,WY,PDL,PHYSICAL,NEW,105
2023,Sep,WY,PDL,PHYSICAL,NON_NEW,3171
2023,Sep,WY,PDL,PHYSICAL,,-7
2023,Sep,WY,PDL,UNKNOWN,,0
2024,Apr,AL,ILP,DIGITAL,NEW,223
2024,Apr,AL,ILP,DIGITAL,NON_NEW,805
2024,Apr,AL,ILP,DIGITAL,,0
2024,Apr,AL,ILP,PHYSICAL,NEW,1161
2024,Apr,AL,ILP,PHYSICAL,NON_NEW,4329
2024,Apr,AL,ILP,PHYSICAL,,0
2024,Apr,AL,ILP,UNKNOWN,NEW,1
2024,Apr,AL,ILP,UNKNOWN,,0
2024,Apr,AL,PDL,DIGITAL,NEW,0
2024,Apr,AL,PDL,DIGITAL,NON_NEW,0
2024,Apr,AL,PDL,DIGITAL,,0
2024,Apr,AL,PDL,PHYSICAL,NEW,0
2024,Apr,AL,PDL,PHYSICAL,NON_NEW,0
2024,Apr,AL,PDL,PHYSICAL,,0
2024,Apr,AL,PDL,UNKNOWN,,0
2024,Apr,AL,PDL,,NEW,0
2024,Apr,AL,PDL,,NON_NEW,0
2024,Apr,CA,ILP,DIGITAL,NON_NEW,0
2024,Apr,CA,ILP,PHYSICAL,NON_NEW,0
2024,Apr,CA,PDL,DIGITAL,NEW,779
2024,Apr,CA,PDL,DIGITAL,NON_NEW,16228
2024,Apr,CA,PDL,DIGITAL,,0
2024,Apr,CA,PDL,PHYSICAL,NEW,2071
2024,Apr,CA,PDL,PHYSICAL,NON_NEW,57459
2024,Apr,CA,PDL,PHYSICAL,,0
2024,Apr,CA,PDL,UNKNOWN,NEW,1
2024,Apr,CA,PDL,UNKNOWN,,0
2024,Apr,CA,PDL,,NEW,0
2024,Apr,CA,PDL,,NON_NEW,0
2024,Apr,CA,PDL,,,0
2024,Apr,CO,ILP,DIGITAL,NEW,0
2024,Apr,CO,ILP,DIGITAL,NON_NEW,0
2024,Apr,CO,ILP,DIGITAL,,0
2024,Apr,CO,ILP,PHYSICAL,NEW,0
2024,Apr,CO,ILP,PHYSICAL,NON_NEW,0
2024,Apr,CO,ILP,PHYSICAL,,0
2024,Apr,CO,ILP,UNKNOWN,,0
2024,Apr,CO,ILP,,NEW,0
2024,Apr,CO,PDL,DIGITAL,NON_NEW,0
2024,Apr,CO,PDL,PHYSICAL,NON_NEW,0
2024,Apr,DE,ILP,DIGITAL,NEW,31
2024,Apr,DE,ILP,DIGITAL,NON_NEW,73
2024,Apr,DE,ILP,DIGITAL,,0
2024,Apr,DE,ILP,PHYSICAL,NEW,115
2024,Apr,DE,ILP,PHYSICAL,NON_NEW,266
2024,Apr,DE,ILP,PHYSICAL,,0
2024,Apr,DE,ILP,UNKNOWN,NEW,0
2024,Apr,DE,ILP,UNKNOWN,,0
2024,Apr,FL,ILP,DIGITAL,NEW,765
2024,Apr,FL,ILP,DIGITAL,NON_NEW,4509
2024,Apr,FL,ILP,DIGITAL,,0
2024,Apr,FL,ILP,PHYSICAL,NEW,2695
2024,Apr,FL,ILP,PHYSICAL,NON_NEW,20375
2024,Apr,FL,ILP,PHYSICAL,,-1
2024,Apr,FL,ILP,UNKNOWN,NEW,-32
2024,Apr,FL,ILP,UNKNOWN,,-2
2024,Apr,FL,ILP,,NEW,0
2024,Apr,FL,ILP,,NON_NEW,0
2024,Apr,FL,ILP,,,0
2024,Apr,FL,PDL,DIGITAL,NEW,61
2024,Apr,FL,PDL,DIGITAL,NON_NEW,3308
2024,Apr,FL,PDL,DIGITAL,,0
2024,Apr,FL,PDL,PHYSICAL,NEW,257
2024,Apr,FL,PDL,PHYSICAL,NON_NEW,20919
2024,Apr,FL,PDL,PHYSICAL,,0
2024,Apr,FL,PDL,UNKNOWN,NEW,1
2024,Apr,FL,PDL,UNKNOWN,,0
2024,Apr,FL,PDL,,NEW,0
2024,Apr,FL,PDL,,NON_NEW,0
2024,Apr,FL,PDL,,,0
2024,Apr,IA,ILP,PHYSICAL,NON_NEW,0
2024,Apr,IA,PDL,DIGITAL,NEW,55
2024,Apr,IA,PDL,DIGITAL,NON_NEW,1644
2024,Apr,IA,PDL,DIGITAL,,0
2024,Apr,IA,PDL,PHYSICAL,NEW,444
2024,Apr,IA,PDL,PHYSICAL,NON_NEW,9288
2024,Apr,IA,PDL,PHYSICAL,,0
2024,Apr,IA,PDL,UNKNOWN,NEW,0
2024,Apr,IA,PDL,UNKNOWN,,0
2024,Apr,ID,ILP,DIGITAL,NEW,30
2024,Apr,ID,ILP,DIGITAL,NON_NEW,58
2024,Apr,ID,ILP,DIGITAL,,0
2024,Apr,ID,ILP,PHYSICAL,NEW,53
2024,Apr,ID,ILP,PHYSICAL,NON_NEW,100
2024,Apr,ID,ILP,PHYSICAL,,0
2024,Apr,ID,ILP,UNKNOWN,NEW,0
2024,Apr,ID,ILP,UNKNOWN,,0
2024,Apr,ID,PDL,PHYSICAL,NON_NEW,0
2024,Apr,IN,PDL,DIGITAL,NEW,143
2024,Apr,IN,PDL,DIGITAL,NON_NEW,2428
2024,Apr,IN,PDL,DIGITAL,,0
2024,Apr,IN,PDL,PHYSICAL,NEW,501
2024,Apr,IN,PDL,PHYSICAL,NON_NEW,14380
2024,Apr,IN,PDL,PHYSICAL,,0
2024,Apr,IN,PDL,UNKNOWN,NEW,0
2024,Apr,IN,PDL,UNKNOWN,,0
2024,Apr,KS,ILP,DIGITAL,NON_NEW,0
2024,Apr,KS,ILP,PHYSICAL,NON_NEW,0
2024,Apr,KS,PDL,DIGITAL,NEW,30
2024,Apr,KS,PDL,DIGITAL,NON_NEW,335
2024,Apr,KS,PDL,DIGITAL,,0
2024,Apr,KS,PDL,PHYSICAL,NEW,146
2024,Apr,KS,PDL,PHYSICAL,NON_NEW,957
2024,Apr,KS,PDL,PHYSICAL,,0
2024,Apr,KS,PDL,UNKNOWN,NEW,-1
2024,Apr,KS,PDL,UNKNOWN,,0
2024,Apr,KY,ILP,PHYSICAL,NON_NEW,0
2024,Apr,KY,PDL,DIGITAL,NEW,54
2024,Apr,KY,PDL,DIGITAL,NON_NEW,475
2024,Apr,KY,PDL,DIGITAL,,0
2024,Apr,KY,PDL,PHYSICAL,NEW,346
2024,Apr,KY,PDL,PHYSICAL,NON_NEW,7839
2024,Apr,KY,PDL,PHYSICAL,,0
2024,Apr,KY,PDL,UNKNOWN,NEW,-1
2024,Apr,KY,PDL,UNKNOWN,,0
2024,Apr,LA,ILP,PHYSICAL,NON_NEW,0
2024,Apr,LA,PDL,DIGITAL,NEW,73
2024,Apr,LA,PDL,DIGITAL,NON_NEW,2262
2024,Apr,LA,PDL,DIGITAL,,0
2024,Apr,LA,PDL,PHYSICAL,NEW,393
2024,Apr,LA,PDL,PHYSICAL,NON_NEW,11699
2024,Apr,LA,PDL,PHYSICAL,,0
2024,Apr,LA,PDL,UNKNOWN,NEW,0
2024,Apr,LA,PDL,UNKNOWN,,0
2024,Apr,MI,ILP,DIGITAL,NON_NEW,0
2024,Apr,MI,ILP,PHYSICAL,NON_NEW,0
2024,Apr,MI,PDL,DIGITAL,NEW,320
2024,Apr,MI,PDL,DIGITAL,NON_NEW,10752
2024,Apr,MI,PDL,DIGITAL,,0
2024,Apr,MI,PDL,PHYSICAL,NEW,1485
2024,Apr,MI,PDL,PHYSICAL,NON_NEW,41463
2024,Apr,MI,PDL,PHYSICAL,,0
2024,Apr,MI,PDL,UNKNOWN,NEW,2
2024,Apr,MI,PDL,UNKNOWN,NON_NEW,0
2024,Apr,MI,PDL,UNKNOWN,,0
2024,Apr,MO,ILP,DIGITAL,NEW,314
2024,Apr,MO,ILP,DIGITAL,NON_NEW,369
2024,Apr,MO,ILP,DIGITAL,,0
2024,Apr,MO,ILP,PHYSICAL,NEW,716
2024,Apr,MO,ILP,PHYSICAL,NON_NEW,1649
2024,Apr,MO,ILP,PHYSICAL,,0
2024,Apr,MO,ILP,UNKNOWN,NEW,-2
2024,Apr,MO,ILP,UNKNOWN,,0
2024,Apr,MO,PDL,DIGITAL,NEW,0
2024,Apr,MO,PDL,DIGITAL,NON_NEW,0
2024,Apr,MO,PDL,DIGITAL,,0
2024,Apr,MO,PDL,PHYSICAL,NEW,0
2024,Apr,MO,PDL,PHYSICAL,NON_NEW,0
2024,Apr,MO,PDL,PHYSICAL,,0
2024,Apr,MO,PDL,UNKNOWN,,0
2024,Apr,MS,ILP,DIGITAL,NEW,290
2024,Apr,MS,ILP,DIGITAL,NON_NEW,500
2024,Apr,MS,ILP,DIGITAL,,0
2024,Apr,MS,ILP,PHYSICAL,NEW,967
2024,Apr,MS,ILP,PHYSICAL,NON_NEW,3405
2024,Apr,MS,ILP,PHYSICAL,,-1
2024,Apr,MS,ILP,UNKNOWN,NEW,0
2024,Apr,MS,ILP,UNKNOWN,,0
2024,Apr,MS,PDL,DIGITAL,NEW,11
2024,Apr,MS,PDL,DIGITAL,NON_NEW,102
2024,Apr,MS,PDL,DIGITAL,,0
2024,Apr,MS,PDL,PHYSICAL,NEW,503
2024,Apr,MS,PDL,PHYSICAL,NON_NEW,1437
2024,Apr,MS,PDL,PHYSICAL,,0
2024,Apr,MS,PDL,UNKNOWN,NEW,0
2024,Apr,MS,PDL,UNKNOWN,NON_NEW,0
2024,Apr,MS,PDL,UNKNOWN,,0
2024,Apr,NC,PDL,PHYSICAL,,0
2024,Apr,NV,ILP,DIGITAL,NEW,177
2024,Apr,NV,ILP,DIGITAL,NON_NEW,178
2024,Apr,NV,ILP,DIGITAL,,0
2024,Apr,NV,ILP,PHYSICAL,NEW,264
2024,Apr,NV,ILP,PHYSICAL,NON_NEW,422
2024,Apr,NV,ILP,PHYSICAL,,0
2024,Apr,NV,ILP,UNKNOWN,NEW,-2
2024,Apr,NV,ILP,UNKNOWN,,0
2024,Apr,NV,PDL,DIGITAL,NEW,0
2024,Apr,NV,PDL,DIGITAL,NON_NEW,0
2024,Apr,NV,PDL,PHYSICAL,NEW,0
2024,Apr,NV,PDL,PHYSICAL,NON_NEW,0
2024,Apr,NV,PDL,PHYSICAL,,0
2024,Apr,NV,PDL,UNKNOWN,,0
2024,Apr,OH,ILP,DIGITAL,NEW,205
2024,Apr,OH,ILP,DIGITAL,NON_NEW,1723
2024,Apr,OH,ILP,DIGITAL,,0
2024,Apr,OH,ILP,PHYSICAL,NEW,749
2024,Apr,OH,ILP,PHYSICAL,NON_NEW,5438
2024,Apr,OH,ILP,PHYSICAL,,0
2024,Apr,OH,ILP,UNKNOWN,NEW,-6
2024,Apr,OH,ILP,UNKNOWN,,0
2024,Apr,OH,ILP,,NEW,0
2024,Apr,OH,ILP,,,0
2024,Apr,OH,PDL,DIGITAL,NON_NEW,0
2024,Apr,OH,PDL,PHYSICAL,NON_NEW,0
2024,Apr,OK,ILP,DIGITAL,NEW,254
2024,Apr,OK,ILP,DIGITAL,NON_NEW,837
2024,Apr,OK,ILP,DIGITAL,,0
2024,Apr,OK,ILP,PHYSICAL,NEW,698
2024,Apr,OK,ILP,PHYSICAL,NON_NEW,2330
2024,Apr,OK,ILP,PHYSICAL,,0
2024,Apr,OK,ILP,UNKNOWN,NEW,0
2024,Apr,OK,ILP,UNKNOWN,,0
2024,Apr,OK,PDL,PHYSICAL,NON_NEW,0
2024,Apr,RI,PDL,DIGITAL,NEW,25
2024,Apr,RI,PDL,DIGITAL,NON_NEW,650
2024,Apr,RI,PDL,DIGITAL,,0
2024,Apr,RI,PDL,PHYSICAL,NEW,158
2024,Apr,RI,PDL,PHYSICAL,NON_NEW,6476
2024,Apr,RI,PDL,PHYSICAL,,0
2024,Apr,RI,PDL,UNKNOWN,NEW,0
2024,Apr,RI,PDL,UNKNOWN,,0
2024,Apr,SC,PDL,DIGITAL,NEW,0
2024,Apr,SC,PDL,DIGITAL,NON_NEW,0
2024,Apr,SC,PDL,PHYSICAL,NEW,0
2024,Apr,SC,PDL,PHYSICAL,NON_NEW,0
2024,Apr,SC,PDL,PHYSICAL,,0
2024,Apr,SC,PDL,UNKNOWN,,0
2024,Apr,SC,PDL,,NON_NEW,0
2024,Apr,TN,ILP,DIGITAL,NON_NEW,0
2024,Apr,TN,ILP,PHYSICAL,NON_NEW,0
2024,Apr,TN,PDL,DIGITAL,NEW,36
2024,Apr,TN,PDL,DIGITAL,NON_NEW,629
2024,Apr,TN,PDL,DIGITAL,,1
2024,Apr,TN,PDL,PHYSICAL,NEW,126
2024,Apr,TN,PDL,PHYSICAL,NON_NEW,1034
2024,Apr,TN,PDL,PHYSICAL,,0
2024,Apr,TN,PDL,UNKNOWN,NEW,0
2024,Apr,TN,PDL,UNKNOWN,,0
2024,Apr,TN,PDL,,NEW,0
2024,Apr,TN,PDL,,NON_NEW,0
2024,Apr,TN,PDL,,,0
2024,Apr,TX,ILP,DIGITAL,NEW,1058
2024,Apr,TX,ILP,DIGITAL,NON_NEW,3071
2024,Apr,TX,ILP,DIGITAL,,0
2024,Apr,TX,ILP,PHYSICAL,NEW,2714
2024,Apr,TX,ILP,PHYSICAL,NON_NEW,8812
2024,Apr,TX,ILP,PHYSICAL,,-1
2024,Apr,TX,ILP,UNKNOWN,NEW,-24
2024,Apr,TX,ILP,UNKNOWN,,0
2024,Apr,TX,PDL,DIGITAL,NEW,229
2024,Apr,TX,PDL,DIGITAL,NON_NEW,1446
2024,Apr,TX,PDL,DIGITAL,,-2
2024,Apr,TX,PDL,PHYSICAL,NEW,207
2024,Apr,TX,PDL,PHYSICAL,NON_NEW,1516
2024,Apr,TX,PDL,PHYSICAL,,0
2024,Apr,TX,PDL,UNKNOWN,NEW,7
2024,Apr,TX,PDL,UNKNOWN,,0
2024,Apr,UT,ILP,DIGITAL,NEW,32
2024,Apr,UT,ILP,DIGITAL,NON_NEW,46
2024,Apr,UT,ILP,DIGITAL,,0
2024,Apr,UT,ILP,PHYSICAL,NEW,26
2024,Apr,UT,ILP,PHYSICAL,NON_NEW,58
2024,Apr,UT,ILP,PHYSICAL,,0
2024,Apr,UT,ILP,UNKNOWN,NEW,0
2024,Apr,UT,ILP,UNKNOWN,,0
2024,Apr,UT,PDL,DIGITAL,NON_NEW,0
2024,Apr,UT,PDL,PHYSICAL,NEW,0
2024,Apr,UT,PDL,PHYSICAL,NON_NEW,0
2024,Apr,WI,ILP,DIGITAL,NEW,203
2024,Apr,WI,ILP,DIGITAL,NON_NEW,338
2024,Apr,WI,ILP,DIGITAL,,0
2024,Apr,WI,ILP,PHYSICAL,NEW,274
2024,Apr,WI,ILP,PHYSICAL,NON_NEW,737
2024,Apr,WI,ILP,PHYSICAL,,0
2024,Apr,WI,ILP,UNKNOWN,NEW,-4
2024,Apr,WI,ILP,UNKNOWN,,0
2024,Apr,WI,PDL,DIGITAL,NON_NEW,0
2024,Apr,WI,PDL,PHYSICAL,NEW,0
2024,Apr,WI,PDL,PHYSICAL,NON_NEW,0
2024,Apr,WY,ILP,PHYSICAL,NON_NEW,0
2024,Apr,WY,PDL,DIGITAL,NEW,8
2024,Apr,WY,PDL,DIGITAL,NON_NEW,545
2024,Apr,WY,PDL,DIGITAL,,0
2024,Apr,WY,PDL,PHYSICAL,NEW,92
2024,Apr,WY,PDL,PHYSICAL,NON_NEW,2589
2024,Apr,WY,PDL,PHYSICAL,,0
2024,Apr,WY,PDL,UNKNOWN,NEW,0
2024,Apr,WY,PDL,UNKNOWN,,0
2024,Aug,AL,ILP,DIGITAL,NEW,155
2024,Aug,AL,ILP,DIGITAL,NON_NEW,989
2024,Aug,AL,ILP,DIGITAL,,0
2024,Aug,AL,ILP,PHYSICAL,NEW,1137
2024,Aug,AL,ILP,PHYSICAL,NON_NEW,4263
2024,Aug,AL,ILP,PHYSICAL,,0
2024,Aug,AL,ILP,UNKNOWN,NEW,-3
2024,Aug,AL,ILP,UNKNOWN,,0
2024,Aug,AL,PDL,DIGITAL,NEW,0
2024,Aug,AL,PDL,DIGITAL,NON_NEW,0
2024,Aug,AL,PDL,DIGITAL,,0
2024,Aug,AL,PDL,PHYSICAL,NEW,0
2024,Aug,AL,PDL,PHYSICAL,NON_NEW,0
2024,Aug,AL,PDL,PHYSICAL,,0
2024,Aug,AL,PDL,UNKNOWN,,0
2024,Aug,AL,PDL,,NEW,0
2024,Aug,AL,PDL,,NON_NEW,0
2024,Aug,CA,ILP,DIGITAL,NON_NEW,0
2024,Aug,CA,ILP,PHYSICAL,NON_NEW,0
2024,Aug,CA,PDL,DIGITAL,NEW,1031
2024,Aug,CA,PDL,DIGITAL,NON_NEW,19136
2024,Aug,CA,PDL,DIGITAL,,0
2024,Aug,CA,PDL,PHYSICAL,NEW,2474
2024,Aug,CA,PDL,PHYSICAL,NON_NEW,68100
2024,Aug,CA,PDL,PHYSICAL,,0
2024,Aug,CA,PDL,UNKNOWN,NEW,-5
2024,Aug,CA,PDL,UNKNOWN,,0
2024,Aug,CA,PDL,,NEW,0
2024,Aug,CA,PDL,,NON_NEW,0
2024,Aug,CA,PDL,,,0
2024,Aug,CO,ILP,DIGITAL,NEW,0
2024,Aug,CO,ILP,DIGITAL,NON_NEW,0
2024,Aug,CO,ILP,DIGITAL,,0
2024,Aug,CO,ILP,PHYSICAL,NEW,0
2024,Aug,CO,ILP,PHYSICAL,NON_NEW,0
2024,Aug,CO,ILP,PHYSICAL,,0
2024,Aug,CO,ILP,UNKNOWN,,0
2024,Aug,CO,ILP,,NEW,0
2024,Aug,CO,PDL,DIGITAL,NEW,0
2024,Aug,CO,PDL,DIGITAL,NON_NEW,0
2024,Aug,CO,PDL,PHYSICAL,NON_NEW,0
2024,Aug,DE,ILP,DIGITAL,NEW,48
2024,Aug,DE,ILP,DIGITAL,NON_NEW,102
2024,Aug,DE,ILP,DIGITAL,,0
2024,Aug,DE,ILP,PHYSICAL,NEW,135
2024,Aug,DE,ILP,PHYSICAL,NON_NEW,250
2024,Aug,DE,ILP,PHYSICAL,,0
2024,Aug,DE,ILP,UNKNOWN,NEW,0
2024,Aug,DE,ILP,UNKNOWN,,0
2024,Aug,FL,ILP,DIGITAL,NEW,1155
2024,Aug,FL,ILP,DIGITAL,NON_NEW,5747
2024,Aug,FL,ILP,DIGITAL,,0
2024,Aug,FL,ILP,PHYSICAL,NEW,3518
2024,Aug,FL,ILP,PHYSICAL,NON_NEW,24333
2024,Aug,FL,ILP,PHYSICAL,,0
2024,Aug,FL,ILP,UNKNOWN,NEW,-1
2024,Aug,FL,ILP,UNKNOWN,,0
2024,Aug,FL,ILP,,NEW,0
2024,Aug,FL,ILP,,NON_NEW,0
2024,Aug,FL,ILP,,,0
2024,Aug,FL,PDL,DIGITAL,NEW,143
2024,Aug,FL,PDL,DIGITAL,NON_NEW,3381
2024,Aug,FL,PDL,DIGITAL,,0
2024,Aug,FL,PDL,PHYSICAL,NEW,295
2024,Aug,FL,PDL,PHYSICAL,NON_NEW,22249
2024,Aug,FL,PDL,PHYSICAL,,0
2024,Aug,FL,PDL,UNKNOWN,NEW,-1
2024,Aug,FL,PDL,UNKNOWN,,0
2024,Aug,FL,PDL,,NEW,0
2024,Aug,FL,PDL,,NON_NEW,0
2024,Aug,FL,PDL,,,0
2024,Aug,IA,ILP,PHYSICAL,NON_NEW,0
2024,Aug,IA,PDL,DIGITAL,NEW,83
2024,Aug,IA,PDL,DIGITAL,NON_NEW,2099
2024,Aug,IA,PDL,DIGITAL,,0
2024,Aug,IA,PDL,PHYSICAL,NEW,514
2024,Aug,IA,PDL,PHYSICAL,NON_NEW,11233
2024,Aug,IA,PDL,PHYSICAL,,0
2024,Aug,IA,PDL,UNKNOWN,NEW,0
2024,Aug,IA,PDL,UNKNOWN,,0
2024,Aug,ID,ILP,DIGITAL,NEW,21
2024,Aug,ID,ILP,DIGITAL,NON_NEW,61
2024,Aug,ID,ILP,DIGITAL,,0
2024,Aug,ID,ILP,PHYSICAL,NEW,61
2024,Aug,ID,ILP,PHYSICAL,NON_NEW,73
2024,Aug,ID,ILP,PHYSICAL,,0
2024,Aug,ID,ILP,UNKNOWN,NEW,0
2024,Aug,ID,ILP,UNKNOWN,,0
2024,Aug,ID,PDL,PHYSICAL,NON_NEW,0
2024,Aug,IN,PDL,DIGITAL,NEW,197
2024,Aug,IN,PDL,DIGITAL,NON_NEW,2879
2024,Aug,IN,PDL,DIGITAL,,0
2024,Aug,IN,PDL,PHYSICAL,NEW,659
2024,Aug,IN,PDL,PHYSICAL,NON_NEW,17325
2024,Aug,IN,PDL,PHYSICAL,,0
2024,Aug,IN,PDL,UNKNOWN,NEW,-1
2024,Aug,IN,PDL,UNKNOWN,,0
2024,Aug,KS,ILP,DIGITAL,NON_NEW,0
2024,Aug,KS,ILP,PHYSICAL,NON_NEW,0
2024,Aug,KS,PDL,DIGITAL,NEW,23
2024,Aug,KS,PDL,DIGITAL,NON_NEW,121
2024,Aug,KS,PDL,DIGITAL,,0
2024,Aug,KS,PDL,PHYSICAL,NEW,126
2024,Aug,KS,PDL,PHYSICAL,NON_NEW,580
2024,Aug,KS,PDL,PHYSICAL,,0
2024,Aug,KS,PDL,UNKNOWN,NEW,0
2024,Aug,KS,PDL,UNKNOWN,,0
2024,Aug,KY,ILP,PHYSICAL,NON_NEW,0
2024,Aug,KY,PDL,DIGITAL,NEW,60
2024,Aug,KY,PDL,DIGITAL,NON_NEW,651
2024,Aug,KY,PDL,DIGITAL,,0
2024,Aug,KY,PDL,PHYSICAL,NEW,390
2024,Aug,KY,PDL,PHYSICAL,NON_NEW,9578
2024,Aug,KY,PDL,PHYSICAL,,0
2024,Aug,KY,PDL,UNKNOWN,NEW,0
2024,Aug,KY,PDL,UNKNOWN,NON_NEW,0
2024,Aug,KY,PDL,UNKNOWN,,0
2024,Aug,LA,ILP,PHYSICAL,NON_NEW,0
2024,Aug,LA,PDL,DIGITAL,NEW,135
2024,Aug,LA,PDL,DIGITAL,NON_NEW,2752
2024,Aug,LA,PDL,DIGITAL,,0
2024,Aug,LA,PDL,PHYSICAL,NEW,687
2024,Aug,LA,PDL,PHYSICAL,NON_NEW,14174
2024,Aug,LA,PDL,PHYSICAL,,0
2024,Aug,LA,PDL,UNKNOWN,NEW,0
2024,Aug,LA,PDL,UNKNOWN,,0
2024,Aug,MI,ILP,DIGITAL,NON_NEW,0
2024,Aug,MI,ILP,PHYSICAL,NON_NEW,0
2024,Aug,MI,PDL,DIGITAL,NEW,411
2024,Aug,MI,PDL,DIGITAL,NON_NEW,13775
2024,Aug,MI,PDL,DIGITAL,,0
2024,Aug,MI,PDL,PHYSICAL,NEW,2037
2024,Aug,MI,PDL,PHYSICAL,NON_NEW,52858
2024,Aug,MI,PDL,PHYSICAL,,0
2024,Aug,MI,PDL,UNKNOWN,NEW,1
2024,Aug,MI,PDL,UNKNOWN,NON_NEW,0
2024,Aug,MI,PDL,UNKNOWN,,0
2024,Aug,MO,ILP,DIGITAL,NEW,535
2024,Aug,MO,ILP,DIGITAL,NON_NEW,482
2024,Aug,MO,ILP,DIGITAL,,0
2024,Aug,MO,ILP,PHYSICAL,NEW,830
2024,Aug,MO,ILP,PHYSICAL,NON_NEW,1530
2024,Aug,MO,ILP,PHYSICAL,,0
2024,Aug,MO,ILP,UNKNOWN,NEW,-2
2024,Aug,MO,ILP,UNKNOWN,,0
2024,Aug,MO,PDL,DIGITAL,NEW,0
2024,Aug,MO,PDL,DIGITAL,NON_NEW,0
2024,Aug,MO,PDL,DIGITAL,,0
2024,Aug,MO,PDL,PHYSICAL,NEW,0
2024,Aug,MO,PDL,PHYSICAL,NON_NEW,0
2024,Aug,MO,PDL,PHYSICAL,,0
2024,Aug,MO,PDL,UNKNOWN,,0
2024,Aug,MS,ILP,DIGITAL,NEW,405
2024,Aug,MS,ILP,DIGITAL,NON_NEW,602
2024,Aug,MS,ILP,DIGITAL,,0
2024,Aug,MS,ILP,PHYSICAL,NEW,1145
2024,Aug,MS,ILP,PHYSICAL,NON_NEW,3177
2024,Aug,MS,ILP,PHYSICAL,,0
2024,Aug,MS,ILP,UNKNOWN,NEW,-3
2024,Aug,MS,ILP,UNKNOWN,,0
2024,Aug,MS,PDL,DIGITAL,NEW,20
2024,Aug,MS,PDL,DIGITAL,NON_NEW,113
2024,Aug,MS,PDL,DIGITAL,,0
2024,Aug,MS,PDL,PHYSICAL,NEW,186
2024,Aug,MS,PDL,PHYSICAL,NON_NEW,1107
2024,Aug,MS,PDL,PHYSICAL,,0
2024,Aug,MS,PDL,UNKNOWN,NEW,0
2024,Aug,MS,PDL,UNKNOWN,NON_NEW,0
2024,Aug,MS,PDL,UNKNOWN,,0
2024,Aug,NC,PDL,PHYSICAL,,0
2024,Aug,NV,ILP,DIGITAL,NEW,101
2024,Aug,NV,ILP,DIGITAL,NON_NEW,236
2024,Aug,NV,ILP,DIGITAL,,0
2024,Aug,NV,ILP,PHYSICAL,NEW,361
2024,Aug,NV,ILP,PHYSICAL,NON_NEW,546
2024,Aug,NV,ILP,PHYSICAL,,0
2024,Aug,NV,ILP,UNKNOWN,NEW,-2
2024,Aug,NV,ILP,UNKNOWN,,0
2024,Aug,NV,PDL,DIGITAL,NEW,0
2024,Aug,NV,PDL,DIGITAL,NON_NEW,0
2024,Aug,NV,PDL,PHYSICAL,NEW,0
2024,Aug,NV,PDL,PHYSICAL,NON_NEW,0
2024,Aug,NV,PDL,PHYSICAL,,0
2024,Aug,NV,PDL,UNKNOWN,,0
2024,Aug,OH,ILP,DIGITAL,NEW,230
2024,Aug,OH,ILP,DIGITAL,NON_NEW,1911
2024,Aug,OH,ILP,DIGITAL,,0
2024,Aug,OH,ILP,PHYSICAL,NEW,820
2024,Aug,OH,ILP,PHYSICAL,NON_NEW,5958
2024,Aug,OH,ILP,PHYSICAL,,0
2024,Aug,OH,ILP,UNKNOWN,NEW,-2
2024,Aug,OH,ILP,UNKNOWN,,0
2024,Aug,OH,ILP,,NEW,0
2024,Aug,OH,ILP,,,0
2024,Aug,OH,PDL,DIGITAL,NON_NEW,0
2024,Aug,OH,PDL,PHYSICAL,NON_NEW,0
2024,Aug,OK,ILP,DIGITAL,NEW,275
2024,Aug,OK,ILP,DIGITAL,NON_NEW,1027
2024,Aug,OK,ILP,DIGITAL,,0
2024,Aug,OK,ILP,PHYSICAL,NEW,825
2024,Aug,OK,ILP,PHYSICAL,NON_NEW,2399
2024,Aug,OK,ILP,PHYSICAL,,0
2024,Aug,OK,ILP,UNKNOWN,NEW,-2
2024,Aug,OK,ILP,UNKNOWN,,0
2024,Aug,OK,PDL,PHYSICAL,NON_NEW,0
2024,Aug,RI,PDL,DIGITAL,NEW,43
2024,Aug,RI,PDL,DIGITAL,NON_NEW,875
2024,Aug,RI,PDL,DIGITAL,,0
2024,Aug,RI,PDL,PHYSICAL,NEW,189
2024,Aug,RI,PDL,PHYSICAL,NON_NEW,8265
2024,Aug,RI,PDL,PHYSICAL,,0
2024,Aug,RI,PDL,UNKNOWN,NEW,0
2024,Aug,RI,PDL,UNKNOWN,,0
2024,Aug,SC,PDL,DIGITAL,NEW,0
2024,Aug,SC,PDL,DIGITAL,NON_NEW,0
2024,Aug,SC,PDL,PHYSICAL,NEW,0
2024,Aug,SC,PDL,PHYSICAL,NON_NEW,0
2024,Aug,SC,PDL,PHYSICAL,,0
2024,Aug,SC,PDL,UNKNOWN,,0
2024,Aug,SC,PDL,,NON_NEW,0
2024,Aug,TN,ILP,DIGITAL,NON_NEW,0
2024,Aug,TN,ILP,PHYSICAL,NON_NEW,0
2024,Aug,TN,PDL,DIGITAL,NEW,47
2024,Aug,TN,PDL,DIGITAL,NON_NEW,234
2024,Aug,TN,PDL,DIGITAL,,0
2024,Aug,TN,PDL,PHYSICAL,NEW,87
2024,Aug,TN,PDL,PHYSICAL,NON_NEW,819
2024,Aug,TN,PDL,PHYSICAL,,0
2024,Aug,TN,PDL,UNKNOWN,NEW,0
2024,Aug,TN,PDL,UNKNOWN,,0
2024,Aug,TN,PDL,,NEW,0
2024,Aug,TN,PDL,,NON_NEW,0
2024,Aug,TN,PDL,,,0
2024,Aug,TX,ILP,DIGITAL,NEW,1333
2024,Aug,TX,ILP,DIGITAL,NON_NEW,3290
2024,Aug,TX,ILP,DIGITAL,,0
2024,Aug,TX,ILP,PHYSICAL,NEW,3773
2024,Aug,TX,ILP,PHYSICAL,NON_NEW,10306
2024,Aug,TX,ILP,PHYSICAL,,0
2024,Aug,TX,ILP,UNKNOWN,NEW,-5
2024,Aug,TX,ILP,UNKNOWN,,0
2024,Aug,TX,PDL,DIGITAL,NEW,290
2024,Aug,TX,PDL,DIGITAL,NON_NEW,1811
2024,Aug,TX,PDL,DIGITAL,,0
2024,Aug,TX,PDL,PHYSICAL,NEW,180
2024,Aug,TX,PDL,PHYSICAL,NON_NEW,1553
2024,Aug,TX,PDL,PHYSICAL,,0
2024,Aug,TX,PDL,UNKNOWN,NEW,-1
2024,Aug,TX,PDL,UNKNOWN,,0
2024,Aug,UT,ILP,DIGITAL,NEW,22
2024,Aug,UT,ILP,DIGITAL,NON_NEW,52
2024,Aug,UT,ILP,DIGITAL,,0
2024,Aug,UT,ILP,PHYSICAL,NEW,0
2024,Aug,UT,ILP,PHYSICAL,NON_NEW,32
2024,Aug,UT,ILP,PHYSICAL,,0
2024,Aug,UT,ILP,UNKNOWN,NEW,0
2024,Aug,UT,ILP,UNKNOWN,,0
2024,Aug,UT,PDL,DIGITAL,NON_NEW,0
2024,Aug,UT,PDL,PHYSICAL,NEW,0
2024,Aug,UT,PDL,PHYSICAL,NON_NEW,0
2024,Aug,WI,ILP,DIGITAL,NEW,344
2024,Aug,WI,ILP,DIGITAL,NON_NEW,366
2024,Aug,WI,ILP,DIGITAL,,0
2024,Aug,WI,ILP,PHYSICAL,NEW,382
2024,Aug,WI,ILP,PHYSICAL,NON_NEW,613
2024,Aug,WI,ILP,PHYSICAL,,0
2024,Aug,WI,ILP,UNKNOWN,NEW,1
2024,Aug,WI,ILP,UNKNOWN,,0
2024,Aug,WI,PDL,DIGITAL,NON_NEW,0
2024,Aug,WI,PDL,PHYSICAL,NEW,0
2024,Aug,WI,PDL,PHYSICAL,NON_NEW,0
2024,Aug,WY,ILP,PHYSICAL,NON_NEW,0
2024,Aug,WY,PDL,DIGITAL,NEW,18
2024,Aug,WY,PDL,DIGITAL,NON_NEW,649
2024,Aug,WY,PDL,DIGITAL,,0
2024,Aug,WY,PDL,PHYSICAL,NEW,132
2024,Aug,WY,PDL,PHYSICAL,NON_NEW,3210
2024,Aug,WY,PDL,PHYSICAL,,0
2024,Aug,WY,PDL,UNKNOWN,NEW,0
2024,Aug,WY,PDL,UNKNOWN,,0
2024,Dec,AL,ILP,DIGITAL,NEW,278
2024,Dec,AL,ILP,DIGITAL,NON_NEW,1144
2024,Dec,AL,ILP,DIGITAL,,0
2024,Dec,AL,ILP,PHYSICAL,NEW,1045
2024,Dec,AL,ILP,PHYSICAL,NON_NEW,5188
2024,Dec,AL,ILP,PHYSICAL,,-4
2024,Dec,AL,ILP,UNKNOWN,NEW,0
2024,Dec,AL,ILP,UNKNOWN,,0
2024,Dec,AL,PDL,DIGITAL,NEW,0
2024,Dec,AL,PDL,DIGITAL,NON_NEW,0
2024,Dec,AL,PDL,DIGITAL,,0
2024,Dec,AL,PDL,PHYSICAL,NEW,0
2024,Dec,AL,PDL,PHYSICAL,NON_NEW,0
2024,Dec,AL,PDL,PHYSICAL,,0
2024,Dec,AL,PDL,UNKNOWN,,0
2024,Dec,AL,PDL,,NEW,0
2024,Dec,AL,PDL,,NON_NEW,0
2024,Dec,CA,ILP,DIGITAL,NON_NEW,0
2024,Dec,CA,ILP,PHYSICAL,NON_NEW,0
2024,Dec,CA,PDL,DIGITAL,NEW,1272
2024,Dec,CA,PDL,DIGITAL,NON_NEW,18772
2024,Dec,CA,PDL,DIGITAL,,0
2024,Dec,CA,PDL,PHYSICAL,NEW,2829
2024,Dec,CA,PDL,PHYSICAL,NON_NEW,62064
2024,Dec,CA,PDL,PHYSICAL,,0
2024,Dec,CA,PDL,UNKNOWN,NEW,3
2024,Dec,CA,PDL,UNKNOWN,,0
2024,Dec,CA,PDL,,NEW,0
2024,Dec,CA,PDL,,NON_NEW,0
2024,Dec,CA,PDL,,,0
2024,Dec,CO,ILP,DIGITAL,NEW,0
2024,Dec,CO,ILP,DIGITAL,NON_NEW,0
2024,Dec,CO,ILP,DIGITAL,,0
2024,Dec,CO,ILP,PHYSICAL,NEW,0
2024,Dec,CO,ILP,PHYSICAL,NON_NEW,0
2024,Dec,CO,ILP,PHYSICAL,,0
2024,Dec,CO,ILP,UNKNOWN,,0
2024,Dec,CO,ILP,,NEW,0
2024,Dec,CO,PDL,DIGITAL,NON_NEW,0
2024,Dec,CO,PDL,PHYSICAL,NON_NEW,0
2024,Dec,DE,ILP,DIGITAL,NEW,54
2024,Dec,DE,ILP,DIGITAL,NON_NEW,100
2024,Dec,DE,ILP,DIGITAL,,0
2024,Dec,DE,ILP,PHYSICAL,NEW,127
2024,Dec,DE,ILP,PHYSICAL,NON_NEW,242
2024,Dec,DE,ILP,PHYSICAL,,-1
2024,Dec,DE,ILP,UNKNOWN,NEW,0
2024,Dec,DE,ILP,UNKNOWN,,0
2024,Dec,FL,ILP,DIGITAL,NEW,1147
2024,Dec,FL,ILP,DIGITAL,NON_NEW,6243
2024,Dec,FL,ILP,DIGITAL,,0
2024,Dec,FL,ILP,PHYSICAL,NEW,3220
2024,Dec,FL,ILP,PHYSICAL,NON_NEW,24879
2024,Dec,FL,ILP,PHYSICAL,,0
2024,Dec,FL,ILP,UNKNOWN,NEW,1
2024,Dec,FL,ILP,UNKNOWN,,0
2024,Dec,FL,ILP,,NEW,0
2024,Dec,FL,ILP,,NON_NEW,0
2024,Dec,FL,ILP,,,0
2024,Dec,FL,PDL,DIGITAL,NEW,181
2024,Dec,FL,PDL,DIGITAL,NON_NEW,2945
2024,Dec,FL,PDL,DIGITAL,,0
2024,Dec,FL,PDL,PHYSICAL,NEW,283
2024,Dec,FL,PDL,PHYSICAL,NON_NEW,17777
2024,Dec,FL,PDL,PHYSICAL,,0
2024,Dec,FL,PDL,UNKNOWN,NEW,0
2024,Dec,FL,PDL,UNKNOWN,,0
2024,Dec,FL,PDL,,NEW,0
2024,Dec,FL,PDL,,NON_NEW,0
2024,Dec,FL,PDL,,,0
2024,Dec,IA,ILP,PHYSICAL,NON_NEW,0
2024,Dec,IA,PDL,DIGITAL,NEW,89
2024,Dec,IA,PDL,DIGITAL,NON_NEW,1974
2024,Dec,IA,PDL,DIGITAL,,0
2024,Dec,IA,PDL,PHYSICAL,NEW,439
2024,Dec,IA,PDL,PHYSICAL,NON_NEW,9568
2024,Dec,IA,PDL,PHYSICAL,,0
2024,Dec,IA,PDL,UNKNOWN,NEW,0
2024,Dec,IA,PDL,UNKNOWN,,0
2024,Dec,ID,ILP,DIGITAL,NEW,34
2024,Dec,ID,ILP,DIGITAL,NON_NEW,61
2024,Dec,ID,ILP,DIGITAL,,0
2024,Dec,ID,ILP,PHYSICAL,NEW,49
2024,Dec,ID,ILP,PHYSICAL,NON_NEW,99
2024,Dec,ID,ILP,PHYSICAL,,-1
2024,Dec,ID,ILP,UNKNOWN,NEW,0
2024,Dec,ID,ILP,UNKNOWN,,0
2024,Dec,ID,PDL,PHYSICAL,NON_NEW,0
2024,Dec,IN,PDL,DIGITAL,NEW,215
2024,Dec,IN,PDL,DIGITAL,NON_NEW,2743
2024,Dec,IN,PDL,DIGITAL,,0
2024,Dec,IN,PDL,PHYSICAL,NEW,746
2024,Dec,IN,PDL,PHYSICAL,NON_NEW,15013
2024,Dec,IN,PDL,PHYSICAL,,0
2024,Dec,IN,PDL,UNKNOWN,NEW,1
2024,Dec,IN,PDL,UNKNOWN,,0
2024,Dec,KS,ILP,DIGITAL,NON_NEW,0
2024,Dec,KS,ILP,PHYSICAL,NON_NEW,0
2024,Dec,KS,PDL,DIGITAL,NEW,2
2024,Dec,KS,PDL,DIGITAL,NON_NEW,47
2024,Dec,KS,PDL,DIGITAL,,0
2024,Dec,KS,PDL,PHYSICAL,NEW,0
2024,Dec,KS,PDL,PHYSICAL,NON_NEW,336
2024,Dec,KS,PDL,PHYSICAL,,0
2024,Dec,KS,PDL,UNKNOWN,NEW,0
2024,Dec,KS,PDL,UNKNOWN,,0
2024,Dec,KY,ILP,PHYSICAL,NON_NEW,0
2024,Dec,KY,PDL,DIGITAL,NEW,74
2024,Dec,KY,PDL,DIGITAL,NON_NEW,665
2024,Dec,KY,PDL,DIGITAL,,0
2024,Dec,KY,PDL,PHYSICAL,NEW,464
2024,Dec,KY,PDL,PHYSICAL,NON_NEW,8640
2024,Dec,KY,PDL,PHYSICAL,,0
2024,Dec,KY,PDL,UNKNOWN,NEW,0
2024,Dec,KY,PDL,UNKNOWN,NON_NEW,0
2024,Dec,KY,PDL,UNKNOWN,,0
2024,Dec,LA,ILP,PHYSICAL,NON_NEW,0
2024,Dec,LA,PDL,DIGITAL,NEW,140
2024,Dec,LA,PDL,DIGITAL,NON_NEW,2496
2024,Dec,LA,PDL,DIGITAL,,0
2024,Dec,LA,PDL,PHYSICAL,NEW,1025
2024,Dec,LA,PDL,PHYSICAL,NON_NEW,13040
2024,Dec,LA,PDL,PHYSICAL,,0
2024,Dec,LA,PDL,UNKNOWN,NEW,0
2024,Dec,LA,PDL,UNKNOWN,,0
2024,Dec,MI,ILP,DIGITAL,NON_NEW,0
2024,Dec,MI,ILP,PHYSICAL,NON_NEW,0
2024,Dec,MI,PDL,DIGITAL,NEW,484
2024,Dec,MI,PDL,DIGITAL,NON_NEW,12773
2024,Dec,MI,PDL,DIGITAL,,0
2024,Dec,MI,PDL,PHYSICAL,NEW,1825
2024,Dec,MI,PDL,PHYSICAL,NON_NEW,47297
2024,Dec,MI,PDL,PHYSICAL,,0
2024,Dec,MI,PDL,UNKNOWN,NEW,1
2024,Dec,MI,PDL,UNKNOWN,NON_NEW,0
2024,Dec,MI,PDL,UNKNOWN,,0
2024,Dec,MO,ILP,DIGITAL,NEW,543
2024,Dec,MO,ILP,DIGITAL,NON_NEW,520
2024,Dec,MO,ILP,DIGITAL,,-1
2024,Dec,MO,ILP,PHYSICAL,NEW,620
2024,Dec,MO,ILP,PHYSICAL,NON_NEW,1549
2024,Dec,MO,ILP,PHYSICAL,,-2
2024,Dec,MO,ILP,UNKNOWN,NEW,1
2024,Dec,MO,ILP,UNKNOWN,,0
2024,Dec,MO,PDL,DIGITAL,NEW,0
2024,Dec,MO,PDL,DIGITAL,NON_NEW,0
2024,Dec,MO,PDL,DIGITAL,,0
2024,Dec,MO,PDL,PHYSICAL,NEW,0
2024,Dec,MO,PDL,PHYSICAL,NON_NEW,0
2024,Dec,MO,PDL,PHYSICAL,,0
2024,Dec,MO,PDL,UNKNOWN,,0
2024,Dec,MS,ILP,DIGITAL,NEW,432
2024,Dec,MS,ILP,DIGITAL,NON_NEW,741
2024,Dec,MS,ILP,DIGITAL,,0
2024,Dec,MS,ILP,PHYSICAL,NEW,1209
2024,Dec,MS,ILP,PHYSICAL,NON_NEW,3425
2024,Dec,MS,ILP,PHYSICAL,,-3
2024,Dec,MS,ILP,UNKNOWN,NEW,-2
2024,Dec,MS,ILP,UNKNOWN,,0
2024,Dec,MS,PDL,DIGITAL,NEW,35
2024,Dec,MS,PDL,DIGITAL,NON_NEW,142
2024,Dec,MS,PDL,DIGITAL,,0
2024,Dec,MS,PDL,PHYSICAL,NEW,205
2024,Dec,MS,PDL,PHYSICAL,NON_NEW,760
2024,Dec,MS,PDL,PHYSICAL,,0
2024,Dec,MS,PDL,UNKNOWN,NEW,0
2024,Dec,MS,PDL,UNKNOWN,NON_NEW,0
2024,Dec,MS,PDL,UNKNOWN,,0
2024,Dec,NC,PDL,PHYSICAL,,0
2024,Dec,NV,ILP,DIGITAL,NEW,113
2024,Dec,NV,ILP,DIGITAL,NON_NEW,219
2024,Dec,NV,ILP,DIGITAL,,0
2024,Dec,NV,ILP,PHYSICAL,NEW,299
2024,Dec,NV,ILP,PHYSICAL,NON_NEW,600
2024,Dec,NV,ILP,PHYSICAL,,0
2024,Dec,NV,ILP,UNKNOWN,NEW,0
2024,Dec,NV,ILP,UNKNOWN,,0
2024,Dec,NV,PDL,DIGITAL,NEW,0
2024,Dec,NV,PDL,DIGITAL,NON_NEW,0
2024,Dec,NV,PDL,PHYSICAL,NEW,0
2024,Dec,NV,PDL,PHYSICAL,NON_NEW,0
2024,Dec,NV,PDL,PHYSICAL,,0
2024,Dec,NV,PDL,UNKNOWN,,0
2024,Dec,OH,ILP,DIGITAL,NEW,360
2024,Dec,OH,ILP,DIGITAL,NON_NEW,2043
2024,Dec,OH,ILP,DIGITAL,,0
2024,Dec,OH,ILP,PHYSICAL,NEW,758
2024,Dec,OH,ILP,PHYSICAL,NON_NEW,6690
2024,Dec,OH,ILP,PHYSICAL,,0
2024,Dec,OH,ILP,UNKNOWN,NEW,1
2024,Dec,OH,ILP,UNKNOWN,,0
2024,Dec,OH,ILP,,NEW,0
2024,Dec,OH,ILP,,,0
2024,Dec,OH,PDL,DIGITAL,NON_NEW,0
2024,Dec,OH,PDL,PHYSICAL,NON_NEW,0
2024,Dec,OK,ILP,DIGITAL,NEW,226
2024,Dec,OK,ILP,DIGITAL,NON_NEW,1085
2024,Dec,OK,ILP,DIGITAL,,0
2024,Dec,OK,ILP,PHYSICAL,NEW,633
2024,Dec,OK,ILP,PHYSICAL,NON_NEW,2517
2024,Dec,OK,ILP,PHYSICAL,,0
2024,Dec,OK,ILP,UNKNOWN,NEW,1
2024,Dec,OK,ILP,UNKNOWN,,0
2024,Dec,OK,PDL,PHYSICAL,NON_NEW,0
2024,Dec,RI,PDL,DIGITAL,NEW,39
2024,Dec,RI,PDL,DIGITAL,NON_NEW,862
2024,Dec,RI,PDL,DIGITAL,,0
2024,Dec,RI,PDL,PHYSICAL,NEW,144
2024,Dec,RI,PDL,PHYSICAL,NON_NEW,7110
2024,Dec,RI,PDL,PHYSICAL,,0
2024,Dec,RI,PDL,UNKNOWN,NEW,0
2024,Dec,RI,PDL,UNKNOWN,,0
2024,Dec,SC,PDL,DIGITAL,NEW,0
2024,Dec,SC,PDL,DIGITAL,NON_NEW,0
2024,Dec,SC,PDL,PHYSICAL,NEW,0
2024,Dec,SC,PDL,PHYSICAL,NON_NEW,0
2024,Dec,SC,PDL,PHYSICAL,,0
2024,Dec,SC,PDL,UNKNOWN,,0
2024,Dec,SC,PDL,,NON_NEW,0
2024,Dec,TN,ILP,DIGITAL,NON_NEW,0
2024,Dec,TN,ILP,PHYSICAL,NON_NEW,0
2024,Dec,TN,PDL,DIGITAL,NEW,49
2024,Dec,TN,PDL,DIGITAL,NON_NEW,173
2024,Dec,TN,PDL,DIGITAL,,0
2024,Dec,TN,PDL,PHYSICAL,NEW,156
2024,Dec,TN,PDL,PHYSICAL,NON_NEW,600
2024,Dec,TN,PDL,PHYSICAL,,0
2024,Dec,TN,PDL,UNKNOWN,NEW,-1
2024,Dec,TN,PDL,UNKNOWN,,0
2024,Dec,TN,PDL,,NEW,0
2024,Dec,TN,PDL,,NON_NEW,0
2024,Dec,TN,PDL,,,0
2024,Dec,TX,ILP,DIGITAL,NEW,3429
2024,Dec,TX,ILP,DIGITAL,NON_NEW,3744
2024,Dec,TX,ILP,DIGITAL,,0
2024,Dec,TX,ILP,PHYSICAL,NEW,3861
2024,Dec,TX,ILP,PHYSICAL,NON_NEW,10681
2024,Dec,TX,ILP,PHYSICAL,,-2
2024,Dec,TX,ILP,UNKNOWN,NEW,18
2024,Dec,TX,ILP,UNKNOWN,,-1
2024,Dec,TX,PDL,DIGITAL,NEW,340
2024,Dec,TX,PDL,DIGITAL,NON_NEW,1558
2024,Dec,TX,PDL,DIGITAL,,0
2024,Dec,TX,PDL,PHYSICAL,NEW,279
2024,Dec,TX,PDL,PHYSICAL,NON_NEW,1044
2024,Dec,TX,PDL,PHYSICAL,,-2
2024,Dec,TX,PDL,UNKNOWN,NEW,1
2024,Dec,TX,PDL,UNKNOWN,,0
2024,Dec,UT,ILP,DIGITAL,NEW,14
2024,Dec,UT,ILP,DIGITAL,NON_NEW,44
2024,Dec,UT,ILP,DIGITAL,,0
2024,Dec,UT,ILP,PHYSICAL,NEW,0
2024,Dec,UT,ILP,PHYSICAL,NON_NEW,26
2024,Dec,UT,ILP,PHYSICAL,,0
2024,Dec,UT,ILP,UNKNOWN,NEW,0
2024,Dec,UT,ILP,UNKNOWN,,0
2024,Dec,UT,PDL,DIGITAL,NON_NEW,0
2024,Dec,UT,PDL,PHYSICAL,NEW,0
2024,Dec,UT,PDL,PHYSICAL,NON_NEW,0
2024,Dec,WI,ILP,DIGITAL,NEW,347
2024,Dec,WI,ILP,DIGITAL,NON_NEW,340
2024,Dec,WI,ILP,DIGITAL,,0
2024,Dec,WI,ILP,PHYSICAL,NEW,279
2024,Dec,WI,ILP,PHYSICAL,NON_NEW,674
2024,Dec,WI,ILP,PHYSICAL,,-1
2024,Dec,WI,ILP,UNKNOWN,NEW,-2
2024,Dec,WI,ILP,UNKNOWN,,0
2024,Dec,WI,PDL,DIGITAL,NON_NEW,0
2024,Dec,WI,PDL,PHYSICAL,NEW,0
2024,Dec,WI,PDL,PHYSICAL,NON_NEW,0
2024,Dec,WY,ILP,PHYSICAL,NON_NEW,0
2024,Dec,WY,PDL,DIGITAL,NEW,27
2024,Dec,WY,PDL,DIGITAL,NON_NEW,660
2024,Dec,WY,PDL,DIGITAL,,0
2024,Dec,WY,PDL,PHYSICAL,NEW,127
2024,Dec,WY,PDL,PHYSICAL,NON_NEW,2958
2024,Dec,WY,PDL,PHYSICAL,,0
2024,Dec,WY,PDL,UNKNOWN,NEW,0
2024,Dec,WY,PDL,UNKNOWN,,0
2024,Feb,AL,ILP,DIGITAL,NEW,219
2024,Feb,AL,ILP,DIGITAL,NON_NEW,732
2024,Feb,AL,ILP,DIGITAL,,0
2024,Feb,AL,ILP,PHYSICAL,NEW,735
2024,Feb,AL,ILP,PHYSICAL,NON_NEW,3508
2024,Feb,AL,ILP,PHYSICAL,,-1
2024,Feb,AL,ILP,UNKNOWN,NEW,-1
2024,Feb,AL,ILP,UNKNOWN,,0
2024,Feb,AL,PDL,DIGITAL,NEW,0
2024,Feb,AL,PDL,DIGITAL,NON_NEW,0
2024,Feb,AL,PDL,DIGITAL,,0
2024,Feb,AL,PDL,PHYSICAL,NEW,0
2024,Feb,AL,PDL,PHYSICAL,NON_NEW,0
2024,Feb,AL,PDL,PHYSICAL,,0
2024,Feb,AL,PDL,UNKNOWN,,0
2024,Feb,AL,PDL,,NEW,0
2024,Feb,AL,PDL,,NON_NEW,0
2024,Feb,CA,ILP,DIGITAL,NON_NEW,0
2024,Feb,CA,ILP,PHYSICAL,NON_NEW,0
2024,Feb,CA,PDL,DIGITAL,NEW,725
2024,Feb,CA,PDL,DIGITAL,NON_NEW,16775
2024,Feb,CA,PDL,DIGITAL,,-1
2024,Feb,CA,PDL,PHYSICAL,NEW,1889
2024,Feb,CA,PDL,PHYSICAL,NON_NEW,59290
2024,Feb,CA,PDL,PHYSICAL,,-2
2024,Feb,CA,PDL,UNKNOWN,NEW,1
2024,Feb,CA,PDL,UNKNOWN,,0
2024,Feb,CA,PDL,,NEW,0
2024,Feb,CA,PDL,,NON_NEW,0
2024,Feb,CA,PDL,,,0
2024,Feb,CO,ILP,DIGITAL,NEW,0
2024,Feb,CO,ILP,DIGITAL,NON_NEW,0
2024,Feb,CO,ILP,DIGITAL,,0
2024,Feb,CO,ILP,PHYSICAL,NEW,0
2024,Feb,CO,ILP,PHYSICAL,NON_NEW,0
2024,Feb,CO,ILP,PHYSICAL,,0
2024,Feb,CO,ILP,UNKNOWN,,0
2024,Feb,CO,ILP,,NEW,0
2024,Feb,CO,PDL,DIGITAL,NON_NEW,0
2024,Feb,CO,PDL,PHYSICAL,NON_NEW,0
2024,Feb,DE,ILP,DIGITAL,NEW,43
2024,Feb,DE,ILP,DIGITAL,NON_NEW,59
2024,Feb,DE,ILP,DIGITAL,,0
2024,Feb,DE,ILP,PHYSICAL,NEW,90
2024,Feb,DE,ILP,PHYSICAL,NON_NEW,205
2024,Feb,DE,ILP,PHYSICAL,,0
2024,Feb,DE,ILP,UNKNOWN,NEW,0
2024,Feb,DE,ILP,UNKNOWN,,0
2024,Feb,FL,ILP,DIGITAL,NEW,508
2024,Feb,FL,ILP,DIGITAL,NON_NEW,3951
2024,Feb,FL,ILP,DIGITAL,,0
2024,Feb,FL,ILP,PHYSICAL,NEW,2025
2024,Feb,FL,ILP,PHYSICAL,NON_NEW,18447
2024,Feb,FL,ILP,PHYSICAL,,0
2024,Feb,FL,ILP,UNKNOWN,NEW,-1
2024,Feb,FL,ILP,UNKNOWN,,0
2024,Feb,FL,ILP,,NEW,0
2024,Feb,FL,ILP,,NON_NEW,0
2024,Feb,FL,ILP,,,0
2024,Feb,FL,PDL,DIGITAL,NEW,295
2024,Feb,FL,PDL,DIGITAL,NON_NEW,4388
2024,Feb,FL,PDL,DIGITAL,,0
2024,Feb,FL,PDL,PHYSICAL,NEW,279
2024,Feb,FL,PDL,PHYSICAL,NON_NEW,22799
2024,Feb,FL,PDL,PHYSICAL,,-3
2024,Feb,FL,PDL,UNKNOWN,NEW,-1
2024,Feb,FL,PDL,UNKNOWN,,0
2024,Feb,FL,PDL,,NEW,0
2024,Feb,FL,PDL,,NON_NEW,0
2024,Feb,FL,PDL,,,0
2024,Feb,IA,ILP,PHYSICAL,NON_NEW,0
2024,Feb,IA,PDL,DIGITAL,NEW,72
2024,Feb,IA,PDL,DIGITAL,NON_NEW,1709
2024,Feb,IA,PDL,DIGITAL,,0
2024,Feb,IA,PDL,PHYSICAL,NEW,373
2024,Feb,IA,PDL,PHYSICAL,NON_NEW,9490
2024,Feb,IA,PDL,PHYSICAL,,0
2024,Feb,IA,PDL,UNKNOWN,NEW,0
2024,Feb,IA,PDL,UNKNOWN,,0
2024,Feb,ID,ILP,DIGITAL,NEW,25
2024,Feb,ID,ILP,DIGITAL,NON_NEW,58
2024,Feb,ID,ILP,DIGITAL,,0
2024,Feb,ID,ILP,PHYSICAL,NEW,32
2024,Feb,ID,ILP,PHYSICAL,NON_NEW,84
2024,Feb,ID,ILP,PHYSICAL,,0
2024,Feb,ID,ILP,UNKNOWN,NEW,0
2024,Feb,ID,ILP,UNKNOWN,,0
2024,Feb,ID,PDL,PHYSICAL,NON_NEW,0
2024,Feb,IN,PDL,DIGITAL,NEW,132
2024,Feb,IN,PDL,DIGITAL,NON_NEW,2363
2024,Feb,IN,PDL,DIGITAL,,0
2024,Feb,IN,PDL,PHYSICAL,NEW,437
2024,Feb,IN,PDL,PHYSICAL,NON_NEW,14163
2024,Feb,IN,PDL,PHYSICAL,,-6
2024,Feb,IN,PDL,UNKNOWN,NEW,0
2024,Feb,IN,PDL,UNKNOWN,,0
2024,Feb,KS,ILP,DIGITAL,NON_NEW,0
2024,Feb,KS,ILP,PHYSICAL,NON_NEW,0
2024,Feb,KS,PDL,DIGITAL,NEW,21
2024,Feb,KS,PDL,DIGITAL,NON_NEW,376
2024,Feb,KS,PDL,DIGITAL,,0
2024,Feb,KS,PDL,PHYSICAL,NEW,118
2024,Feb,KS,PDL,PHYSICAL,NON_NEW,1082
2024,Feb,KS,PDL,PHYSICAL,,0
2024,Feb,KS,PDL,UNKNOWN,NEW,0
2024,Feb,KS,PDL,UNKNOWN,,0
2024,Feb,KY,ILP,PHYSICAL,NON_NEW,0
2024,Feb,KY,PDL,DIGITAL,NEW,50
2024,Feb,KY,PDL,DIGITAL,NON_NEW,395
2024,Feb,KY,PDL,DIGITAL,,0
2024,Feb,KY,PDL,PHYSICAL,NEW,333
2024,Feb,KY,PDL,PHYSICAL,NON_NEW,8131
2024,Feb,KY,PDL,PHYSICAL,,-1
2024,Feb,KY,PDL,UNKNOWN,NEW,1
2024,Feb,KY,PDL,UNKNOWN,,0
2024,Feb,LA,ILP,PHYSICAL,NON_NEW,0
2024,Feb,LA,PDL,DIGITAL,NEW,85
2024,Feb,LA,PDL,DIGITAL,NON_NEW,2491
2024,Feb,LA,PDL,DIGITAL,,0
2024,Feb,LA,PDL,PHYSICAL,NEW,443
2024,Feb,LA,PDL,PHYSICAL,NON_NEW,12629
2024,Feb,LA,PDL,PHYSICAL,,0
2024,Feb,LA,PDL,UNKNOWN,NEW,-1
2024,Feb,LA,PDL,UNKNOWN,,0
2024,Feb,MI,ILP,DIGITAL,NON_NEW,1
2024,Feb,MI,ILP,PHYSICAL,NON_NEW,0
2024,Feb,MI,PDL,DIGITAL,NEW,355
2024,Feb,MI,PDL,DIGITAL,NON_NEW,11602
2024,Feb,MI,PDL,DIGITAL,,0
2024,Feb,MI,PDL,PHYSICAL,NEW,1415
2024,Feb,MI,PDL,PHYSICAL,NON_NEW,43064
2024,Feb,MI,PDL,PHYSICAL,,-1
2024,Feb,MI,PDL,UNKNOWN,NEW,-1
2024,Feb,MI,PDL,UNKNOWN,NON_NEW,0
2024,Feb,MI,PDL,UNKNOWN,,0
2024,Feb,MO,ILP,DIGITAL,NEW,258
2024,Feb,MO,ILP,DIGITAL,NON_NEW,341
2024,Feb,MO,ILP,DIGITAL,,0
2024,Feb,MO,ILP,PHYSICAL,NEW,457
2024,Feb,MO,ILP,PHYSICAL,NON_NEW,1277
2024,Feb,MO,ILP,PHYSICAL,,-1
2024,Feb,MO,ILP,UNKNOWN,NEW,1
2024,Feb,MO,ILP,UNKNOWN,,0
2024,Feb,MO,PDL,DIGITAL,NEW,0
2024,Feb,MO,PDL,DIGITAL,NON_NEW,1
2024,Feb,MO,PDL,DIGITAL,,0
2024,Feb,MO,PDL,PHYSICAL,NEW,0
2024,Feb,MO,PDL,PHYSICAL,NON_NEW,0
2024,Feb,MO,PDL,PHYSICAL,,0
2024,Feb,MO,PDL,UNKNOWN,,0
2024,Feb,MS,ILP,DIGITAL,NEW,157
2024,Feb,MS,ILP,DIGITAL,NON_NEW,332
2024,Feb,MS,ILP,DIGITAL,,0
2024,Feb,MS,ILP,PHYSICAL,NEW,642
2024,Feb,MS,ILP,PHYSICAL,NON_NEW,2534
2024,Feb,MS,ILP,PHYSICAL,,0
2024,Feb,MS,ILP,UNKNOWN,NEW,-1
2024,Feb,MS,ILP,UNKNOWN,,0
2024,Feb,MS,PDL,DIGITAL,NEW,33
2024,Feb,MS,PDL,DIGITAL,NON_NEW,471
2024,Feb,MS,PDL,DIGITAL,,0
2024,Feb,MS,PDL,PHYSICAL,NEW,261
2024,Feb,MS,PDL,PHYSICAL,NON_NEW,2041
2024,Feb,MS,PDL,PHYSICAL,,-1
2024,Feb,MS,PDL,UNKNOWN,NEW,0
2024,Feb,MS,PDL,UNKNOWN,NON_NEW,0
2024,Feb,MS,PDL,UNKNOWN,,0
2024,Feb,NC,PDL,PHYSICAL,,0
2024,Feb,NV,ILP,DIGITAL,NEW,109
2024,Feb,NV,ILP,DIGITAL,NON_NEW,133
2024,Feb,NV,ILP,DIGITAL,,0
2024,Feb,NV,ILP,PHYSICAL,NEW,148
2024,Feb,NV,ILP,PHYSICAL,NON_NEW,352
2024,Feb,NV,ILP,PHYSICAL,,0
2024,Feb,NV,ILP,UNKNOWN,NEW,0
2024,Feb,NV,ILP,UNKNOWN,,0
2024,Feb,NV,PDL,DIGITAL,NEW,0
2024,Feb,NV,PDL,DIGITAL,NON_NEW,0
2024,Feb,NV,PDL,PHYSICAL,NEW,0
2024,Feb,NV,PDL,PHYSICAL,NON_NEW,0
2024,Feb,NV,PDL,PHYSICAL,,0
2024,Feb,NV,PDL,UNKNOWN,,0
2024,Feb,OH,ILP,DIGITAL,NEW,199
2024,Feb,OH,ILP,DIGITAL,NON_NEW,1272
2024,Feb,OH,ILP,DIGITAL,,0
2024,Feb,OH,ILP,PHYSICAL,NEW,505
2024,Feb,OH,ILP,PHYSICAL,NON_NEW,4394
2024,Feb,OH,ILP,PHYSICAL,,-1
2024,Feb,OH,ILP,UNKNOWN,NEW,-5
2024,Feb,OH,ILP,UNKNOWN,,0
2024,Feb,OH,ILP,,NEW,0
2024,Feb,OH,ILP,,,0
2024,Feb,OH,PDL,DIGITAL,NON_NEW,0
2024,Feb,OH,PDL,PHYSICAL,NON_NEW,0
2024,Feb,OK,ILP,DIGITAL,NEW,279
2024,Feb,OK,ILP,DIGITAL,NON_NEW,725
2024,Feb,OK,ILP,DIGITAL,,0
2024,Feb,OK,ILP,PHYSICAL,NEW,482
2024,Feb,OK,ILP,PHYSICAL,NON_NEW,1884
2024,Feb,OK,ILP,PHYSICAL,,0
2024,Feb,OK,ILP,UNKNOWN,NEW,-1
2024,Feb,OK,ILP,UNKNOWN,,0
2024,Feb,OK,PDL,PHYSICAL,NON_NEW,0
2024,Feb,RI,PDL,DIGITAL,NEW,33
2024,Feb,RI,PDL,DIGITAL,NON_NEW,718
2024,Feb,RI,PDL,DIGITAL,,0
2024,Feb,RI,PDL,PHYSICAL,NEW,147
2024,Feb,RI,PDL,PHYSICAL,NON_NEW,7322
2024,Feb,RI,PDL,PHYSICAL,,0
2024,Feb,RI,PDL,UNKNOWN,NEW,1
2024,Feb,RI,PDL,UNKNOWN,,0
2024,Feb,SC,PDL,DIGITAL,NEW,0
2024,Feb,SC,PDL,DIGITAL,NON_NEW,0
2024,Feb,SC,PDL,PHYSICAL,NEW,0
2024,Feb,SC,PDL,PHYSICAL,NON_NEW,0
2024,Feb,SC,PDL,PHYSICAL,,0
2024,Feb,SC,PDL,UNKNOWN,,0
2024,Feb,SC,PDL,,NON_NEW,0
2024,Feb,TN,ILP,DIGITAL,NON_NEW,0
2024,Feb,TN,ILP,PHYSICAL,NON_NEW,0
2024,Feb,TN,PDL,DIGITAL,NEW,44
2024,Feb,TN,PDL,DIGITAL,NON_NEW,629
2024,Feb,TN,PDL,DIGITAL,,0
2024,Feb,TN,PDL,PHYSICAL,NEW,90
2024,Feb,TN,PDL,PHYSICAL,NON_NEW,1198
2024,Feb,TN,PDL,PHYSICAL,,0
2024,Feb,TN,PDL,UNKNOWN,NEW,0
2024,Feb,TN,PDL,UNKNOWN,,0
2024,Feb,TN,PDL,,NEW,0
2024,Feb,TN,PDL,,NON_NEW,0
2024,Feb,TN,PDL,,,0
2024,Feb,TX,ILP,DIGITAL,NEW,704
2024,Feb,TX,ILP,DIGITAL,NON_NEW,2687
2024,Feb,TX,ILP,DIGITAL,,0
2024,Feb,TX,ILP,PHYSICAL,NEW,1864
2024,Feb,TX,ILP,PHYSICAL,NON_NEW,7987
2024,Feb,TX,ILP,PHYSICAL,,-2
2024,Feb,TX,ILP,UNKNOWN,NEW,-2
2024,Feb,TX,ILP,UNKNOWN,,-1
2024,Feb,TX,PDL,DIGITAL,NEW,329
2024,Feb,TX,PDL,DIGITAL,NON_NEW,1590
2024,Feb,TX,PDL,DIGITAL,,0
2024,Feb,TX,PDL,PHYSICAL,NEW,187
2024,Feb,TX,PDL,PHYSICAL,NON_NEW,1784
2024,Feb,TX,PDL,PHYSICAL,,0
2024,Feb,TX,PDL,UNKNOWN,NEW,0
2024,Feb,TX,PDL,UNKNOWN,,0
2024,Feb,UT,ILP,DIGITAL,NEW,28
2024,Feb,UT,ILP,DIGITAL,NON_NEW,45
2024,Feb,UT,ILP,DIGITAL,,0
2024,Feb,UT,ILP,PHYSICAL,NEW,26
2024,Feb,UT,ILP,PHYSICAL,NON_NEW,55
2024,Feb,UT,ILP,PHYSICAL,,0
2024,Feb,UT,ILP,UNKNOWN,NEW,0
2024,Feb,UT,ILP,UNKNOWN,,0
2024,Feb,UT,PDL,DIGITAL,NON_NEW,0
2024,Feb,UT,PDL,PHYSICAL,NEW,0
2024,Feb,UT,PDL,PHYSICAL,NON_NEW,0
2024,Feb,WI,ILP,DIGITAL,NEW,191
2024,Feb,WI,ILP,DIGITAL,NON_NEW,217
2024,Feb,WI,ILP,DIGITAL,,0
2024,Feb,WI,ILP,PHYSICAL,NEW,189
2024,Feb,WI,ILP,PHYSICAL,NON_NEW,501
2024,Feb,WI,ILP,PHYSICAL,,0
2024,Feb,WI,ILP,UNKNOWN,NEW,0
2024,Feb,WI,ILP,UNKNOWN,,0
2024,Feb,WI,PDL,DIGITAL,NON_NEW,0
2024,Feb,WI,PDL,PHYSICAL,NEW,0
2024,Feb,WI,PDL,PHYSICAL,NON_NEW,0
2024,Feb,WY,ILP,PHYSICAL,NON_NEW,0
2024,Feb,WY,PDL,DIGITAL,NEW,20
2024,Feb,WY,PDL,DIGITAL,NON_NEW,533
2024,Feb,WY,PDL,DIGITAL,,0
2024,Feb,WY,PDL,PHYSICAL,NEW,73
2024,Feb,WY,PDL,PHYSICAL,NON_NEW,2660
2024,Feb,WY,PDL,PHYSICAL,,0
2024,Feb,WY,PDL,UNKNOWN,NEW,0
2024,Feb,WY,PDL,UNKNOWN,,0
2024,Jan,AL,ILP,DIGITAL,NEW,291
2024,Jan,AL,ILP,DIGITAL,NON_NEW,728
2024,Jan,AL,ILP,DIGITAL,,0
2024,Jan,AL,ILP,PHYSICAL,NEW,915
2024,Jan,AL,ILP,PHYSICAL,NON_NEW,3585
2024,Jan,AL,ILP,PHYSICAL,,0
2024,Jan,AL,ILP,UNKNOWN,NEW,0
2024,Jan,AL,ILP,UNKNOWN,,0
2024,Jan,AL,PDL,DIGITAL,NEW,0
2024,Jan,AL,PDL,DIGITAL,NON_NEW,0
2024,Jan,AL,PDL,DIGITAL,,0
2024,Jan,AL,PDL,PHYSICAL,NEW,0
2024,Jan,AL,PDL,PHYSICAL,NON_NEW,0
2024,Jan,AL,PDL,PHYSICAL,,0
2024,Jan,AL,PDL,UNKNOWN,,0
2024,Jan,AL,PDL,,NEW,0
2024,Jan,AL,PDL,,NON_NEW,0
2024,Jan,CA,ILP,DIGITAL,NON_NEW,0
2024,Jan,CA,ILP,PHYSICAL,NON_NEW,0
2024,Jan,CA,PDL,DIGITAL,NEW,736
2024,Jan,CA,PDL,DIGITAL,NON_NEW,18334
2024,Jan,CA,PDL,DIGITAL,,0
2024,Jan,CA,PDL,PHYSICAL,NEW,2382
2024,Jan,CA,PDL,PHYSICAL,NON_NEW,60891
2024,Jan,CA,PDL,PHYSICAL,,0
2024,Jan,CA,PDL,UNKNOWN,NEW,-4
2024,Jan,CA,PDL,UNKNOWN,,0
2024,Jan,CA,PDL,,NEW,0
2024,Jan,CA,PDL,,NON_NEW,0
2024,Jan,CA,PDL,,,0
2024,Jan,CO,ILP,DIGITAL,NEW,0
2024,Jan,CO,ILP,DIGITAL,NON_NEW,0
2024,Jan,CO,ILP,DIGITAL,,0
2024,Jan,CO,ILP,PHYSICAL,NEW,0
2024,Jan,CO,ILP,PHYSICAL,NON_NEW,0
2024,Jan,CO,ILP,PHYSICAL,,0
2024,Jan,CO,ILP,UNKNOWN,,0
2024,Jan,CO,ILP,,NEW,0
2024,Jan,CO,PDL,DIGITAL,NON_NEW,0
2024,Jan,CO,PDL,PHYSICAL,NON_NEW,0
2024,Jan,DE,ILP,DIGITAL,NEW,60
2024,Jan,DE,ILP,DIGITAL,NON_NEW,63
2024,Jan,DE,ILP,DIGITAL,,0
2024,Jan,DE,ILP,PHYSICAL,NEW,90
2024,Jan,DE,ILP,PHYSICAL,NON_NEW,217
2024,Jan,DE,ILP,PHYSICAL,,0
2024,Jan,DE,ILP,UNKNOWN,NEW,0
2024,Jan,DE,ILP,UNKNOWN,,0
2024,Jan,FL,ILP,DIGITAL,NEW,677
2024,Jan,FL,ILP,DIGITAL,NON_NEW,4162
2024,Jan,FL,ILP,DIGITAL,,0
2024,Jan,FL,ILP,PHYSICAL,NEW,2372
2024,Jan,FL,ILP,PHYSICAL,NON_NEW,18743
2024,Jan,FL,ILP,PHYSICAL,,-2
2024,Jan,FL,ILP,UNKNOWN,NEW,1
2024,Jan,FL,ILP,UNKNOWN,,0
2024,Jan,FL,ILP,,NEW,0
2024,Jan,FL,ILP,,NON_NEW,0
2024,Jan,FL,ILP,,,0
2024,Jan,FL,PDL,DIGITAL,NEW,355
2024,Jan,FL,PDL,DIGITAL,NON_NEW,4618
2024,Jan,FL,PDL,DIGITAL,,0
2024,Jan,FL,PDL,PHYSICAL,NEW,308
2024,Jan,FL,PDL,PHYSICAL,NON_NEW,22515
2024,Jan,FL,PDL,PHYSICAL,,0
2024,Jan,FL,PDL,UNKNOWN,NEW,-1
2024,Jan,FL,PDL,UNKNOWN,,0
2024,Jan,FL,PDL,,NEW,0
2024,Jan,FL,PDL,,NON_NEW,0
2024,Jan,FL,PDL,,,0
2024,Jan,IA,ILP,PHYSICAL,NON_NEW,0
2024,Jan,IA,PDL,DIGITAL,NEW,84
2024,Jan,IA,PDL,DIGITAL,NON_NEW,1773
2024,Jan,IA,PDL,DIGITAL,,0
2024,Jan,IA,PDL,PHYSICAL,NEW,351
2024,Jan,IA,PDL,PHYSICAL,NON_NEW,9590
2024,Jan,IA,PDL,PHYSICAL,,-1
2024,Jan,IA,PDL,UNKNOWN,NEW,0
2024,Jan,IA,PDL,UNKNOWN,,0
2024,Jan,ID,ILP,DIGITAL,NEW,45
2024,Jan,ID,ILP,DIGITAL,NON_NEW,61
2024,Jan,ID,ILP,DIGITAL,,0
2024,Jan,ID,ILP,PHYSICAL,NEW,42
2024,Jan,ID,ILP,PHYSICAL,NON_NEW,58
2024,Jan,ID,ILP,PHYSICAL,,0
2024,Jan,ID,ILP,UNKNOWN,NEW,0
2024,Jan,ID,ILP,UNKNOWN,,0
2024,Jan,ID,PDL,PHYSICAL,NON_NEW,0
2024,Jan,IN,PDL,DIGITAL,NEW,154
2024,Jan,IN,PDL,DIGITAL,NON_NEW,2729
2024,Jan,IN,PDL,DIGITAL,,0
2024,Jan,IN,PDL,PHYSICAL,NEW,444
2024,Jan,IN,PDL,PHYSICAL,NON_NEW,15008
2024,Jan,IN,PDL,PHYSICAL,,0
2024,Jan,IN,PDL,UNKNOWN,NEW,-1
2024,Jan,IN,PDL,UNKNOWN,,0
2024,Jan,KS,ILP,DIGITAL,NON_NEW,0
2024,Jan,KS,ILP,PHYSICAL,NON_NEW,0
2024,Jan,KS,PDL,DIGITAL,NEW,34
2024,Jan,KS,PDL,DIGITAL,NON_NEW,443
2024,Jan,KS,PDL,DIGITAL,,0
2024,Jan,KS,PDL,PHYSICAL,NEW,118
2024,Jan,KS,PDL,PHYSICAL,NON_NEW,1076
2024,Jan,KS,PDL,PHYSICAL,,0
2024,Jan,KS,PDL,UNKNOWN,NEW,0
2024,Jan,KS,PDL,UNKNOWN,,0
2024,Jan,KY,ILP,PHYSICAL,NON_NEW,0
2024,Jan,KY,PDL,DIGITAL,NEW,67
2024,Jan,KY,PDL,DIGITAL,NON_NEW,404
2024,Jan,KY,PDL,DIGITAL,,0
2024,Jan,KY,PDL,PHYSICAL,NEW,335
2024,Jan,KY,PDL,PHYSICAL,NON_NEW,8044
2024,Jan,KY,PDL,PHYSICAL,,0
2024,Jan,KY,PDL,UNKNOWN,NEW,0
2024,Jan,KY,PDL,UNKNOWN,,0
2024,Jan,LA,ILP,PHYSICAL,NON_NEW,0
2024,Jan,LA,PDL,DIGITAL,NEW,126
2024,Jan,LA,PDL,DIGITAL,NON_NEW,2607
2024,Jan,LA,PDL,DIGITAL,,0
2024,Jan,LA,PDL,PHYSICAL,NEW,477
2024,Jan,LA,PDL,PHYSICAL,NON_NEW,12133
2024,Jan,LA,PDL,PHYSICAL,,0
2024,Jan,LA,PDL,UNKNOWN,NEW,1
2024,Jan,LA,PDL,UNKNOWN,,0
2024,Jan,MI,ILP,DIGITAL,NON_NEW,0
2024,Jan,MI,ILP,PHYSICAL,NON_NEW,0
2024,Jan,MI,PDL,DIGITAL,NEW,402
2024,Jan,MI,PDL,DIGITAL,NON_NEW,12237
2024,Jan,MI,PDL,DIGITAL,,0
2024,Jan,MI,PDL,PHYSICAL,NEW,1596
2024,Jan,MI,PDL,PHYSICAL,NON_NEW,44274
2024,Jan,MI,PDL,PHYSICAL,,0
2024,Jan,MI,PDL,UNKNOWN,NEW,0
2024,Jan,MI,PDL,UNKNOWN,NON_NEW,0
2024,Jan,MI,PDL,UNKNOWN,,0
2024,Jan,MO,ILP,DIGITAL,NEW,322
2024,Jan,MO,ILP,DIGITAL,NON_NEW,325
2024,Jan,MO,ILP,DIGITAL,,0
2024,Jan,MO,ILP,PHYSICAL,NEW,520
2024,Jan,MO,ILP,PHYSICAL,NON_NEW,1203
2024,Jan,MO,ILP,PHYSICAL,,0
2024,Jan,MO,ILP,UNKNOWN,NEW,-2
2024,Jan,MO,ILP,UNKNOWN,,0
2024,Jan,MO,PDL,DIGITAL,NEW,0
2024,Jan,MO,PDL,DIGITAL,NON_NEW,2
2024,Jan,MO,PDL,DIGITAL,,0
2024,Jan,MO,PDL,PHYSICAL,NEW,0
2024,Jan,MO,PDL,PHYSICAL,NON_NEW,0
2024,Jan,MO,PDL,PHYSICAL,,0
2024,Jan,MO,PDL,UNKNOWN,,0
2024,Jan,MS,ILP,DIGITAL,NEW,208
2024,Jan,MS,ILP,DIGITAL,NON_NEW,385
2024,Jan,MS,ILP,DIGITAL,,0
2024,Jan,MS,ILP,PHYSICAL,NEW,895
2024,Jan,MS,ILP,PHYSICAL,NON_NEW,2543
2024,Jan,MS,ILP,PHYSICAL,,-1
2024,Jan,MS,ILP,UNKNOWN,NEW,1
2024,Jan,MS,ILP,UNKNOWN,,0
2024,Jan,MS,PDL,DIGITAL,NEW,65
2024,Jan,MS,PDL,DIGITAL,NON_NEW,511
2024,Jan,MS,PDL,DIGITAL,,0
2024,Jan,MS,PDL,PHYSICAL,NEW,362
2024,Jan,MS,PDL,PHYSICAL,NON_NEW,1950
2024,Jan,MS,PDL,PHYSICAL,,0
2024,Jan,MS,PDL,UNKNOWN,NEW,-1
2024,Jan,MS,PDL,UNKNOWN,NON_NEW,0
2024,Jan,MS,PDL,UNKNOWN,,0
2024,Jan,NC,PDL,PHYSICAL,,0
2024,Jan,NV,ILP,DIGITAL,NEW,108
2024,Jan,NV,ILP,DIGITAL,NON_NEW,134
2024,Jan,NV,ILP,DIGITAL,,0
2024,Jan,NV,ILP,PHYSICAL,NEW,171
2024,Jan,NV,ILP,PHYSICAL,NON_NEW,384
2024,Jan,NV,ILP,PHYSICAL,,0
2024,Jan,NV,ILP,UNKNOWN,NEW,1
2024,Jan,NV,ILP,UNKNOWN,,0
2024,Jan,NV,PDL,DIGITAL,NEW,0
2024,Jan,NV,PDL,DIGITAL,NON_NEW,0
2024,Jan,NV,PDL,PHYSICAL,NEW,0
2024,Jan,NV,PDL,PHYSICAL,NON_NEW,0
2024,Jan,NV,PDL,PHYSICAL,,0
2024,Jan,NV,PDL,UNKNOWN,,0
2024,Jan,OH,ILP,DIGITAL,NEW,201
2024,Jan,OH,ILP,DIGITAL,NON_NEW,1304
2024,Jan,OH,ILP,DIGITAL,,0
2024,Jan,OH,ILP,PHYSICAL,NEW,627
2024,Jan,OH,ILP,PHYSICAL,NON_NEW,4266
2024,Jan,OH,ILP,PHYSICAL,,0
2024,Jan,OH,ILP,UNKNOWN,NEW,4
2024,Jan,OH,ILP,UNKNOWN,,0
2024,Jan,OH,ILP,,NEW,0
2024,Jan,OH,ILP,,,0
2024,Jan,OH,PDL,DIGITAL,NON_NEW,0
2024,Jan,OH,PDL,PHYSICAL,NON_NEW,0
2024,Jan,OK,ILP,DIGITAL,NEW,330
2024,Jan,OK,ILP,DIGITAL,NON_NEW,760
2024,Jan,OK,ILP,DIGITAL,,0
2024,Jan,OK,ILP,PHYSICAL,NEW,524
2024,Jan,OK,ILP,PHYSICAL,NON_NEW,2014
2024,Jan,OK,ILP,PHYSICAL,,-1
2024,Jan,OK,ILP,UNKNOWN,NEW,1
2024,Jan,OK,ILP,UNKNOWN,,0
2024,Jan,OK,PDL,PHYSICAL,NON_NEW,0
2024,Jan,RI,PDL,DIGITAL,NEW,36
2024,Jan,RI,PDL,DIGITAL,NON_NEW,720
2024,Jan,RI,PDL,DIGITAL,,0
2024,Jan,RI,PDL,PHYSICAL,NEW,153
2024,Jan,RI,PDL,PHYSICAL,NON_NEW,7285
2024,Jan,RI,PDL,PHYSICAL,,0
2024,Jan,RI,PDL,UNKNOWN,NEW,0
2024,Jan,RI,PDL,UNKNOWN,,0
2024,Jan,SC,PDL,DIGITAL,NEW,0
2024,Jan,SC,PDL,DIGITAL,NON_NEW,0
2024,Jan,SC,PDL,PHYSICAL,NEW,0
2024,Jan,SC,PDL,PHYSICAL,NON_NEW,0
2024,Jan,SC,PDL,PHYSICAL,,0
2024,Jan,SC,PDL,UNKNOWN,,0
2024,Jan,SC,PDL,,NON_NEW,0
2024,Jan,TN,ILP,DIGITAL,NON_NEW,0
2024,Jan,TN,ILP,PHYSICAL,NON_NEW,0
2024,Jan,TN,PDL,DIGITAL,NEW,71
2024,Jan,TN,PDL,DIGITAL,NON_NEW,661
2024,Jan,TN,PDL,DIGITAL,,0
2024,Jan,TN,PDL,PHYSICAL,NEW,97
2024,Jan,TN,PDL,PHYSICAL,NON_NEW,1226
2024,Jan,TN,PDL,PHYSICAL,,0
2024,Jan,TN,PDL,UNKNOWN,NEW,0
2024,Jan,TN,PDL,UNKNOWN,,0
2024,Jan,TN,PDL,,NEW,0
2024,Jan,TN,PDL,,NON_NEW,0
2024,Jan,TN,PDL,,,0
2024,Jan,TX,ILP,DIGITAL,NEW,974
2024,Jan,TX,ILP,DIGITAL,NON_NEW,2886
2024,Jan,TX,ILP,DIGITAL,,0
2024,Jan,TX,ILP,PHYSICAL,NEW,2180
2024,Jan,TX,ILP,PHYSICAL,NON_NEW,7974
2024,Jan,TX,ILP,PHYSICAL,,-3
2024,Jan,TX,ILP,UNKNOWN,NEW,-6
2024,Jan,TX,ILP,UNKNOWN,,0
2024,Jan,TX,PDL,DIGITAL,NEW,321
2024,Jan,TX,PDL,DIGITAL,NON_NEW,1595
2024,Jan,TX,PDL,DIGITAL,,0
2024,Jan,TX,PDL,PHYSICAL,NEW,189
2024,Jan,TX,PDL,PHYSICAL,NON_NEW,1720
2024,Jan,TX,PDL,PHYSICAL,,0
2024,Jan,TX,PDL,UNKNOWN,NEW,2
2024,Jan,TX,PDL,UNKNOWN,,0
2024,Jan,UT,ILP,DIGITAL,NEW,31
2024,Jan,UT,ILP,DIGITAL,NON_NEW,30
2024,Jan,UT,ILP,DIGITAL,,0
2024,Jan,UT,ILP,PHYSICAL,NEW,25
2024,Jan,UT,ILP,PHYSICAL,NON_NEW,58
2024,Jan,UT,ILP,PHYSICAL,,0
2024,Jan,UT,ILP,UNKNOWN,NEW,1
2024,Jan,UT,ILP,UNKNOWN,,0
2024,Jan,UT,PDL,DIGITAL,NON_NEW,0
2024,Jan,UT,PDL,PHYSICAL,NEW,0
2024,Jan,UT,PDL,PHYSICAL,NON_NEW,0
2024,Jan,WI,ILP,DIGITAL,NEW,269
2024,Jan,WI,ILP,DIGITAL,NON_NEW,225
2024,Jan,WI,ILP,DIGITAL,,0
2024,Jan,WI,ILP,PHYSICAL,NEW,232
2024,Jan,WI,ILP,PHYSICAL,NON_NEW,548
2024,Jan,WI,ILP,PHYSICAL,,0
2024,Jan,WI,ILP,UNKNOWN,NEW,-1
2024,Jan,WI,ILP,UNKNOWN,,0
2024,Jan,WI,PDL,DIGITAL,NON_NEW,0
2024,Jan,WI,PDL,PHYSICAL,NEW,0
2024,Jan,WI,PDL,PHYSICAL,NON_NEW,0
2024,Jan,WY,ILP,PHYSICAL,NON_NEW,0
2024,Jan,WY,PDL,DIGITAL,NEW,16
2024,Jan,WY,PDL,DIGITAL,NON_NEW,582
2024,Jan,WY,PDL,DIGITAL,,0
2024,Jan,WY,PDL,PHYSICAL,NEW,46
2024,Jan,WY,PDL,PHYSICAL,NON_NEW,2816
2024,Jan,WY,PDL,PHYSICAL,,0
2024,Jan,WY,PDL,UNKNOWN,NEW,0
2024,Jan,WY,PDL,UNKNOWN,,0
2024,Jul,AL,ILP,DIGITAL,NEW,197
2024,Jul,AL,ILP,DIGITAL,NON_NEW,1059
2024,Jul,AL,ILP,DIGITAL,,0
2024,Jul,AL,ILP,PHYSICAL,NEW,1320
2024,Jul,AL,ILP,PHYSICAL,NON_NEW,4713
2024,Jul,AL,ILP,PHYSICAL,,0
2024,Jul,AL,ILP,UNKNOWN,NEW,0
2024,Jul,AL,ILP,UNKNOWN,,0
2024,Jul,AL,PDL,DIGITAL,NEW,0
2024,Jul,AL,PDL,DIGITAL,NON_NEW,0
2024,Jul,AL,PDL,DIGITAL,,0
2024,Jul,AL,PDL,PHYSICAL,NEW,0
2024,Jul,AL,PDL,PHYSICAL,NON_NEW,0
2024,Jul,AL,PDL,PHYSICAL,,0
2024,Jul,AL,PDL,UNKNOWN,,0
2024,Jul,AL,PDL,,NEW,0
2024,Jul,AL,PDL,,NON_NEW,0
2024,Jul,CA,ILP,DIGITAL,NON_NEW,0
2024,Jul,CA,ILP,PHYSICAL,NON_NEW,1
2024,Jul,CA,PDL,DIGITAL,NEW,1032
2024,Jul,CA,PDL,DIGITAL,NON_NEW,17593
2024,Jul,CA,PDL,DIGITAL,,0
2024,Jul,CA,PDL,PHYSICAL,NEW,2584
2024,Jul,CA,PDL,PHYSICAL,NON_NEW,60816
2024,Jul,CA,PDL,PHYSICAL,,0
2024,Jul,CA,PDL,UNKNOWN,NEW,-8
2024,Jul,CA,PDL,UNKNOWN,,0
2024,Jul,CA,PDL,,NEW,0
2024,Jul,CA,PDL,,NON_NEW,0
2024,Jul,CA,PDL,,,0
2024,Jul,CO,ILP,DIGITAL,NEW,0
2024,Jul,CO,ILP,DIGITAL,NON_NEW,0
2024,Jul,CO,ILP,DIGITAL,,0
2024,Jul,CO,ILP,PHYSICAL,NEW,0
2024,Jul,CO,ILP,PHYSICAL,NON_NEW,0
2024,Jul,CO,ILP,PHYSICAL,,0
2024,Jul,CO,ILP,UNKNOWN,,0
2024,Jul,CO,ILP,,NEW,0
2024,Jul,CO,PDL,DIGITAL,NON_NEW,0
2024,Jul,CO,PDL,PHYSICAL,NON_NEW,0
2024,Jul,DE,ILP,DIGITAL,NEW,34
2024,Jul,DE,ILP,DIGITAL,NON_NEW,86
2024,Jul,DE,ILP,DIGITAL,,0
2024,Jul,DE,ILP,PHYSICAL,NEW,143
2024,Jul,DE,ILP,PHYSICAL,NON_NEW,261
2024,Jul,DE,ILP,PHYSICAL,,0
2024,Jul,DE,ILP,UNKNOWN,NEW,0
2024,Jul,DE,ILP,UNKNOWN,,0
2024,Jul,FL,ILP,DIGITAL,NEW,1194
2024,Jul,FL,ILP,DIGITAL,NON_NEW,5404
2024,Jul,FL,ILP,DIGITAL,,0
2024,Jul,FL,ILP,PHYSICAL,NEW,3788
2024,Jul,FL,ILP,PHYSICAL,NON_NEW,22896
2024,Jul,FL,ILP,PHYSICAL,,0
2024,Jul,FL,ILP,UNKNOWN,NEW,-10
2024,Jul,FL,ILP,UNKNOWN,,0
2024,Jul,FL,ILP,,NEW,0
2024,Jul,FL,ILP,,NON_NEW,0
2024,Jul,FL,ILP,,,0
2024,Jul,FL,PDL,DIGITAL,NEW,80
2024,Jul,FL,PDL,DIGITAL,NON_NEW,3134
2024,Jul,FL,PDL,DIGITAL,,0
2024,Jul,FL,PDL,PHYSICAL,NEW,280
2024,Jul,FL,PDL,PHYSICAL,NON_NEW,20203
2024,Jul,FL,PDL,PHYSICAL,,0
2024,Jul,FL,PDL,UNKNOWN,NEW,0
2024,Jul,FL,PDL,UNKNOWN,,0
2024,Jul,FL,PDL,,NEW,0
2024,Jul,FL,PDL,,NON_NEW,0
2024,Jul,FL,PDL,,,0
2024,Jul,IA,ILP,PHYSICAL,NON_NEW,0
2024,Jul,IA,PDL,DIGITAL,NEW,77
2024,Jul,IA,PDL,DIGITAL,NON_NEW,1861
2024,Jul,IA,PDL,DIGITAL,,0
2024,Jul,IA,PDL,PHYSICAL,NEW,503
2024,Jul,IA,PDL,PHYSICAL,NON_NEW,9825
2024,Jul,IA,PDL,PHYSICAL,,0
2024,Jul,IA,PDL,UNKNOWN,NEW,0
2024,Jul,IA,PDL,UNKNOWN,,0
2024,Jul,ID,ILP,DIGITAL,NEW,19
2024,Jul,ID,ILP,DIGITAL,NON_NEW,78
2024,Jul,ID,ILP,DIGITAL,,0
2024,Jul,ID,ILP,PHYSICAL,NEW,43
2024,Jul,ID,ILP,PHYSICAL,NON_NEW,85
2024,Jul,ID,ILP,PHYSICAL,,0
2024,Jul,ID,ILP,UNKNOWN,NEW,-1
2024,Jul,ID,ILP,UNKNOWN,,0
2024,Jul,ID,PDL,PHYSICAL,NON_NEW,0
2024,Jul,IN,PDL,DIGITAL,NEW,212
2024,Jul,IN,PDL,DIGITAL,NON_NEW,2713
2024,Jul,IN,PDL,DIGITAL,,0
2024,Jul,IN,PDL,PHYSICAL,NEW,697
2024,Jul,IN,PDL,PHYSICAL,NON_NEW,15555
2024,Jul,IN,PDL,PHYSICAL,,0
2024,Jul,IN,PDL,UNKNOWN,NEW,-2
2024,Jul,IN,PDL,UNKNOWN,,0
2024,Jul,KS,ILP,DIGITAL,NON_NEW,0
2024,Jul,KS,ILP,PHYSICAL,NON_NEW,0
2024,Jul,KS,PDL,DIGITAL,NEW,33
2024,Jul,KS,PDL,DIGITAL,NON_NEW,202
2024,Jul,KS,PDL,DIGITAL,,0
2024,Jul,KS,PDL,PHYSICAL,NEW,118
2024,Jul,KS,PDL,PHYSICAL,NON_NEW,699
2024,Jul,KS,PDL,PHYSICAL,,0
2024,Jul,KS,PDL,UNKNOWN,NEW,0
2024,Jul,KS,PDL,UNKNOWN,,0
2024,Jul,KY,ILP,PHYSICAL,NON_NEW,0
2024,Jul,KY,PDL,DIGITAL,NEW,62
2024,Jul,KY,PDL,DIGITAL,NON_NEW,596
2024,Jul,KY,PDL,DIGITAL,,0
2024,Jul,KY,PDL,PHYSICAL,NEW,412
2024,Jul,KY,PDL,PHYSICAL,NON_NEW,8584
2024,Jul,KY,PDL,PHYSICAL,,0
2024,Jul,KY,PDL,UNKNOWN,NEW,-1
2024,Jul,KY,PDL,UNKNOWN,NON_NEW,0
2024,Jul,KY,PDL,UNKNOWN,,0
2024,Jul,LA,ILP,PHYSICAL,NON_NEW,0
2024,Jul,LA,PDL,DIGITAL,NEW,122
2024,Jul,LA,PDL,DIGITAL,NON_NEW,2477
2024,Jul,LA,PDL,DIGITAL,,0
2024,Jul,LA,PDL,PHYSICAL,NEW,682
2024,Jul,LA,PDL,PHYSICAL,NON_NEW,12815
2024,Jul,LA,PDL,PHYSICAL,,0
2024,Jul,LA,PDL,UNKNOWN,NEW,0
2024,Jul,LA,PDL,UNKNOWN,,0
2024,Jul,MI,ILP,DIGITAL,NON_NEW,0
2024,Jul,MI,ILP,PHYSICAL,NON_NEW,0
2024,Jul,MI,PDL,DIGITAL,NEW,547
2024,Jul,MI,PDL,DIGITAL,NON_NEW,12372
2024,Jul,MI,PDL,DIGITAL,,0
2024,Jul,MI,PDL,PHYSICAL,NEW,2211
2024,Jul,MI,PDL,PHYSICAL,NON_NEW,46335
2024,Jul,MI,PDL,PHYSICAL,,0
2024,Jul,MI,PDL,UNKNOWN,NEW,-3
2024,Jul,MI,PDL,UNKNOWN,NON_NEW,0
2024,Jul,MI,PDL,UNKNOWN,,0
2024,Jul,MO,ILP,DIGITAL,NEW,430
2024,Jul,MO,ILP,DIGITAL,NON_NEW,479
2024,Jul,MO,ILP,DIGITAL,,0
2024,Jul,MO,ILP,PHYSICAL,NEW,913
2024,Jul,MO,ILP,PHYSICAL,NON_NEW,1440
2024,Jul,MO,ILP,PHYSICAL,,0
2024,Jul,MO,ILP,UNKNOWN,NEW,-19
2024,Jul,MO,ILP,UNKNOWN,,0
2024,Jul,MO,PDL,DIGITAL,NEW,0
2024,Jul,MO,PDL,DIGITAL,NON_NEW,0
2024,Jul,MO,PDL,DIGITAL,,0
2024,Jul,MO,PDL,PHYSICAL,NEW,0
2024,Jul,MO,PDL,PHYSICAL,NON_NEW,0
2024,Jul,MO,PDL,PHYSICAL,,0
2024,Jul,MO,PDL,UNKNOWN,,0
2024,Jul,MS,ILP,DIGITAL,NEW,425
2024,Jul,MS,ILP,DIGITAL,NON_NEW,628
2024,Jul,MS,ILP,DIGITAL,,0
2024,Jul,MS,ILP,PHYSICAL,NEW,1418
2024,Jul,MS,ILP,PHYSICAL,NON_NEW,3446
2024,Jul,MS,ILP,PHYSICAL,,1
2024,Jul,MS,ILP,UNKNOWN,NEW,-11
2024,Jul,MS,ILP,UNKNOWN,,0
2024,Jul,MS,PDL,DIGITAL,NEW,19
2024,Jul,MS,PDL,DIGITAL,NON_NEW,94
2024,Jul,MS,PDL,DIGITAL,,0
2024,Jul,MS,PDL,PHYSICAL,NEW,355
2024,Jul,MS,PDL,PHYSICAL,NON_NEW,1309
2024,Jul,MS,PDL,PHYSICAL,,1
2024,Jul,MS,PDL,UNKNOWN,NEW,-1
2024,Jul,MS,PDL,UNKNOWN,NON_NEW,0
2024,Jul,MS,PDL,UNKNOWN,,0
2024,Jul,NC,PDL,PHYSICAL,,0
2024,Jul,NV,ILP,DIGITAL,NEW,95
2024,Jul,NV,ILP,DIGITAL,NON_NEW,210
2024,Jul,NV,ILP,DIGITAL,,0
2024,Jul,NV,ILP,PHYSICAL,NEW,386
2024,Jul,NV,ILP,PHYSICAL,NON_NEW,491
2024,Jul,NV,ILP,PHYSICAL,,0
2024,Jul,NV,ILP,UNKNOWN,NEW,1
2024,Jul,NV,ILP,UNKNOWN,,0
2024,Jul,NV,PDL,DIGITAL,NEW,0
2024,Jul,NV,PDL,DIGITAL,NON_NEW,0
2024,Jul,NV,PDL,PHYSICAL,NEW,0
2024,Jul,NV,PDL,PHYSICAL,NON_NEW,0
2024,Jul,NV,PDL,PHYSICAL,,0
2024,Jul,NV,PDL,UNKNOWN,,0
2024,Jul,OH,ILP,DIGITAL,NEW,313
2024,Jul,OH,ILP,DIGITAL,NON_NEW,1831
2024,Jul,OH,ILP,DIGITAL,,0
2024,Jul,OH,ILP,PHYSICAL,NEW,920
2024,Jul,OH,ILP,PHYSICAL,NON_NEW,6136
2024,Jul,OH,ILP,PHYSICAL,,0
2024,Jul,OH,ILP,UNKNOWN,NEW,1
2024,Jul,OH,ILP,UNKNOWN,,0
2024,Jul,OH,ILP,,NEW,0
2024,Jul,OH,ILP,,,0
2024,Jul,OH,PDL,DIGITAL,NON_NEW,0
2024,Jul,OH,PDL,PHYSICAL,NON_NEW,0
2024,Jul,OK,ILP,DIGITAL,NEW,315
2024,Jul,OK,ILP,DIGITAL,NON_NEW,1054
2024,Jul,OK,ILP,DIGITAL,,0
2024,Jul,OK,ILP,PHYSICAL,NEW,866
2024,Jul,OK,ILP,PHYSICAL,NON_NEW,2405
2024,Jul,OK,ILP,PHYSICAL,,0
2024,Jul,OK,ILP,UNKNOWN,NEW,-8
2024,Jul,OK,ILP,UNKNOWN,,0
2024,Jul,OK,PDL,PHYSICAL,NON_NEW,0
2024,Jul,RI,PDL,DIGITAL,NEW,55
2024,Jul,RI,PDL,DIGITAL,NON_NEW,743
2024,Jul,RI,PDL,DIGITAL,,0
2024,Jul,RI,PDL,PHYSICAL,NEW,187
2024,Jul,RI,PDL,PHYSICAL,NON_NEW,7167
2024,Jul,RI,PDL,PHYSICAL,,0
2024,Jul,RI,PDL,UNKNOWN,NEW,0
2024,Jul,RI,PDL,UNKNOWN,,0
2024,Jul,SC,PDL,DIGITAL,NEW,0
2024,Jul,SC,PDL,DIGITAL,NON_NEW,0
2024,Jul,SC,PDL,PHYSICAL,NEW,0
2024,Jul,SC,PDL,PHYSICAL,NON_NEW,0
2024,Jul,SC,PDL,PHYSICAL,,0
2024,Jul,SC,PDL,UNKNOWN,,0
2024,Jul,SC,PDL,,NON_NEW,0
2024,Jul,TN,ILP,DIGITAL,NON_NEW,0
2024,Jul,TN,ILP,PHYSICAL,NON_NEW,0
2024,Jul,TN,PDL,DIGITAL,NEW,64
2024,Jul,TN,PDL,DIGITAL,NON_NEW,346
2024,Jul,TN,PDL,DIGITAL,,0
2024,Jul,TN,PDL,PHYSICAL,NEW,102
2024,Jul,TN,PDL,PHYSICAL,NON_NEW,874
2024,Jul,TN,PDL,PHYSICAL,,0
2024,Jul,TN,PDL,UNKNOWN,NEW,0
2024,Jul,TN,PDL,UNKNOWN,,0
2024,Jul,TN,PDL,,NEW,0
2024,Jul,TN,PDL,,NON_NEW,0
2024,Jul,TN,PDL,,,0
2024,Jul,TX,ILP,DIGITAL,NEW,1202
2024,Jul,TX,ILP,DIGITAL,NON_NEW,3182
2024,Jul,TX,ILP,DIGITAL,,0
2024,Jul,TX,ILP,PHYSICAL,NEW,3927
2024,Jul,TX,ILP,PHYSICAL,NON_NEW,9745
2024,Jul,TX,ILP,PHYSICAL,,-2
2024,Jul,TX,ILP,UNKNOWN,NEW,-16
2024,Jul,TX,ILP,UNKNOWN,,0
2024,Jul,TX,PDL,DIGITAL,NEW,358
2024,Jul,TX,PDL,DIGITAL,NON_NEW,1595
2024,Jul,TX,PDL,DIGITAL,,0
2024,Jul,TX,PDL,PHYSICAL,NEW,238
2024,Jul,TX,PDL,PHYSICAL,NON_NEW,1387
2024,Jul,TX,PDL,PHYSICAL,,0
2024,Jul,TX,PDL,UNKNOWN,NEW,-3
2024,Jul,TX,PDL,UNKNOWN,,0
2024,Jul,UT,ILP,DIGITAL,NEW,19
2024,Jul,UT,ILP,DIGITAL,NON_NEW,57
2024,Jul,UT,ILP,DIGITAL,,0
2024,Jul,UT,ILP,PHYSICAL,NEW,17
2024,Jul,UT,ILP,PHYSICAL,NON_NEW,50
2024,Jul,UT,ILP,PHYSICAL,,0
2024,Jul,UT,ILP,UNKNOWN,NEW,-2
2024,Jul,UT,ILP,UNKNOWN,,0
2024,Jul,UT,PDL,DIGITAL,NON_NEW,0
2024,Jul,UT,PDL,PHYSICAL,NEW,0
2024,Jul,UT,PDL,PHYSICAL,NON_NEW,0
2024,Jul,WI,ILP,DIGITAL,NEW,268
2024,Jul,WI,ILP,DIGITAL,NON_NEW,336
2024,Jul,WI,ILP,DIGITAL,,0
2024,Jul,WI,ILP,PHYSICAL,NEW,426
2024,Jul,WI,ILP,PHYSICAL,NON_NEW,652
2024,Jul,WI,ILP,PHYSICAL,,0
2024,Jul,WI,ILP,UNKNOWN,NEW,-6
2024,Jul,WI,ILP,UNKNOWN,,0
2024,Jul,WI,PDL,DIGITAL,NON_NEW,0
2024,Jul,WI,PDL,PHYSICAL,NEW,0
2024,Jul,WI,PDL,PHYSICAL,NON_NEW,0
2024,Jul,WY,ILP,PHYSICAL,NON_NEW,0
2024,Jul,WY,PDL,DIGITAL,NEW,37
2024,Jul,WY,PDL,DIGITAL,NON_NEW,619
2024,Jul,WY,PDL,DIGITAL,,0
2024,Jul,WY,PDL,PHYSICAL,NEW,133
2024,Jul,WY,PDL,PHYSICAL,NON_NEW,3000
2024,Jul,WY,PDL,PHYSICAL,,0
2024,Jul,WY,PDL,UNKNOWN,NEW,0
2024,Jul,WY,PDL,UNKNOWN,,0
2024,Jun,AL,ILP,DIGITAL,NEW,201
2024,Jun,AL,ILP,DIGITAL,NON_NEW,970
2024,Jun,AL,ILP,DIGITAL,,0
2024,Jun,AL,ILP,PHYSICAL,NEW,1301
2024,Jun,AL,ILP,PHYSICAL,NON_NEW,4344
2024,Jun,AL,ILP,PHYSICAL,,-5
2024,Jun,AL,ILP,UNKNOWN,NEW,0
2024,Jun,AL,ILP,UNKNOWN,,0
2024,Jun,AL,PDL,DIGITAL,NEW,0
2024,Jun,AL,PDL,DIGITAL,NON_NEW,0
2024,Jun,AL,PDL,DIGITAL,,0
2024,Jun,AL,PDL,PHYSICAL,NEW,0
2024,Jun,AL,PDL,PHYSICAL,NON_NEW,0
2024,Jun,AL,PDL,PHYSICAL,,0
2024,Jun,AL,PDL,UNKNOWN,,0
2024,Jun,AL,PDL,,NEW,0
2024,Jun,AL,PDL,,NON_NEW,0
2024,Jun,CA,ILP,DIGITAL,NON_NEW,0
2024,Jun,CA,ILP,PHYSICAL,NON_NEW,0
2024,Jun,CA,PDL,DIGITAL,NEW,997
2024,Jun,CA,PDL,DIGITAL,NON_NEW,16862
2024,Jun,CA,PDL,DIGITAL,,0
2024,Jun,CA,PDL,PHYSICAL,NEW,2481
2024,Jun,CA,PDL,PHYSICAL,NON_NEW,56603
2024,Jun,CA,PDL,PHYSICAL,,0
2024,Jun,CA,PDL,UNKNOWN,NEW,-2
2024,Jun,CA,PDL,UNKNOWN,,0
2024,Jun,CA,PDL,,NEW,0
2024,Jun,CA,PDL,,NON_NEW,0
2024,Jun,CA,PDL,,,0
2024,Jun,CO,ILP,DIGITAL,NEW,0
2024,Jun,CO,ILP,DIGITAL,NON_NEW,0
2024,Jun,CO,ILP,DIGITAL,,0
2024,Jun,CO,ILP,PHYSICAL,NEW,0
2024,Jun,CO,ILP,PHYSICAL,NON_NEW,0
2024,Jun,CO,ILP,PHYSICAL,,0
2024,Jun,CO,ILP,UNKNOWN,,0
2024,Jun,CO,ILP,,NEW,0
2024,Jun,CO,PDL,DIGITAL,NON_NEW,0
2024,Jun,CO,PDL,PHYSICAL,NON_NEW,0
2024,Jun,DE,ILP,DIGITAL,NEW,47
2024,Jun,DE,ILP,DIGITAL,NON_NEW,81
2024,Jun,DE,ILP,DIGITAL,,-1
2024,Jun,DE,ILP,PHYSICAL,NEW,176
2024,Jun,DE,ILP,PHYSICAL,NON_NEW,269
2024,Jun,DE,ILP,PHYSICAL,,0
2024,Jun,DE,ILP,UNKNOWN,NEW,-1
2024,Jun,DE,ILP,UNKNOWN,,0
2024,Jun,FL,ILP,DIGITAL,NEW,1010
2024,Jun,FL,ILP,DIGITAL,NON_NEW,5235
2024,Jun,FL,ILP,DIGITAL,,0
2024,Jun,FL,ILP,PHYSICAL,NEW,3148
2024,Jun,FL,ILP,PHYSICAL,NON_NEW,21607
2024,Jun,FL,ILP,PHYSICAL,,0
2024,Jun,FL,ILP,UNKNOWN,NEW,3
2024,Jun,FL,ILP,UNKNOWN,,0
2024,Jun,FL,ILP,,NEW,0
2024,Jun,FL,ILP,,NON_NEW,0
2024,Jun,FL,ILP,,,0
2024,Jun,FL,PDL,DIGITAL,NEW,63
2024,Jun,FL,PDL,DIGITAL,NON_NEW,3075
2024,Jun,FL,PDL,DIGITAL,,0
2024,Jun,FL,PDL,PHYSICAL,NEW,266
2024,Jun,FL,PDL,PHYSICAL,NON_NEW,19859
2024,Jun,FL,PDL,PHYSICAL,,0
2024,Jun,FL,PDL,UNKNOWN,NEW,0
2024,Jun,FL,PDL,UNKNOWN,,0
2024,Jun,FL,PDL,,NEW,0
2024,Jun,FL,PDL,,NON_NEW,0
2024,Jun,FL,PDL,,,0
2024,Jun,IA,ILP,PHYSICAL,NON_NEW,0
2024,Jun,IA,PDL,DIGITAL,NEW,97
2024,Jun,IA,PDL,DIGITAL,NON_NEW,1893
2024,Jun,IA,PDL,DIGITAL,,0
2024,Jun,IA,PDL,PHYSICAL,NEW,486
2024,Jun,IA,PDL,PHYSICAL,NON_NEW,9880
2024,Jun,IA,PDL,PHYSICAL,,0
2024,Jun,IA,PDL,UNKNOWN,NEW,0
2024,Jun,IA,PDL,UNKNOWN,,0
2024,Jun,ID,ILP,DIGITAL,NEW,20
2024,Jun,ID,ILP,DIGITAL,NON_NEW,60
2024,Jun,ID,ILP,DIGITAL,,0
2024,Jun,ID,ILP,PHYSICAL,NEW,47
2024,Jun,ID,ILP,PHYSICAL,NON_NEW,85
2024,Jun,ID,ILP,PHYSICAL,,0
2024,Jun,ID,ILP,UNKNOWN,NEW,0
2024,Jun,ID,ILP,UNKNOWN,,0
2024,Jun,ID,PDL,PHYSICAL,NON_NEW,0
2024,Jun,IN,PDL,DIGITAL,NEW,175
2024,Jun,IN,PDL,DIGITAL,NON_NEW,2513
2024,Jun,IN,PDL,DIGITAL,,0
2024,Jun,IN,PDL,PHYSICAL,NEW,688
2024,Jun,IN,PDL,PHYSICAL,NON_NEW,14516
2024,Jun,IN,PDL,PHYSICAL,,0
2024,Jun,IN,PDL,UNKNOWN,NEW,0
2024,Jun,IN,PDL,UNKNOWN,,0
2024,Jun,KS,ILP,DIGITAL,NON_NEW,0
2024,Jun,KS,ILP,PHYSICAL,NON_NEW,0
2024,Jun,KS,PDL,DIGITAL,NEW,41
2024,Jun,KS,PDL,DIGITAL,NON_NEW,393
2024,Jun,KS,PDL,DIGITAL,,0
2024,Jun,KS,PDL,PHYSICAL,NEW,101
2024,Jun,KS,PDL,PHYSICAL,NON_NEW,874
2024,Jun,KS,PDL,PHYSICAL,,0
2024,Jun,KS,PDL,UNKNOWN,NEW,0
2024,Jun,KS,PDL,UNKNOWN,,0
2024,Jun,KY,ILP,PHYSICAL,NON_NEW,0
2024,Jun,KY,PDL,DIGITAL,NEW,51
2024,Jun,KY,PDL,DIGITAL,NON_NEW,506
2024,Jun,KY,PDL,DIGITAL,,0
2024,Jun,KY,PDL,PHYSICAL,NEW,430
2024,Jun,KY,PDL,PHYSICAL,NON_NEW,7857
2024,Jun,KY,PDL,PHYSICAL,,0
2024,Jun,KY,PDL,UNKNOWN,NEW,0
2024,Jun,KY,PDL,UNKNOWN,,0
2024,Jun,LA,ILP,PHYSICAL,NON_NEW,0
2024,Jun,LA,PDL,DIGITAL,NEW,89
2024,Jun,LA,PDL,DIGITAL,NON_NEW,2362
2024,Jun,LA,PDL,DIGITAL,,0
2024,Jun,LA,PDL,PHYSICAL,NEW,720
2024,Jun,LA,PDL,PHYSICAL,NON_NEW,11469
2024,Jun,LA,PDL,PHYSICAL,,0
2024,Jun,LA,PDL,UNKNOWN,NEW,0
2024,Jun,LA,PDL,UNKNOWN,,0
2024,Jun,MI,ILP,DIGITAL,NON_NEW,0
2024,Jun,MI,ILP,PHYSICAL,NON_NEW,0
2024,Jun,MI,PDL,DIGITAL,NEW,490
2024,Jun,MI,PDL,DIGITAL,NON_NEW,11774
2024,Jun,MI,PDL,DIGITAL,,0
2024,Jun,MI,PDL,PHYSICAL,NEW,2083
2024,Jun,MI,PDL,PHYSICAL,NON_NEW,42887
2024,Jun,MI,PDL,PHYSICAL,,0
2024,Jun,MI,PDL,UNKNOWN,NEW,1
2024,Jun,MI,PDL,UNKNOWN,NON_NEW,0
2024,Jun,MI,PDL,UNKNOWN,,0
2024,Jun,MO,ILP,DIGITAL,NEW,456
2024,Jun,MO,ILP,DIGITAL,NON_NEW,442
2024,Jun,MO,ILP,DIGITAL,,0
2024,Jun,MO,ILP,PHYSICAL,NEW,763
2024,Jun,MO,ILP,PHYSICAL,NON_NEW,1366
2024,Jun,MO,ILP,PHYSICAL,,0
2024,Jun,MO,ILP,UNKNOWN,NEW,0
2024,Jun,MO,ILP,UNKNOWN,,-2
2024,Jun,MO,PDL,DIGITAL,NEW,0
2024,Jun,MO,PDL,DIGITAL,NON_NEW,0
2024,Jun,MO,PDL,DIGITAL,,0
2024,Jun,MO,PDL,PHYSICAL,NEW,0
2024,Jun,MO,PDL,PHYSICAL,NON_NEW,0
2024,Jun,MO,PDL,PHYSICAL,,0
2024,Jun,MO,PDL,UNKNOWN,,0
2024,Jun,MS,ILP,DIGITAL,NEW,423
2024,Jun,MS,ILP,DIGITAL,NON_NEW,589
2024,Jun,MS,ILP,DIGITAL,,-1
2024,Jun,MS,ILP,PHYSICAL,NEW,1148
2024,Jun,MS,ILP,PHYSICAL,NON_NEW,3105
2024,Jun,MS,ILP,PHYSICAL,,1
2024,Jun,MS,ILP,UNKNOWN,NEW,5
2024,Jun,MS,ILP,UNKNOWN,,0
2024,Jun,MS,PDL,DIGITAL,NEW,13
2024,Jun,MS,PDL,DIGITAL,NON_NEW,110
2024,Jun,MS,PDL,DIGITAL,,0
2024,Jun,MS,PDL,PHYSICAL,NEW,438
2024,Jun,MS,PDL,PHYSICAL,NON_NEW,1396
2024,Jun,MS,PDL,PHYSICAL,,0
2024,Jun,MS,PDL,UNKNOWN,NEW,0
2024,Jun,MS,PDL,UNKNOWN,NON_NEW,0
2024,Jun,MS,PDL,UNKNOWN,,0
2024,Jun,NC,PDL,PHYSICAL,,0
2024,Jun,NV,ILP,DIGITAL,NEW,90
2024,Jun,NV,ILP,DIGITAL,NON_NEW,148
2024,Jun,NV,ILP,DIGITAL,,0
2024,Jun,NV,ILP,PHYSICAL,NEW,350
2024,Jun,NV,ILP,PHYSICAL,NON_NEW,464
2024,Jun,NV,ILP,PHYSICAL,,0
2024,Jun,NV,ILP,UNKNOWN,NEW,1
2024,Jun,NV,ILP,UNKNOWN,,0
2024,Jun,NV,PDL,DIGITAL,NEW,0
2024,Jun,NV,PDL,DIGITAL,NON_NEW,0
2024,Jun,NV,PDL,PHYSICAL,NEW,0
2024,Jun,NV,PDL,PHYSICAL,NON_NEW,0
2024,Jun,NV,PDL,PHYSICAL,,0
2024,Jun,NV,PDL,UNKNOWN,,0
2024,Jun,OH,ILP,DIGITAL,NEW,270
2024,Jun,OH,ILP,DIGITAL,NON_NEW,1827
2024,Jun,OH,ILP,DIGITAL,,0
2024,Jun,OH,ILP,PHYSICAL,NEW,780
2024,Jun,OH,ILP,PHYSICAL,NON_NEW,5310
2024,Jun,OH,ILP,PHYSICAL,,0
2024,Jun,OH,ILP,UNKNOWN,NEW,-2
2024,Jun,OH,ILP,UNKNOWN,,0
2024,Jun,OH,ILP,,NEW,0
2024,Jun,OH,ILP,,,0
2024,Jun,OH,PDL,DIGITAL,NON_NEW,0
2024,Jun,OH,PDL,PHYSICAL,NON_NEW,0
2024,Jun,OK,ILP,DIGITAL,NEW,280
2024,Jun,OK,ILP,DIGITAL,NON_NEW,990
2024,Jun,OK,ILP,DIGITAL,,0
2024,Jun,OK,ILP,PHYSICAL,NEW,782
2024,Jun,OK,ILP,PHYSICAL,NON_NEW,2178
2024,Jun,OK,ILP,PHYSICAL,,-3
2024,Jun,OK,ILP,UNKNOWN,NEW,0
2024,Jun,OK,ILP,UNKNOWN,,0
2024,Jun,OK,PDL,PHYSICAL,NON_NEW,0
2024,Jun,RI,PDL,DIGITAL,NEW,39
2024,Jun,RI,PDL,DIGITAL,NON_NEW,676
2024,Jun,RI,PDL,DIGITAL,,0
2024,Jun,RI,PDL,PHYSICAL,NEW,176
2024,Jun,RI,PDL,PHYSICAL,NON_NEW,6601
2024,Jun,RI,PDL,PHYSICAL,,0
2024,Jun,RI,PDL,UNKNOWN,NEW,0
2024,Jun,RI,PDL,UNKNOWN,,0
2024,Jun,SC,PDL,DIGITAL,NEW,0
2024,Jun,SC,PDL,DIGITAL,NON_NEW,0
2024,Jun,SC,PDL,PHYSICAL,NEW,0
2024,Jun,SC,PDL,PHYSICAL,NON_NEW,0
2024,Jun,SC,PDL,PHYSICAL,,0
2024,Jun,SC,PDL,UNKNOWN,,0
2024,Jun,SC,PDL,,NON_NEW,0
2024,Jun,TN,ILP,DIGITAL,NON_NEW,0
2024,Jun,TN,ILP,PHYSICAL,NON_NEW,0
2024,Jun,TN,PDL,DIGITAL,NEW,52
2024,Jun,TN,PDL,DIGITAL,NON_NEW,599
2024,Jun,TN,PDL,DIGITAL,,0
2024,Jun,TN,PDL,PHYSICAL,NEW,165
2024,Jun,TN,PDL,PHYSICAL,NON_NEW,941
2024,Jun,TN,PDL,PHYSICAL,,0
2024,Jun,TN,PDL,UNKNOWN,NEW,0
2024,Jun,TN,PDL,UNKNOWN,,0
2024,Jun,TN,PDL,,NEW,0
2024,Jun,TN,PDL,,NON_NEW,0
2024,Jun,TN,PDL,,,0
2024,Jun,TX,ILP,DIGITAL,NEW,1096
2024,Jun,TX,ILP,DIGITAL,NON_NEW,3039
2024,Jun,TX,ILP,DIGITAL,,0
2024,Jun,TX,ILP,PHYSICAL,NEW,3649
2024,Jun,TX,ILP,PHYSICAL,NON_NEW,9068
2024,Jun,TX,ILP,PHYSICAL,,-5
2024,Jun,TX,ILP,UNKNOWN,NEW,3
2024,Jun,TX,ILP,UNKNOWN,,0
2024,Jun,TX,PDL,DIGITAL,NEW,250
2024,Jun,TX,PDL,DIGITAL,NON_NEW,1440
2024,Jun,TX,PDL,DIGITAL,,0
2024,Jun,TX,PDL,PHYSICAL,NEW,226
2024,Jun,TX,PDL,PHYSICAL,NON_NEW,1337
2024,Jun,TX,PDL,PHYSICAL,,0
2024,Jun,TX,PDL,UNKNOWN,NEW,2
2024,Jun,TX,PDL,UNKNOWN,,0
2024,Jun,UT,ILP,DIGITAL,NEW,26
2024,Jun,UT,ILP,DIGITAL,NON_NEW,53
2024,Jun,UT,ILP,DIGITAL,,0
2024,Jun,UT,ILP,PHYSICAL,NEW,39
2024,Jun,UT,ILP,PHYSICAL,NON_NEW,56
2024,Jun,UT,ILP,PHYSICAL,,0
2024,Jun,UT,ILP,UNKNOWN,NEW,0
2024,Jun,UT,ILP,UNKNOWN,,0
2024,Jun,UT,PDL,DIGITAL,NON_NEW,0
2024,Jun,UT,PDL,PHYSICAL,NEW,0
2024,Jun,UT,PDL,PHYSICAL,NON_NEW,0
2024,Jun,WI,ILP,DIGITAL,NEW,285
2024,Jun,WI,ILP,DIGITAL,NON_NEW,310
2024,Jun,WI,ILP,DIGITAL,,0
2024,Jun,WI,ILP,PHYSICAL,NEW,386
2024,Jun,WI,ILP,PHYSICAL,NON_NEW,583
2024,Jun,WI,ILP,PHYSICAL,,-1
2024,Jun,WI,ILP,UNKNOWN,NEW,-2
2024,Jun,WI,ILP,UNKNOWN,,0
2024,Jun,WI,PDL,DIGITAL,NON_NEW,0
2024,Jun,WI,PDL,PHYSICAL,NEW,0
2024,Jun,WI,PDL,PHYSICAL,NON_NEW,0
2024,Jun,WY,ILP,PHYSICAL,NON_NEW,0
2024,Jun,WY,PDL,DIGITAL,NEW,19
2024,Jun,WY,PDL,DIGITAL,NON_NEW,553
2024,Jun,WY,PDL,DIGITAL,,0
2024,Jun,WY,PDL,PHYSICAL,NEW,120
2024,Jun,WY,PDL,PHYSICAL,NON_NEW,2651
2024,Jun,WY,PDL,PHYSICAL,,0
2024,Jun,WY,PDL,UNKNOWN,NEW,-1
2024,Jun,WY,PDL,UNKNOWN,,0
2024,Mar,AL,ILP,DIGITAL,NEW,245
2024,Mar,AL,ILP,DIGITAL,NON_NEW,790
2024,Mar,AL,ILP,DIGITAL,,2
2024,Mar,AL,ILP,PHYSICAL,NEW,828
2024,Mar,AL,ILP,PHYSICAL,NON_NEW,3838
2024,Mar,AL,ILP,PHYSICAL,,4
2024,Mar,AL,ILP,UNKNOWN,NEW,0
2024,Mar,AL,ILP,UNKNOWN,,0
2024,Mar,AL,PDL,DIGITAL,NEW,0
2024,Mar,AL,PDL,DIGITAL,NON_NEW,0
2024,Mar,AL,PDL,DIGITAL,,0
2024,Mar,AL,PDL,PHYSICAL,NEW,0
2024,Mar,AL,PDL,PHYSICAL,NON_NEW,0
2024,Mar,AL,PDL,PHYSICAL,,0
2024,Mar,AL,PDL,UNKNOWN,,0
2024,Mar,AL,PDL,,NEW,0
2024,Mar,AL,PDL,,NON_NEW,0
2024,Mar,CA,ILP,DIGITAL,NON_NEW,0
2024,Mar,CA,ILP,PHYSICAL,NON_NEW,0
2024,Mar,CA,PDL,DIGITAL,NEW,680
2024,Mar,CA,PDL,DIGITAL,NON_NEW,16998
2024,Mar,CA,PDL,DIGITAL,,0
2024,Mar,CA,PDL,PHYSICAL,NEW,1810
2024,Mar,CA,PDL,PHYSICAL,NON_NEW,59366
2024,Mar,CA,PDL,PHYSICAL,,7
2024,Mar,CA,PDL,UNKNOWN,NEW,-4
2024,Mar,CA,PDL,UNKNOWN,,0
2024,Mar,CA,PDL,,NEW,0
2024,Mar,CA,PDL,,NON_NEW,0
2024,Mar,CA,PDL,,,0
2024,Mar,CO,ILP,DIGITAL,NEW,0
2024,Mar,CO,ILP,DIGITAL,NON_NEW,0
2024,Mar,CO,ILP,DIGITAL,,0
2024,Mar,CO,ILP,PHYSICAL,NEW,0
2024,Mar,CO,ILP,PHYSICAL,NON_NEW,0
2024,Mar,CO,ILP,PHYSICAL,,0
2024,Mar,CO,ILP,UNKNOWN,,0
2024,Mar,CO,ILP,,NEW,0
2024,Mar,CO,PDL,DIGITAL,NON_NEW,0
2024,Mar,CO,PDL,PHYSICAL,NON_NEW,0
2024,Mar,DE,ILP,DIGITAL,NEW,47
2024,Mar,DE,ILP,DIGITAL,NON_NEW,62
2024,Mar,DE,ILP,DIGITAL,,0
2024,Mar,DE,ILP,PHYSICAL,NEW,102
2024,Mar,DE,ILP,PHYSICAL,NON_NEW,204
2024,Mar,DE,ILP,PHYSICAL,,0
2024,Mar,DE,ILP,UNKNOWN,NEW,0
2024,Mar,DE,ILP,UNKNOWN,,0
2024,Mar,FL,ILP,DIGITAL,NEW,517
2024,Mar,FL,ILP,DIGITAL,NON_NEW,4312
2024,Mar,FL,ILP,DIGITAL,,1
2024,Mar,FL,ILP,PHYSICAL,NEW,1924
2024,Mar,FL,ILP,PHYSICAL,NON_NEW,19639
2024,Mar,FL,ILP,PHYSICAL,,1
2024,Mar,FL,ILP,UNKNOWN,NEW,6
2024,Mar,FL,ILP,UNKNOWN,,0
2024,Mar,FL,ILP,,NEW,0
2024,Mar,FL,ILP,,NON_NEW,0
2024,Mar,FL,ILP,,,0
2024,Mar,FL,PDL,DIGITAL,NEW,164
2024,Mar,FL,PDL,DIGITAL,NON_NEW,4309
2024,Mar,FL,PDL,DIGITAL,,0
2024,Mar,FL,PDL,PHYSICAL,NEW,246
2024,Mar,FL,PDL,PHYSICAL,NON_NEW,22462
2024,Mar,FL,PDL,PHYSICAL,,1
2024,Mar,FL,PDL,UNKNOWN,NEW,0
2024,Mar,FL,PDL,UNKNOWN,,0
2024,Mar,FL,PDL,,NEW,0
2024,Mar,FL,PDL,,NON_NEW,0
2024,Mar,FL,PDL,,,0
2024,Mar,IA,ILP,PHYSICAL,NON_NEW,0
2024,Mar,IA,PDL,DIGITAL,NEW,64
2024,Mar,IA,PDL,DIGITAL,NON_NEW,1745
2024,Mar,IA,PDL,DIGITAL,,0
2024,Mar,IA,PDL,PHYSICAL,NEW,335
2024,Mar,IA,PDL,PHYSICAL,NON_NEW,9905
2024,Mar,IA,PDL,PHYSICAL,,0
2024,Mar,IA,PDL,UNKNOWN,NEW,0
2024,Mar,IA,PDL,UNKNOWN,,0
2024,Mar,ID,ILP,DIGITAL,NEW,45
2024,Mar,ID,ILP,DIGITAL,NON_NEW,60
2024,Mar,ID,ILP,DIGITAL,,0
2024,Mar,ID,ILP,PHYSICAL,NEW,30
2024,Mar,ID,ILP,PHYSICAL,NON_NEW,80
2024,Mar,ID,ILP,PHYSICAL,,0
2024,Mar,ID,ILP,UNKNOWN,NEW,0
2024,Mar,ID,ILP,UNKNOWN,,0
2024,Mar,ID,PDL,PHYSICAL,NON_NEW,0
2024,Mar,IN,PDL,DIGITAL,NEW,138
2024,Mar,IN,PDL,DIGITAL,NON_NEW,2392
2024,Mar,IN,PDL,DIGITAL,,0
2024,Mar,IN,PDL,PHYSICAL,NEW,452
2024,Mar,IN,PDL,PHYSICAL,NON_NEW,13929
2024,Mar,IN,PDL,PHYSICAL,,3
2024,Mar,IN,PDL,UNKNOWN,NEW,0
2024,Mar,IN,PDL,UNKNOWN,,0
2024,Mar,KS,ILP,DIGITAL,NON_NEW,0
2024,Mar,KS,ILP,PHYSICAL,NON_NEW,0
2024,Mar,KS,PDL,DIGITAL,NEW,17
2024,Mar,KS,PDL,DIGITAL,NON_NEW,366
2024,Mar,KS,PDL,DIGITAL,,0
2024,Mar,KS,PDL,PHYSICAL,NEW,116
2024,Mar,KS,PDL,PHYSICAL,NON_NEW,1057
2024,Mar,KS,PDL,PHYSICAL,,0
2024,Mar,KS,PDL,UNKNOWN,NEW,0
2024,Mar,KS,PDL,UNKNOWN,,0
2024,Mar,KY,ILP,PHYSICAL,NON_NEW,0
2024,Mar,KY,PDL,DIGITAL,NEW,41
2024,Mar,KY,PDL,DIGITAL,NON_NEW,426
2024,Mar,KY,PDL,DIGITAL,,0
2024,Mar,KY,PDL,PHYSICAL,NEW,277
2024,Mar,KY,PDL,PHYSICAL,NON_NEW,8076
2024,Mar,KY,PDL,PHYSICAL,,-1
2024,Mar,KY,PDL,UNKNOWN,NEW,-2
2024,Mar,KY,PDL,UNKNOWN,,0
2024,Mar,LA,ILP,PHYSICAL,NON_NEW,0
2024,Mar,LA,PDL,DIGITAL,NEW,55
2024,Mar,LA,PDL,DIGITAL,NON_NEW,2386
2024,Mar,LA,PDL,DIGITAL,,0
2024,Mar,LA,PDL,PHYSICAL,NEW,329
2024,Mar,LA,PDL,PHYSICAL,NON_NEW,11870
2024,Mar,LA,PDL,PHYSICAL,,0
2024,Mar,LA,PDL,UNKNOWN,NEW,1
2024,Mar,LA,PDL,UNKNOWN,,0
2024,Mar,MI,ILP,DIGITAL,NON_NEW,0
2024,Mar,MI,ILP,PHYSICAL,NON_NEW,0
2024,Mar,MI,PDL,DIGITAL,NEW,283
2024,Mar,MI,PDL,DIGITAL,NON_NEW,11075
2024,Mar,MI,PDL,DIGITAL,,1
2024,Mar,MI,PDL,PHYSICAL,NEW,1163
2024,Mar,MI,PDL,PHYSICAL,NON_NEW,42372
2024,Mar,MI,PDL,PHYSICAL,,1
2024,Mar,MI,PDL,UNKNOWN,NEW,-1
2024,Mar,MI,PDL,UNKNOWN,NON_NEW,0
2024,Mar,MI,PDL,UNKNOWN,,0
2024,Mar,MO,ILP,DIGITAL,NEW,324
2024,Mar,MO,ILP,DIGITAL,NON_NEW,367
2024,Mar,MO,ILP,DIGITAL,,2
2024,Mar,MO,ILP,PHYSICAL,NEW,530
2024,Mar,MO,ILP,PHYSICAL,NON_NEW,1421
2024,Mar,MO,ILP,PHYSICAL,,2
2024,Mar,MO,ILP,UNKNOWN,NEW,-1
2024,Mar,MO,ILP,UNKNOWN,,0
2024,Mar,MO,PDL,DIGITAL,NEW,0
2024,Mar,MO,PDL,DIGITAL,NON_NEW,0
2024,Mar,MO,PDL,DIGITAL,,0
2024,Mar,MO,PDL,PHYSICAL,NEW,0
2024,Mar,MO,PDL,PHYSICAL,NON_NEW,0
2024,Mar,MO,PDL,PHYSICAL,,0
2024,Mar,MO,PDL,UNKNOWN,,0
2024,Mar,MS,ILP,DIGITAL,NEW,243
2024,Mar,MS,ILP,DIGITAL,NON_NEW,408
2024,Mar,MS,ILP,DIGITAL,,0
2024,Mar,MS,ILP,PHYSICAL,NEW,823
2024,Mar,MS,ILP,PHYSICAL,NON_NEW,2957
2024,Mar,MS,ILP,PHYSICAL,,0
2024,Mar,MS,ILP,UNKNOWN,NEW,-1
2024,Mar,MS,ILP,UNKNOWN,,0
2024,Mar,MS,PDL,DIGITAL,NEW,21
2024,Mar,MS,PDL,DIGITAL,NON_NEW,260
2024,Mar,MS,PDL,DIGITAL,,0
2024,Mar,MS,PDL,PHYSICAL,NEW,307
2024,Mar,MS,PDL,PHYSICAL,NON_NEW,1456
2024,Mar,MS,PDL,PHYSICAL,,2
2024,Mar,MS,PDL,UNKNOWN,NEW,0
2024,Mar,MS,PDL,UNKNOWN,NON_NEW,0
2024,Mar,MS,PDL,UNKNOWN,,0
2024,Mar,NC,ILP,UNKNOWN,,0
2024,Mar,NC,PDL,PHYSICAL,,0
2024,Mar,NV,ILP,DIGITAL,NEW,155
2024,Mar,NV,ILP,DIGITAL,NON_NEW,126
2024,Mar,NV,ILP,DIGITAL,,0
2024,Mar,NV,ILP,PHYSICAL,NEW,202
2024,Mar,NV,ILP,PHYSICAL,NON_NEW,424
2024,Mar,NV,ILP,PHYSICAL,,0
2024,Mar,NV,ILP,UNKNOWN,NEW,1
2024,Mar,NV,ILP,UNKNOWN,,0
2024,Mar,NV,PDL,DIGITAL,NEW,0
2024,Mar,NV,PDL,DIGITAL,NON_NEW,0
2024,Mar,NV,PDL,PHYSICAL,NEW,0
2024,Mar,NV,PDL,PHYSICAL,NON_NEW,0
2024,Mar,NV,PDL,PHYSICAL,,0
2024,Mar,NV,PDL,UNKNOWN,,0
2024,Mar,OH,ILP,DIGITAL,NEW,147
2024,Mar,OH,ILP,DIGITAL,NON_NEW,1393
2024,Mar,OH,ILP,DIGITAL,,0
2024,Mar,OH,ILP,PHYSICAL,NEW,468
2024,Mar,OH,ILP,PHYSICAL,NON_NEW,4758
2024,Mar,OH,ILP,PHYSICAL,,0
2024,Mar,OH,ILP,UNKNOWN,NEW,-2
2024,Mar,OH,ILP,UNKNOWN,,0
2024,Mar,OH,ILP,,NEW,0
2024,Mar,OH,ILP,,,0
2024,Mar,OH,PDL,DIGITAL,NON_NEW,0
2024,Mar,OH,PDL,PHYSICAL,NON_NEW,0
2024,Mar,OK,ILP,DIGITAL,NEW,260
2024,Mar,OK,ILP,DIGITAL,NON_NEW,759
2024,Mar,OK,ILP,DIGITAL,,0
2024,Mar,OK,ILP,PHYSICAL,NEW,610
2024,Mar,OK,ILP,PHYSICAL,NON_NEW,2057
2024,Mar,OK,ILP,PHYSICAL,,1
2024,Mar,OK,ILP,UNKNOWN,NEW,0
2024,Mar,OK,ILP,UNKNOWN,,0
2024,Mar,OK,PDL,PHYSICAL,NON_NEW,0
2024,Mar,RI,PDL,DIGITAL,NEW,23
2024,Mar,RI,PDL,DIGITAL,NON_NEW,712
2024,Mar,RI,PDL,DIGITAL,,0
2024,Mar,RI,PDL,PHYSICAL,NEW,125
2024,Mar,RI,PDL,PHYSICAL,NON_NEW,6988
2024,Mar,RI,PDL,PHYSICAL,,0
2024,Mar,RI,PDL,UNKNOWN,NEW,-1
2024,Mar,RI,PDL,UNKNOWN,,0
2024,Mar,SC,PDL,DIGITAL,NEW,0
2024,Mar,SC,PDL,DIGITAL,NON_NEW,0
2024,Mar,SC,PDL,PHYSICAL,NEW,0
2024,Mar,SC,PDL,PHYSICAL,NON_NEW,0
2024,Mar,SC,PDL,PHYSICAL,,0
2024,Mar,SC,PDL,UNKNOWN,,0
2024,Mar,SC,PDL,,NON_NEW,0
2024,Mar,TN,ILP,DIGITAL,NON_NEW,0
2024,Mar,TN,ILP,PHYSICAL,NON_NEW,0
2024,Mar,TN,PDL,DIGITAL,NEW,32
2024,Mar,TN,PDL,DIGITAL,NON_NEW,632
2024,Mar,TN,PDL,DIGITAL,,0
2024,Mar,TN,PDL,PHYSICAL,NEW,111
2024,Mar,TN,PDL,PHYSICAL,NON_NEW,1045
2024,Mar,TN,PDL,PHYSICAL,,1
2024,Mar,TN,PDL,UNKNOWN,NEW,-2
2024,Mar,TN,PDL,UNKNOWN,,0
2024,Mar,TN,PDL,,NEW,0
2024,Mar,TN,PDL,,NON_NEW,0
2024,Mar,TN,PDL,,,0
2024,Mar,TX,ILP,DIGITAL,NEW,934
2024,Mar,TX,ILP,DIGITAL,NON_NEW,2792
2024,Mar,TX,ILP,DIGITAL,,6
2024,Mar,TX,ILP,PHYSICAL,NEW,1987
2024,Mar,TX,ILP,PHYSICAL,NON_NEW,8050
2024,Mar,TX,ILP,PHYSICAL,,3
2024,Mar,TX,ILP,UNKNOWN,NEW,-7
2024,Mar,TX,ILP,UNKNOWN,,0
2024,Mar,TX,PDL,DIGITAL,NEW,242
2024,Mar,TX,PDL,DIGITAL,NON_NEW,1562
2024,Mar,TX,PDL,DIGITAL,,1
2024,Mar,TX,PDL,PHYSICAL,NEW,161
2024,Mar,TX,PDL,PHYSICAL,NON_NEW,1643
2024,Mar,TX,PDL,PHYSICAL,,1
2024,Mar,TX,PDL,UNKNOWN,NEW,-22
2024,Mar,TX,PDL,UNKNOWN,,0
2024,Mar,UT,ILP,DIGITAL,NEW,38
2024,Mar,UT,ILP,DIGITAL,NON_NEW,56
2024,Mar,UT,ILP,DIGITAL,,0
2024,Mar,UT,ILP,PHYSICAL,NEW,25
2024,Mar,UT,ILP,PHYSICAL,NON_NEW,51
2024,Mar,UT,ILP,PHYSICAL,,0
2024,Mar,UT,ILP,UNKNOWN,NEW,-1
2024,Mar,UT,ILP,UNKNOWN,,0
2024,Mar,UT,PDL,DIGITAL,NON_NEW,0
2024,Mar,UT,PDL,PHYSICAL,NEW,0
2024,Mar,UT,PDL,PHYSICAL,NON_NEW,0
2024,Mar,WI,ILP,DIGITAL,NEW,178
2024,Mar,WI,ILP,DIGITAL,NON_NEW,247
2024,Mar,WI,ILP,DIGITAL,,0
2024,Mar,WI,ILP,PHYSICAL,NEW,231
2024,Mar,WI,ILP,PHYSICAL,NON_NEW,555
2024,Mar,WI,ILP,PHYSICAL,,0
2024,Mar,WI,ILP,UNKNOWN,NEW,2
2024,Mar,WI,ILP,UNKNOWN,,0
2024,Mar,WI,PDL,DIGITAL,NON_NEW,0
2024,Mar,WI,PDL,PHYSICAL,NEW,0
2024,Mar,WI,PDL,PHYSICAL,NON_NEW,0
2024,Mar,WY,ILP,PHYSICAL,NON_NEW,0
2024,Mar,WY,PDL,DIGITAL,NEW,16
2024,Mar,WY,PDL,DIGITAL,NON_NEW,535
2024,Mar,WY,PDL,DIGITAL,,0
2024,Mar,WY,PDL,PHYSICAL,NEW,73
2024,Mar,WY,PDL,PHYSICAL,NON_NEW,2644
2024,Mar,WY,PDL,PHYSICAL,,0
2024,Mar,WY,PDL,UNKNOWN,NEW,0
2024,Mar,WY,PDL,UNKNOWN,,0
2024,May,AL,ILP,DIGITAL,NEW,244
2024,May,AL,ILP,DIGITAL,NON_NEW,900
2024,May,AL,ILP,DIGITAL,,0
2024,May,AL,ILP,PHYSICAL,NEW,1370
2024,May,AL,ILP,PHYSICAL,NON_NEW,4743
2024,May,AL,ILP,PHYSICAL,,6
2024,May,AL,ILP,UNKNOWN,NEW,0
2024,May,AL,ILP,UNKNOWN,,0
2024,May,AL,PDL,DIGITAL,NEW,0
2024,May,AL,PDL,DIGITAL,NON_NEW,0
2024,May,AL,PDL,DIGITAL,,0
2024,May,AL,PDL,PHYSICAL,NEW,0
2024,May,AL,PDL,PHYSICAL,NON_NEW,0
2024,May,AL,PDL,PHYSICAL,,0
2024,May,AL,PDL,UNKNOWN,,0
2024,May,AL,PDL,,NEW,0
2024,May,AL,PDL,,NON_NEW,0
2024,May,CA,ILP,DIGITAL,NON_NEW,0
2024,May,CA,ILP,PHYSICAL,NON_NEW,0
2024,May,CA,PDL,DIGITAL,NEW,940
2024,May,CA,PDL,DIGITAL,NON_NEW,18015
2024,May,CA,PDL,DIGITAL,,2
2024,May,CA,PDL,PHYSICAL,NEW,2731
2024,May,CA,PDL,PHYSICAL,NON_NEW,63784
2024,May,CA,PDL,PHYSICAL,,26
2024,May,CA,PDL,UNKNOWN,NEW,2
2024,May,CA,PDL,UNKNOWN,,0
2024,May,CA,PDL,,NEW,0
2024,May,CA,PDL,,NON_NEW,0
2024,May,CA,PDL,,,0
2024,May,CO,ILP,DIGITAL,NEW,0
2024,May,CO,ILP,DIGITAL,NON_NEW,0
2024,May,CO,ILP,DIGITAL,,0
2024,May,CO,ILP,PHYSICAL,NEW,0
2024,May,CO,ILP,PHYSICAL,NON_NEW,0
2024,May,CO,ILP,PHYSICAL,,0
2024,May,CO,ILP,UNKNOWN,,0
2024,May,CO,ILP,,NEW,0
2024,May,CO,PDL,DIGITAL,NON_NEW,0
2024,May,CO,PDL,PHYSICAL,NON_NEW,0
2024,May,DE,ILP,DIGITAL,NEW,45
2024,May,DE,ILP,DIGITAL,NON_NEW,77
2024,May,DE,ILP,DIGITAL,,0
2024,May,DE,ILP,PHYSICAL,NEW,155
2024,May,DE,ILP,PHYSICAL,NON_NEW,335
2024,May,DE,ILP,PHYSICAL,,3
2024,May,DE,ILP,UNKNOWN,NEW,1
2024,May,DE,ILP,UNKNOWN,,-1
2024,May,FL,ILP,DIGITAL,NEW,963
2024,May,FL,ILP,DIGITAL,NON_NEW,5163
2024,May,FL,ILP,DIGITAL,,5
2024,May,FL,ILP,PHYSICAL,NEW,2958
2024,May,FL,ILP,PHYSICAL,NON_NEW,22056
2024,May,FL,ILP,PHYSICAL,,22
2024,May,FL,ILP,UNKNOWN,NEW,1
2024,May,FL,ILP,UNKNOWN,,0
2024,May,FL,ILP,,NEW,0
2024,May,FL,ILP,,NON_NEW,0
2024,May,FL,ILP,,,0
2024,May,FL,PDL,DIGITAL,NEW,78
2024,May,FL,PDL,DIGITAL,NON_NEW,3265
2024,May,FL,PDL,DIGITAL,,0
2024,May,FL,PDL,PHYSICAL,NEW,286
2024,May,FL,PDL,PHYSICAL,NON_NEW,21486
2024,May,FL,PDL,PHYSICAL,,2
2024,May,FL,PDL,UNKNOWN,NEW,-1
2024,May,FL,PDL,UNKNOWN,,0
2024,May,FL,PDL,,NEW,0
2024,May,FL,PDL,,NON_NEW,0
2024,May,FL,PDL,,,0
2024,May,IA,ILP,PHYSICAL,NON_NEW,0
2024,May,IA,PDL,DIGITAL,NEW,93
2024,May,IA,PDL,DIGITAL,NON_NEW,1853
2024,May,IA,PDL,DIGITAL,,0
2024,May,IA,PDL,PHYSICAL,NEW,448
2024,May,IA,PDL,PHYSICAL,NON_NEW,9900
2024,May,IA,PDL,PHYSICAL,,3
2024,May,IA,PDL,UNKNOWN,NEW,0
2024,May,IA,PDL,UNKNOWN,,0
2024,May,ID,ILP,DIGITAL,NEW,28
2024,May,ID,ILP,DIGITAL,NON_NEW,57
2024,May,ID,ILP,DIGITAL,,0
2024,May,ID,ILP,PHYSICAL,NEW,51
2024,May,ID,ILP,PHYSICAL,NON_NEW,90
2024,May,ID,ILP,PHYSICAL,,3
2024,May,ID,ILP,UNKNOWN,NEW,0
2024,May,ID,ILP,UNKNOWN,,0
2024,May,ID,PDL,PHYSICAL,NON_NEW,0
2024,May,IN,PDL,DIGITAL,NEW,177
2024,May,IN,PDL,DIGITAL,NON_NEW,2774
2024,May,IN,PDL,DIGITAL,,0
2024,May,IN,PDL,PHYSICAL,NEW,645
2024,May,IN,PDL,PHYSICAL,NON_NEW,16451
2024,May,IN,PDL,PHYSICAL,,7
2024,May,IN,PDL,UNKNOWN,NEW,1
2024,May,IN,PDL,UNKNOWN,,0
2024,May,KS,ILP,DIGITAL,NON_NEW,0
2024,May,KS,ILP,PHYSICAL,NON_NEW,0
2024,May,KS,PDL,DIGITAL,NEW,41
2024,May,KS,PDL,DIGITAL,NON_NEW,403
2024,May,KS,PDL,DIGITAL,,0
2024,May,KS,PDL,PHYSICAL,NEW,122
2024,May,KS,PDL,PHYSICAL,NON_NEW,1095
2024,May,KS,PDL,PHYSICAL,,2
2024,May,KS,PDL,UNKNOWN,NEW,0
2024,May,KS,PDL,UNKNOWN,,0
2024,May,KY,ILP,PHYSICAL,NON_NEW,0
2024,May,KY,PDL,DIGITAL,NEW,65
2024,May,KY,PDL,DIGITAL,NON_NEW,547
2024,May,KY,PDL,DIGITAL,,1
2024,May,KY,PDL,PHYSICAL,NEW,382
2024,May,KY,PDL,PHYSICAL,NON_NEW,9021
2024,May,KY,PDL,PHYSICAL,,6
2024,May,KY,PDL,UNKNOWN,NEW,0
2024,May,KY,PDL,UNKNOWN,,0
2024,May,LA,ILP,PHYSICAL,NON_NEW,0
2024,May,LA,PDL,DIGITAL,NEW,113
2024,May,LA,PDL,DIGITAL,NON_NEW,2696
2024,May,LA,PDL,DIGITAL,,1
2024,May,LA,PDL,PHYSICAL,NEW,616
2024,May,LA,PDL,PHYSICAL,NON_NEW,13435
2024,May,LA,PDL,PHYSICAL,,2
2024,May,LA,PDL,UNKNOWN,NEW,-1
2024,May,LA,PDL,UNKNOWN,,0
2024,May,MI,ILP,DIGITAL,NON_NEW,0
2024,May,MI,ILP,PHYSICAL,NON_NEW,0
2024,May,MI,PDL,DIGITAL,NEW,411
2024,May,MI,PDL,DIGITAL,NON_NEW,12476
2024,May,MI,PDL,DIGITAL,,2
2024,May,MI,PDL,PHYSICAL,NEW,2137
2024,May,MI,PDL,PHYSICAL,NON_NEW,48166
2024,May,MI,PDL,PHYSICAL,,18
2024,May,MI,PDL,UNKNOWN,NEW,-2
2024,May,MI,PDL,UNKNOWN,NON_NEW,0
2024,May,MI,PDL,UNKNOWN,,0
2024,May,MO,ILP,DIGITAL,NEW,325
2024,May,MO,ILP,DIGITAL,NON_NEW,462
2024,May,MO,ILP,DIGITAL,,1
2024,May,MO,ILP,PHYSICAL,NEW,745
2024,May,MO,ILP,PHYSICAL,NON_NEW,1656
2024,May,MO,ILP,PHYSICAL,,2
2024,May,MO,ILP,UNKNOWN,NEW,2
2024,May,MO,ILP,UNKNOWN,,0
2024,May,MO,PDL,DIGITAL,NEW,0
2024,May,MO,PDL,DIGITAL,NON_NEW,0
2024,May,MO,PDL,DIGITAL,,0
2024,May,MO,PDL,PHYSICAL,NEW,0
2024,May,MO,PDL,PHYSICAL,NON_NEW,0
2024,May,MO,PDL,PHYSICAL,,0
2024,May,MO,PDL,UNKNOWN,,0
2024,May,MS,ILP,DIGITAL,NEW,340
2024,May,MS,ILP,DIGITAL,NON_NEW,574
2024,May,MS,ILP,DIGITAL,,0
2024,May,MS,ILP,PHYSICAL,NEW,1006
2024,May,MS,ILP,PHYSICAL,NON_NEW,3566
2024,May,MS,ILP,PHYSICAL,,8
2024,May,MS,ILP,UNKNOWN,NEW,0
2024,May,MS,ILP,UNKNOWN,,0
2024,May,MS,PDL,DIGITAL,NEW,13
2024,May,MS,PDL,DIGITAL,NON_NEW,101
2024,May,MS,PDL,DIGITAL,,0
2024,May,MS,PDL,PHYSICAL,NEW,505
2024,May,MS,PDL,PHYSICAL,NON_NEW,1643
2024,May,MS,PDL,PHYSICAL,,21
2024,May,MS,PDL,UNKNOWN,NEW,0
2024,May,MS,PDL,UNKNOWN,NON_NEW,0
2024,May,MS,PDL,UNKNOWN,,0
2024,May,NC,PDL,PHYSICAL,,0
2024,May,NV,ILP,DIGITAL,NEW,131
2024,May,NV,ILP,DIGITAL,NON_NEW,160
2024,May,NV,ILP,DIGITAL,,0
2024,May,NV,ILP,PHYSICAL,NEW,314
2024,May,NV,ILP,PHYSICAL,NON_NEW,457
2024,May,NV,ILP,PHYSICAL,,5
2024,May,NV,ILP,UNKNOWN,NEW,-3
2024,May,NV,ILP,UNKNOWN,,0
2024,May,NV,PDL,DIGITAL,NEW,0
2024,May,NV,PDL,DIGITAL,NON_NEW,0
2024,May,NV,PDL,PHYSICAL,NEW,0
2024,May,NV,PDL,PHYSICAL,NON_NEW,0
2024,May,NV,PDL,PHYSICAL,,0
2024,May,NV,PDL,UNKNOWN,,0
2024,May,OH,ILP,DIGITAL,NEW,281
2024,May,OH,ILP,DIGITAL,NON_NEW,2037
2024,May,OH,ILP,DIGITAL,,1
2024,May,OH,ILP,PHYSICAL,NEW,664
2024,May,OH,ILP,PHYSICAL,NON_NEW,6039
2024,May,OH,ILP,PHYSICAL,,5
2024,May,OH,ILP,UNKNOWN,NEW,1
2024,May,OH,ILP,UNKNOWN,,0
2024,May,OH,ILP,,NEW,0
2024,May,OH,ILP,,,0
2024,May,OH,PDL,DIGITAL,NON_NEW,0
2024,May,OH,PDL,PHYSICAL,NON_NEW,0
2024,May,OK,ILP,DIGITAL,NEW,292
2024,May,OK,ILP,DIGITAL,NON_NEW,1036
2024,May,OK,ILP,DIGITAL,,0
2024,May,OK,ILP,PHYSICAL,NEW,686
2024,May,OK,ILP,PHYSICAL,NON_NEW,2471
2024,May,OK,ILP,PHYSICAL,,6
2024,May,OK,ILP,UNKNOWN,NEW,-1
2024,May,OK,ILP,UNKNOWN,,0
2024,May,OK,PDL,PHYSICAL,NON_NEW,0
2024,May,RI,PDL,DIGITAL,NEW,41
2024,May,RI,PDL,DIGITAL,NON_NEW,740
2024,May,RI,PDL,DIGITAL,,0
2024,May,RI,PDL,PHYSICAL,NEW,154
2024,May,RI,PDL,PHYSICAL,NON_NEW,7835
2024,May,RI,PDL,PHYSICAL,,1
2024,May,RI,PDL,UNKNOWN,NEW,0
2024,May,RI,PDL,UNKNOWN,,0
2024,May,SC,PDL,DIGITAL,NEW,0
2024,May,SC,PDL,DIGITAL,NON_NEW,0
2024,May,SC,PDL,PHYSICAL,NEW,0
2024,May,SC,PDL,PHYSICAL,NON_NEW,0
2024,May,SC,PDL,PHYSICAL,,0
2024,May,SC,PDL,UNKNOWN,,0
2024,May,SC,PDL,,NON_NEW,0
2024,May,TN,ILP,DIGITAL,NON_NEW,0
2024,May,TN,ILP,PHYSICAL,NON_NEW,0
2024,May,TN,PDL,DIGITAL,NEW,67
2024,May,TN,PDL,DIGITAL,NON_NEW,657
2024,May,TN,PDL,DIGITAL,,0
2024,May,TN,PDL,PHYSICAL,NEW,158
2024,May,TN,PDL,PHYSICAL,NON_NEW,1215
2024,May,TN,PDL,PHYSICAL,,1
2024,May,TN,PDL,UNKNOWN,NEW,0
2024,May,TN,PDL,UNKNOWN,,0
2024,May,TN,PDL,,NEW,0
2024,May,TN,PDL,,NON_NEW,0
2024,May,TN,PDL,,,0
2024,May,TX,ILP,DIGITAL,NEW,1123
2024,May,TX,ILP,DIGITAL,NON_NEW,3284
2024,May,TX,ILP,DIGITAL,,7
2024,May,TX,ILP,PHYSICAL,NEW,3096
2024,May,TX,ILP,PHYSICAL,NON_NEW,9682
2024,May,TX,ILP,PHYSICAL,,10
2024,May,TX,ILP,UNKNOWN,NEW,-9
2024,May,TX,ILP,UNKNOWN,,0
2024,May,TX,PDL,DIGITAL,NEW,328
2024,May,TX,PDL,DIGITAL,NON_NEW,1685
2024,May,TX,PDL,DIGITAL,,3
2024,May,TX,PDL,PHYSICAL,NEW,233
2024,May,TX,PDL,PHYSICAL,NON_NEW,1709
2024,May,TX,PDL,PHYSICAL,,3
2024,May,TX,PDL,UNKNOWN,NEW,-7
2024,May,TX,PDL,UNKNOWN,,0
2024,May,UT,ILP,DIGITAL,NEW,40
2024,May,UT,ILP,DIGITAL,NON_NEW,49
2024,May,UT,ILP,DIGITAL,,0
2024,May,UT,ILP,PHYSICAL,NEW,30
2024,May,UT,ILP,PHYSICAL,NON_NEW,60
2024,May,UT,ILP,PHYSICAL,,0
2024,May,UT,ILP,UNKNOWN,NEW,1
2024,May,UT,ILP,UNKNOWN,,0
2024,May,UT,PDL,DIGITAL,NON_NEW,0
2024,May,UT,PDL,PHYSICAL,NEW,0
2024,May,UT,PDL,PHYSICAL,NON_NEW,0
2024,May,WI,ILP,DIGITAL,NEW,237
2024,May,WI,ILP,DIGITAL,NON_NEW,338
2024,May,WI,ILP,DIGITAL,,0
2024,May,WI,ILP,PHYSICAL,NEW,357
2024,May,WI,ILP,PHYSICAL,NON_NEW,682
2024,May,WI,ILP,PHYSICAL,,2
2024,May,WI,ILP,UNKNOWN,NEW,4
2024,May,WI,ILP,UNKNOWN,,0
2024,May,WI,PDL,DIGITAL,NON_NEW,0
2024,May,WI,PDL,PHYSICAL,NEW,0
2024,May,WI,PDL,PHYSICAL,NON_NEW,0
2024,May,WY,ILP,PHYSICAL,NON_NEW,0
2024,May,WY,PDL,DIGITAL,NEW,27
2024,May,WY,PDL,DIGITAL,NON_NEW,598
2024,May,WY,PDL,DIGITAL,,0
2024,May,WY,PDL,PHYSICAL,NEW,121
2024,May,WY,PDL,PHYSICAL,NON_NEW,2994
2024,May,WY,PDL,PHYSICAL,,3
2024,May,WY,PDL,UNKNOWN,NEW,1
2024,May,WY,PDL,UNKNOWN,,0
2024,Nov,AL,ILP,DIGITAL,NEW,187
2024,Nov,AL,ILP,DIGITAL,NON_NEW,1053
2024,Nov,AL,ILP,DIGITAL,,0
2024,Nov,AL,ILP,PHYSICAL,NEW,861
2024,Nov,AL,ILP,PHYSICAL,NON_NEW,4591
2024,Nov,AL,ILP,PHYSICAL,,0
2024,Nov,AL,ILP,UNKNOWN,NEW,3
2024,Nov,AL,ILP,UNKNOWN,,0
2024,Nov,AL,PDL,DIGITAL,NEW,0
2024,Nov,AL,PDL,DIGITAL,NON_NEW,0
2024,Nov,AL,PDL,DIGITAL,,0
2024,Nov,AL,PDL,PHYSICAL,NEW,0
2024,Nov,AL,PDL,PHYSICAL,NON_NEW,0
2024,Nov,AL,PDL,PHYSICAL,,0
2024,Nov,AL,PDL,UNKNOWN,,0
2024,Nov,AL,PDL,,NEW,0
2024,Nov,AL,PDL,,NON_NEW,0
2024,Nov,CA,ILP,DIGITAL,NON_NEW,0
2024,Nov,CA,ILP,PHYSICAL,NON_NEW,0
2024,Nov,CA,PDL,DIGITAL,NEW,1194
2024,Nov,CA,PDL,DIGITAL,NON_NEW,18262
2024,Nov,CA,PDL,DIGITAL,,0
2024,Nov,CA,PDL,PHYSICAL,NEW,2356
2024,Nov,CA,PDL,PHYSICAL,NON_NEW,63385
2024,Nov,CA,PDL,PHYSICAL,,0
2024,Nov,CA,PDL,UNKNOWN,NEW,-1
2024,Nov,CA,PDL,UNKNOWN,,0
2024,Nov,CA,PDL,,NEW,0
2024,Nov,CA,PDL,,NON_NEW,0
2024,Nov,CA,PDL,,,0
2024,Nov,CO,ILP,DIGITAL,NEW,0
2024,Nov,CO,ILP,DIGITAL,NON_NEW,0
2024,Nov,CO,ILP,DIGITAL,,0
2024,Nov,CO,ILP,PHYSICAL,NEW,0
2024,Nov,CO,ILP,PHYSICAL,NON_NEW,0
2024,Nov,CO,ILP,PHYSICAL,,0
2024,Nov,CO,ILP,UNKNOWN,,0
2024,Nov,CO,ILP,,NEW,0
2024,Nov,CO,PDL,DIGITAL,NON_NEW,0
2024,Nov,CO,PDL,PHYSICAL,NON_NEW,0
2024,Nov,DE,ILP,DIGITAL,NEW,62
2024,Nov,DE,ILP,DIGITAL,NON_NEW,73
2024,Nov,DE,ILP,DIGITAL,,0
2024,Nov,DE,ILP,PHYSICAL,NEW,89
2024,Nov,DE,ILP,PHYSICAL,NON_NEW,230
2024,Nov,DE,ILP,PHYSICAL,,0
2024,Nov,DE,ILP,UNKNOWN,NEW,0
2024,Nov,DE,ILP,UNKNOWN,,0
2024,Nov,FL,ILP,DIGITAL,NEW,977
2024,Nov,FL,ILP,DIGITAL,NON_NEW,5628
2024,Nov,FL,ILP,DIGITAL,,0
2024,Nov,FL,ILP,PHYSICAL,NEW,2856
2024,Nov,FL,ILP,PHYSICAL,NON_NEW,23082
2024,Nov,FL,ILP,PHYSICAL,,0
2024,Nov,FL,ILP,UNKNOWN,NEW,1
2024,Nov,FL,ILP,UNKNOWN,,0
2024,Nov,FL,ILP,,NEW,0
2024,Nov,FL,ILP,,NON_NEW,0
2024,Nov,FL,ILP,,,0
2024,Nov,FL,PDL,DIGITAL,NEW,166
2024,Nov,FL,PDL,DIGITAL,NON_NEW,3119
2024,Nov,FL,PDL,DIGITAL,,0
2024,Nov,FL,PDL,PHYSICAL,NEW,216
2024,Nov,FL,PDL,PHYSICAL,NON_NEW,19783
2024,Nov,FL,PDL,PHYSICAL,,0
2024,Nov,FL,PDL,UNKNOWN,NEW,1
2024,Nov,FL,PDL,UNKNOWN,,0
2024,Nov,FL,PDL,,NEW,0
2024,Nov,FL,PDL,,NON_NEW,0
2024,Nov,FL,PDL,,,0
2024,Nov,IA,ILP,PHYSICAL,NON_NEW,0
2024,Nov,IA,PDL,DIGITAL,NEW,74
2024,Nov,IA,PDL,DIGITAL,NON_NEW,2076
2024,Nov,IA,PDL,DIGITAL,,0
2024,Nov,IA,PDL,PHYSICAL,NEW,365
2024,Nov,IA,PDL,PHYSICAL,NON_NEW,10150
2024,Nov,IA,PDL,PHYSICAL,,0
2024,Nov,IA,PDL,UNKNOWN,NEW,-1
2024,Nov,IA,PDL,UNKNOWN,,0
2024,Nov,ID,ILP,DIGITAL,NEW,25
2024,Nov,ID,ILP,DIGITAL,NON_NEW,59
2024,Nov,ID,ILP,DIGITAL,,0
2024,Nov,ID,ILP,PHYSICAL,NEW,47
2024,Nov,ID,ILP,PHYSICAL,NON_NEW,66
2024,Nov,ID,ILP,PHYSICAL,,0
2024,Nov,ID,ILP,UNKNOWN,NEW,0
2024,Nov,ID,ILP,UNKNOWN,,0
2024,Nov,ID,PDL,PHYSICAL,NON_NEW,0
2024,Nov,IN,PDL,DIGITAL,NEW,183
2024,Nov,IN,PDL,DIGITAL,NON_NEW,2694
2024,Nov,IN,PDL,DIGITAL,,0
2024,Nov,IN,PDL,PHYSICAL,NEW,593
2024,Nov,IN,PDL,PHYSICAL,NON_NEW,15250
2024,Nov,IN,PDL,PHYSICAL,,0
2024,Nov,IN,PDL,UNKNOWN,NEW,0
2024,Nov,IN,PDL,UNKNOWN,,0
2024,Nov,KS,ILP,DIGITAL,NON_NEW,0
2024,Nov,KS,ILP,PHYSICAL,NON_NEW,0
2024,Nov,KS,PDL,DIGITAL,NEW,1
2024,Nov,KS,PDL,DIGITAL,NON_NEW,61
2024,Nov,KS,PDL,DIGITAL,,0
2024,Nov,KS,PDL,PHYSICAL,NEW,1
2024,Nov,KS,PDL,PHYSICAL,NON_NEW,435
2024,Nov,KS,PDL,PHYSICAL,,0
2024,Nov,KS,PDL,UNKNOWN,NEW,0
2024,Nov,KS,PDL,UNKNOWN,,0
2024,Nov,KY,ILP,PHYSICAL,NON_NEW,0
2024,Nov,KY,PDL,DIGITAL,NEW,50
2024,Nov,KY,PDL,DIGITAL,NON_NEW,672
2024,Nov,KY,PDL,DIGITAL,,0
2024,Nov,KY,PDL,PHYSICAL,NEW,331
2024,Nov,KY,PDL,PHYSICAL,NON_NEW,8775
2024,Nov,KY,PDL,PHYSICAL,,0
2024,Nov,KY,PDL,UNKNOWN,NEW,0
2024,Nov,KY,PDL,UNKNOWN,NON_NEW,0
2024,Nov,KY,PDL,UNKNOWN,,0
2024,Nov,LA,ILP,PHYSICAL,NON_NEW,0
2024,Nov,LA,PDL,DIGITAL,NEW,125
2024,Nov,LA,PDL,DIGITAL,NON_NEW,2456
2024,Nov,LA,PDL,DIGITAL,,0
2024,Nov,LA,PDL,PHYSICAL,NEW,721
2024,Nov,LA,PDL,PHYSICAL,NON_NEW,13030
2024,Nov,LA,PDL,PHYSICAL,,0
2024,Nov,LA,PDL,UNKNOWN,NEW,0
2024,Nov,LA,PDL,UNKNOWN,,0
2024,Nov,MI,ILP,DIGITAL,NON_NEW,0
2024,Nov,MI,ILP,PHYSICAL,NON_NEW,0
2024,Nov,MI,PDL,DIGITAL,NEW,447
2024,Nov,MI,PDL,DIGITAL,NON_NEW,12824
2024,Nov,MI,PDL,DIGITAL,,0
2024,Nov,MI,PDL,PHYSICAL,NEW,1713
2024,Nov,MI,PDL,PHYSICAL,NON_NEW,49598
2024,Nov,MI,PDL,PHYSICAL,,0
2024,Nov,MI,PDL,UNKNOWN,NEW,-1
2024,Nov,MI,PDL,UNKNOWN,NON_NEW,0
2024,Nov,MI,PDL,UNKNOWN,,0
2024,Nov,MO,ILP,DIGITAL,NEW,494
2024,Nov,MO,ILP,DIGITAL,NON_NEW,476
2024,Nov,MO,ILP,DIGITAL,,0
2024,Nov,MO,ILP,PHYSICAL,NEW,532
2024,Nov,MO,ILP,PHYSICAL,NON_NEW,1341
2024,Nov,MO,ILP,PHYSICAL,,0
2024,Nov,MO,ILP,UNKNOWN,NEW,-3
2024,Nov,MO,ILP,UNKNOWN,,0
2024,Nov,MO,PDL,DIGITAL,NEW,0
2024,Nov,MO,PDL,DIGITAL,NON_NEW,0
2024,Nov,MO,PDL,DIGITAL,,0
2024,Nov,MO,PDL,PHYSICAL,NEW,0
2024,Nov,MO,PDL,PHYSICAL,NON_NEW,0
2024,Nov,MO,PDL,PHYSICAL,,0
2024,Nov,MO,PDL,UNKNOWN,,0
2024,Nov,MS,ILP,DIGITAL,NEW,348
2024,Nov,MS,ILP,DIGITAL,NON_NEW,606
2024,Nov,MS,ILP,DIGITAL,,0
2024,Nov,MS,ILP,PHYSICAL,NEW,1095
2024,Nov,MS,ILP,PHYSICAL,NON_NEW,3067
2024,Nov,MS,ILP,PHYSICAL,,0
2024,Nov,MS,ILP,UNKNOWN,NEW,1
2024,Nov,MS,ILP,UNKNOWN,,0
2024,Nov,MS,PDL,DIGITAL,NEW,33
2024,Nov,MS,PDL,DIGITAL,NON_NEW,105
2024,Nov,MS,PDL,DIGITAL,,0
2024,Nov,MS,PDL,PHYSICAL,NEW,193
2024,Nov,MS,PDL,PHYSICAL,NON_NEW,781
2024,Nov,MS,PDL,PHYSICAL,,0
2024,Nov,MS,PDL,UNKNOWN,NEW,0
2024,Nov,MS,PDL,UNKNOWN,NON_NEW,0
2024,Nov,MS,PDL,UNKNOWN,,0
2024,Nov,NC,PDL,PHYSICAL,,0
2024,Nov,NV,ILP,DIGITAL,NEW,108
2024,Nov,NV,ILP,DIGITAL,NON_NEW,173
2024,Nov,NV,ILP,DIGITAL,,0
2024,Nov,NV,ILP,PHYSICAL,NEW,253
2024,Nov,NV,ILP,PHYSICAL,NON_NEW,556
2024,Nov,NV,ILP,PHYSICAL,,0
2024,Nov,NV,ILP,UNKNOWN,NEW,-2
2024,Nov,NV,ILP,UNKNOWN,,0
2024,Nov,NV,PDL,DIGITAL,NEW,0
2024,Nov,NV,PDL,DIGITAL,NON_NEW,0
2024,Nov,NV,PDL,PHYSICAL,NEW,0
2024,Nov,NV,PDL,PHYSICAL,NON_NEW,0
2024,Nov,NV,PDL,PHYSICAL,,0
2024,Nov,NV,PDL,UNKNOWN,,0
2024,Nov,OH,ILP,DIGITAL,NEW,272
2024,Nov,OH,ILP,DIGITAL,NON_NEW,1784
2024,Nov,OH,ILP,DIGITAL,,0
2024,Nov,OH,ILP,PHYSICAL,NEW,655
2024,Nov,OH,ILP,PHYSICAL,NON_NEW,5533
2024,Nov,OH,ILP,PHYSICAL,,0
2024,Nov,OH,ILP,UNKNOWN,NEW,0
2024,Nov,OH,ILP,UNKNOWN,,0
2024,Nov,OH,ILP,,NEW,0
2024,Nov,OH,ILP,,,0
2024,Nov,OH,PDL,DIGITAL,NON_NEW,0
2024,Nov,OH,PDL,PHYSICAL,NON_NEW,0
2024,Nov,OK,ILP,DIGITAL,NEW,191
2024,Nov,OK,ILP,DIGITAL,NON_NEW,956
2024,Nov,OK,ILP,DIGITAL,,0
2024,Nov,OK,ILP,PHYSICAL,NEW,509
2024,Nov,OK,ILP,PHYSICAL,NON_NEW,2268
2024,Nov,OK,ILP,PHYSICAL,,0
2024,Nov,OK,ILP,UNKNOWN,NEW,0
2024,Nov,OK,ILP,UNKNOWN,,0
2024,Nov,OK,PDL,PHYSICAL,NON_NEW,0
2024,Nov,RI,PDL,DIGITAL,NEW,34
2024,Nov,RI,PDL,DIGITAL,NON_NEW,863
2024,Nov,RI,PDL,DIGITAL,,0
2024,Nov,RI,PDL,PHYSICAL,NEW,137
2024,Nov,RI,PDL,PHYSICAL,NON_NEW,7497
2024,Nov,RI,PDL,PHYSICAL,,0
2024,Nov,RI,PDL,UNKNOWN,NEW,0
2024,Nov,RI,PDL,UNKNOWN,,0
2024,Nov,SC,PDL,DIGITAL,NEW,0
2024,Nov,SC,PDL,DIGITAL,NON_NEW,0
2024,Nov,SC,PDL,PHYSICAL,NEW,0
2024,Nov,SC,PDL,PHYSICAL,NON_NEW,0
2024,Nov,SC,PDL,PHYSICAL,,0
2024,Nov,SC,PDL,UNKNOWN,,0
2024,Nov,SC,PDL,,NON_NEW,0
2024,Nov,TN,ILP,DIGITAL,NON_NEW,0
2024,Nov,TN,ILP,PHYSICAL,NON_NEW,0
2024,Nov,TN,PDL,DIGITAL,NEW,58
2024,Nov,TN,PDL,DIGITAL,NON_NEW,177
2024,Nov,TN,PDL,DIGITAL,,0
2024,Nov,TN,PDL,PHYSICAL,NEW,135
2024,Nov,TN,PDL,PHYSICAL,NON_NEW,630
2024,Nov,TN,PDL,PHYSICAL,,0
2024,Nov,TN,PDL,UNKNOWN,NEW,1
2024,Nov,TN,PDL,UNKNOWN,,0
2024,Nov,TN,PDL,,NEW,0
2024,Nov,TN,PDL,,NON_NEW,0
2024,Nov,TN,PDL,,,0
2024,Nov,TX,ILP,DIGITAL,NEW,984
2024,Nov,TX,ILP,DIGITAL,NON_NEW,3223
2024,Nov,TX,ILP,DIGITAL,,0
2024,Nov,TX,ILP,PHYSICAL,NEW,3135
2024,Nov,TX,ILP,PHYSICAL,NON_NEW,10107
2024,Nov,TX,ILP,PHYSICAL,,0
2024,Nov,TX,ILP,UNKNOWN,NEW,1
2024,Nov,TX,ILP,UNKNOWN,,0
2024,Nov,TX,PDL,DIGITAL,NEW,282
2024,Nov,TX,PDL,DIGITAL,NON_NEW,1524
2024,Nov,TX,PDL,DIGITAL,,0
2024,Nov,TX,PDL,PHYSICAL,NEW,253
2024,Nov,TX,PDL,PHYSICAL,NON_NEW,1126
2024,Nov,TX,PDL,PHYSICAL,,-1
2024,Nov,TX,PDL,UNKNOWN,NEW,0
2024,Nov,TX,PDL,UNKNOWN,,0
2024,Nov,UT,ILP,DIGITAL,NEW,19
2024,Nov,UT,ILP,DIGITAL,NON_NEW,36
2024,Nov,UT,ILP,DIGITAL,,0
2024,Nov,UT,ILP,PHYSICAL,NEW,0
2024,Nov,UT,ILP,PHYSICAL,NON_NEW,30
2024,Nov,UT,ILP,PHYSICAL,,0
2024,Nov,UT,ILP,UNKNOWN,NEW,0
2024,Nov,UT,ILP,UNKNOWN,,0
2024,Nov,UT,PDL,DIGITAL,NON_NEW,0
2024,Nov,UT,PDL,PHYSICAL,NEW,0
2024,Nov,UT,PDL,PHYSICAL,NON_NEW,0
2024,Nov,WI,ILP,DIGITAL,NEW,311
2024,Nov,WI,ILP,DIGITAL,NON_NEW,328
2024,Nov,WI,ILP,DIGITAL,,0
2024,Nov,WI,ILP,PHYSICAL,NEW,260
2024,Nov,WI,ILP,PHYSICAL,NON_NEW,629
2024,Nov,WI,ILP,PHYSICAL,,0
2024,Nov,WI,ILP,UNKNOWN,NEW,0
2024,Nov,WI,ILP,UNKNOWN,,0
2024,Nov,WI,PDL,DIGITAL,NON_NEW,0
2024,Nov,WI,PDL,PHYSICAL,NEW,0
2024,Nov,WI,PDL,PHYSICAL,NON_NEW,0
2024,Nov,WY,ILP,PHYSICAL,NON_NEW,0
2024,Nov,WY,PDL,DIGITAL,NEW,34
2024,Nov,WY,PDL,DIGITAL,NON_NEW,589
2024,Nov,WY,PDL,DIGITAL,,0
2024,Nov,WY,PDL,PHYSICAL,NEW,81
2024,Nov,WY,PDL,PHYSICAL,NON_NEW,2885
2024,Nov,WY,PDL,PHYSICAL,,0
2024,Nov,WY,PDL,UNKNOWN,NEW,0
2024,Nov,WY,PDL,UNKNOWN,,0
2024,Oct,AL,ILP,DIGITAL,NEW,226
2024,Oct,AL,ILP,DIGITAL,NON_NEW,1080
2024,Oct,AL,ILP,DIGITAL,,0
2024,Oct,AL,ILP,PHYSICAL,NEW,1079
2024,Oct,AL,ILP,PHYSICAL,NON_NEW,4981
2024,Oct,AL,ILP,PHYSICAL,,0
2024,Oct,AL,ILP,UNKNOWN,NEW,-1
2024,Oct,AL,ILP,UNKNOWN,,0
2024,Oct,AL,PDL,DIGITAL,NEW,0
2024,Oct,AL,PDL,DIGITAL,NON_NEW,0
2024,Oct,AL,PDL,DIGITAL,,0
2024,Oct,AL,PDL,PHYSICAL,NEW,0
2024,Oct,AL,PDL,PHYSICAL,NON_NEW,0
2024,Oct,AL,PDL,PHYSICAL,,0
2024,Oct,AL,PDL,UNKNOWN,,0
2024,Oct,AL,PDL,,NEW,0
2024,Oct,AL,PDL,,NON_NEW,0
2024,Oct,CA,ILP,DIGITAL,NON_NEW,0
2024,Oct,CA,ILP,PHYSICAL,NON_NEW,0
2024,Oct,CA,PDL,DIGITAL,NEW,1275
2024,Oct,CA,PDL,DIGITAL,NON_NEW,18311
2024,Oct,CA,PDL,DIGITAL,,0
2024,Oct,CA,PDL,PHYSICAL,NEW,2659
2024,Oct,CA,PDL,PHYSICAL,NON_NEW,62675
2024,Oct,CA,PDL,PHYSICAL,,0
2024,Oct,CA,PDL,UNKNOWN,NEW,3
2024,Oct,CA,PDL,UNKNOWN,,0
2024,Oct,CA,PDL,,NEW,0
2024,Oct,CA,PDL,,NON_NEW,0
2024,Oct,CA,PDL,,,0
2024,Oct,CO,ILP,DIGITAL,NEW,0
2024,Oct,CO,ILP,DIGITAL,NON_NEW,0
2024,Oct,CO,ILP,DIGITAL,,0
2024,Oct,CO,ILP,PHYSICAL,NEW,0
2024,Oct,CO,ILP,PHYSICAL,NON_NEW,0
2024,Oct,CO,ILP,PHYSICAL,,0
2024,Oct,CO,ILP,UNKNOWN,,0
2024,Oct,CO,ILP,,NEW,0
2024,Oct,CO,PDL,DIGITAL,NON_NEW,0
2024,Oct,CO,PDL,PHYSICAL,NON_NEW,0
2024,Oct,DE,ILP,DIGITAL,NEW,49
2024,Oct,DE,ILP,DIGITAL,NON_NEW,82
2024,Oct,DE,ILP,DIGITAL,,0
2024,Oct,DE,ILP,PHYSICAL,NEW,130
2024,Oct,DE,ILP,PHYSICAL,NON_NEW,228
2024,Oct,DE,ILP,PHYSICAL,,0
2024,Oct,DE,ILP,UNKNOWN,NEW,0
2024,Oct,DE,ILP,UNKNOWN,,0
2024,Oct,FL,ILP,DIGITAL,NEW,1025
2024,Oct,FL,ILP,DIGITAL,NON_NEW,5559
2024,Oct,FL,ILP,DIGITAL,,0
2024,Oct,FL,ILP,PHYSICAL,NEW,2865
2024,Oct,FL,ILP,PHYSICAL,NON_NEW,22195
2024,Oct,FL,ILP,PHYSICAL,,0
2024,Oct,FL,ILP,UNKNOWN,NEW,-5
2024,Oct,FL,ILP,UNKNOWN,,0
2024,Oct,FL,ILP,,NEW,0
2024,Oct,FL,ILP,,NON_NEW,0
2024,Oct,FL,ILP,,,0
2024,Oct,FL,PDL,DIGITAL,NEW,189
2024,Oct,FL,PDL,DIGITAL,NON_NEW,3060
2024,Oct,FL,PDL,DIGITAL,,0
2024,Oct,FL,PDL,PHYSICAL,NEW,250
2024,Oct,FL,PDL,PHYSICAL,NON_NEW,19598
2024,Oct,FL,PDL,PHYSICAL,,0
2024,Oct,FL,PDL,UNKNOWN,NEW,0
2024,Oct,FL,PDL,UNKNOWN,,0
2024,Oct,FL,PDL,,NEW,0
2024,Oct,FL,PDL,,NON_NEW,0
2024,Oct,FL,PDL,,,0
2024,Oct,IA,ILP,PHYSICAL,NON_NEW,0
2024,Oct,IA,PDL,DIGITAL,NEW,107
2024,Oct,IA,PDL,DIGITAL,NON_NEW,1933
2024,Oct,IA,PDL,DIGITAL,,0
2024,Oct,IA,PDL,PHYSICAL,NEW,381
2024,Oct,IA,PDL,PHYSICAL,NON_NEW,9959
2024,Oct,IA,PDL,PHYSICAL,,0
2024,Oct,IA,PDL,UNKNOWN,NEW,1
2024,Oct,IA,PDL,UNKNOWN,,0
2024,Oct,ID,ILP,DIGITAL,NEW,28
2024,Oct,ID,ILP,DIGITAL,NON_NEW,45
2024,Oct,ID,ILP,DIGITAL,,0
2024,Oct,ID,ILP,PHYSICAL,NEW,39
2024,Oct,ID,ILP,PHYSICAL,NON_NEW,81
2024,Oct,ID,ILP,PHYSICAL,,0
2024,Oct,ID,ILP,UNKNOWN,NEW,0
2024,Oct,ID,ILP,UNKNOWN,,0
2024,Oct,ID,PDL,PHYSICAL,NON_NEW,0
2024,Oct,IN,PDL,DIGITAL,NEW,247
2024,Oct,IN,PDL,DIGITAL,NON_NEW,2740
2024,Oct,IN,PDL,DIGITAL,,0
2024,Oct,IN,PDL,PHYSICAL,NEW,620
2024,Oct,IN,PDL,PHYSICAL,NON_NEW,15100
2024,Oct,IN,PDL,PHYSICAL,,0
2024,Oct,IN,PDL,UNKNOWN,NEW,0
2024,Oct,IN,PDL,UNKNOWN,,0
2024,Oct,KS,ILP,DIGITAL,NON_NEW,0
2024,Oct,KS,ILP,PHYSICAL,NON_NEW,0
2024,Oct,KS,PDL,DIGITAL,NEW,31
2024,Oct,KS,PDL,DIGITAL,NON_NEW,84
2024,Oct,KS,PDL,DIGITAL,,0
2024,Oct,KS,PDL,PHYSICAL,NEW,99
2024,Oct,KS,PDL,PHYSICAL,NON_NEW,495
2024,Oct,KS,PDL,PHYSICAL,,0
2024,Oct,KS,PDL,UNKNOWN,NEW,0
2024,Oct,KS,PDL,UNKNOWN,,0
2024,Oct,KY,ILP,PHYSICAL,NON_NEW,0
2024,Oct,KY,PDL,DIGITAL,NEW,53
2024,Oct,KY,PDL,DIGITAL,NON_NEW,667
2024,Oct,KY,PDL,DIGITAL,,0
2024,Oct,KY,PDL,PHYSICAL,NEW,379
2024,Oct,KY,PDL,PHYSICAL,NON_NEW,8671
2024,Oct,KY,PDL,PHYSICAL,,0
2024,Oct,KY,PDL,UNKNOWN,NEW,0
2024,Oct,KY,PDL,UNKNOWN,NON_NEW,0
2024,Oct,KY,PDL,UNKNOWN,,0
2024,Oct,LA,ILP,PHYSICAL,NON_NEW,0
2024,Oct,LA,PDL,DIGITAL,NEW,100
2024,Oct,LA,PDL,DIGITAL,NON_NEW,2422
2024,Oct,LA,PDL,DIGITAL,,0
2024,Oct,LA,PDL,PHYSICAL,NEW,677
2024,Oct,LA,PDL,PHYSICAL,NON_NEW,12916
2024,Oct,LA,PDL,PHYSICAL,,0
2024,Oct,LA,PDL,UNKNOWN,NEW,0
2024,Oct,LA,PDL,UNKNOWN,,0
2024,Oct,MI,ILP,DIGITAL,NON_NEW,0
2024,Oct,MI,ILP,PHYSICAL,NON_NEW,0
2024,Oct,MI,PDL,DIGITAL,NEW,526
2024,Oct,MI,PDL,DIGITAL,NON_NEW,12725
2024,Oct,MI,PDL,DIGITAL,,0
2024,Oct,MI,PDL,PHYSICAL,NEW,1738
2024,Oct,MI,PDL,PHYSICAL,NON_NEW,47667
2024,Oct,MI,PDL,PHYSICAL,,0
2024,Oct,MI,PDL,UNKNOWN,NEW,0
2024,Oct,MI,PDL,UNKNOWN,NON_NEW,0
2024,Oct,MI,PDL,UNKNOWN,,0
2024,Oct,MO,ILP,DIGITAL,NEW,470
2024,Oct,MO,ILP,DIGITAL,NON_NEW,479
2024,Oct,MO,ILP,DIGITAL,,0
2024,Oct,MO,ILP,PHYSICAL,NEW,583
2024,Oct,MO,ILP,PHYSICAL,NON_NEW,1415
2024,Oct,MO,ILP,PHYSICAL,,0
2024,Oct,MO,ILP,UNKNOWN,NEW,-1
2024,Oct,MO,ILP,UNKNOWN,,0
2024,Oct,MO,PDL,DIGITAL,NEW,0
2024,Oct,MO,PDL,DIGITAL,NON_NEW,0
2024,Oct,MO,PDL,DIGITAL,,0
2024,Oct,MO,PDL,PHYSICAL,NEW,0
2024,Oct,MO,PDL,PHYSICAL,NON_NEW,0
2024,Oct,MO,PDL,PHYSICAL,,0
2024,Oct,MO,PDL,UNKNOWN,,0
2024,Oct,MS,ILP,DIGITAL,NEW,344
2024,Oct,MS,ILP,DIGITAL,NON_NEW,664
2024,Oct,MS,ILP,DIGITAL,,0
2024,Oct,MS,ILP,PHYSICAL,NEW,1062
2024,Oct,MS,ILP,PHYSICAL,NON_NEW,3271
2024,Oct,MS,ILP,PHYSICAL,,0
2024,Oct,MS,ILP,UNKNOWN,NEW,0
2024,Oct,MS,ILP,UNKNOWN,,0
2024,Oct,MS,PDL,DIGITAL,NEW,26
2024,Oct,MS,PDL,DIGITAL,NON_NEW,123
2024,Oct,MS,PDL,DIGITAL,,0
2024,Oct,MS,PDL,PHYSICAL,NEW,177
2024,Oct,MS,PDL,PHYSICAL,NON_NEW,818
2024,Oct,MS,PDL,PHYSICAL,,0
2024,Oct,MS,PDL,UNKNOWN,NEW,0
2024,Oct,MS,PDL,UNKNOWN,NON_NEW,0
2024,Oct,MS,PDL,UNKNOWN,,0
2024,Oct,NC,PDL,PHYSICAL,,0
2024,Oct,NV,ILP,DIGITAL,NEW,105
2024,Oct,NV,ILP,DIGITAL,NON_NEW,196
2024,Oct,NV,ILP,DIGITAL,,0
2024,Oct,NV,ILP,PHYSICAL,NEW,281
2024,Oct,NV,ILP,PHYSICAL,NON_NEW,565
2024,Oct,NV,ILP,PHYSICAL,,0
2024,Oct,NV,ILP,UNKNOWN,NEW,0
2024,Oct,NV,ILP,UNKNOWN,,0
2024,Oct,NV,PDL,DIGITAL,NEW,0
2024,Oct,NV,PDL,DIGITAL,NON_NEW,0
2024,Oct,NV,PDL,PHYSICAL,NEW,0
2024,Oct,NV,PDL,PHYSICAL,NON_NEW,0
2024,Oct,NV,PDL,PHYSICAL,,0
2024,Oct,NV,PDL,UNKNOWN,,0
2024,Oct,OH,ILP,DIGITAL,NEW,264
2024,Oct,OH,ILP,DIGITAL,NON_NEW,1820
2024,Oct,OH,ILP,DIGITAL,,0
2024,Oct,OH,ILP,PHYSICAL,NEW,763
2024,Oct,OH,ILP,PHYSICAL,NON_NEW,5423
2024,Oct,OH,ILP,PHYSICAL,,0
2024,Oct,OH,ILP,UNKNOWN,NEW,0
2024,Oct,OH,ILP,UNKNOWN,,0
2024,Oct,OH,ILP,,NEW,0
2024,Oct,OH,ILP,,,0
2024,Oct,OH,PDL,DIGITAL,NON_NEW,0
2024,Oct,OH,PDL,PHYSICAL,NON_NEW,0
2024,Oct,OK,ILP,DIGITAL,NEW,226
2024,Oct,OK,ILP,DIGITAL,NON_NEW,1101
2024,Oct,OK,ILP,DIGITAL,,0
2024,Oct,OK,ILP,PHYSICAL,NEW,599
2024,Oct,OK,ILP,PHYSICAL,NON_NEW,2363
2024,Oct,OK,ILP,PHYSICAL,,0
2024,Oct,OK,ILP,UNKNOWN,NEW,0
2024,Oct,OK,ILP,UNKNOWN,,0
2024,Oct,OK,PDL,PHYSICAL,NON_NEW,0
2024,Oct,RI,PDL,DIGITAL,NEW,49
2024,Oct,RI,PDL,DIGITAL,NON_NEW,828
2024,Oct,RI,PDL,DIGITAL,,0
2024,Oct,RI,PDL,PHYSICAL,NEW,162
2024,Oct,RI,PDL,PHYSICAL,NON_NEW,7599
2024,Oct,RI,PDL,PHYSICAL,,0
2024,Oct,RI,PDL,UNKNOWN,NEW,0
2024,Oct,RI,PDL,UNKNOWN,,0
2024,Oct,SC,PDL,DIGITAL,NEW,0
2024,Oct,SC,PDL,DIGITAL,NON_NEW,0
2024,Oct,SC,PDL,PHYSICAL,NEW,0
2024,Oct,SC,PDL,PHYSICAL,NON_NEW,0
2024,Oct,SC,PDL,PHYSICAL,,0
2024,Oct,SC,PDL,UNKNOWN,,0
2024,Oct,SC,PDL,,NON_NEW,0
2024,Oct,TN,ILP,DIGITAL,NON_NEW,0
2024,Oct,TN,ILP,PHYSICAL,NON_NEW,0
2024,Oct,TN,PDL,DIGITAL,NEW,54
2024,Oct,TN,PDL,DIGITAL,NON_NEW,167
2024,Oct,TN,PDL,DIGITAL,,0
2024,Oct,TN,PDL,PHYSICAL,NEW,116
2024,Oct,TN,PDL,PHYSICAL,NON_NEW,628
2024,Oct,TN,PDL,PHYSICAL,,0
2024,Oct,TN,PDL,UNKNOWN,NEW,0
2024,Oct,TN,PDL,UNKNOWN,,0
2024,Oct,TN,PDL,,NEW,0
2024,Oct,TN,PDL,,NON_NEW,0
2024,Oct,TN,PDL,,,0
2024,Oct,TX,ILP,DIGITAL,NEW,1137
2024,Oct,TX,ILP,DIGITAL,NON_NEW,3399
2024,Oct,TX,ILP,DIGITAL,,0
2024,Oct,TX,ILP,PHYSICAL,NEW,3129
2024,Oct,TX,ILP,PHYSICAL,NON_NEW,10591
2024,Oct,TX,ILP,PHYSICAL,,0
2024,Oct,TX,ILP,UNKNOWN,NEW,-1
2024,Oct,TX,ILP,UNKNOWN,,0
2024,Oct,TX,PDL,DIGITAL,NEW,270
2024,Oct,TX,PDL,DIGITAL,NON_NEW,1523
2024,Oct,TX,PDL,DIGITAL,,0
2024,Oct,TX,PDL,PHYSICAL,NEW,261
2024,Oct,TX,PDL,PHYSICAL,NON_NEW,1159
2024,Oct,TX,PDL,PHYSICAL,,-1
2024,Oct,TX,PDL,UNKNOWN,NEW,-3
2024,Oct,TX,PDL,UNKNOWN,,0
2024,Oct,UT,ILP,DIGITAL,NEW,36
2024,Oct,UT,ILP,DIGITAL,NON_NEW,59
2024,Oct,UT,ILP,DIGITAL,,0
2024,Oct,UT,ILP,PHYSICAL,NEW,0
2024,Oct,UT,ILP,PHYSICAL,NON_NEW,31
2024,Oct,UT,ILP,PHYSICAL,,0
2024,Oct,UT,ILP,UNKNOWN,NEW,0
2024,Oct,UT,ILP,UNKNOWN,,0
2024,Oct,UT,PDL,DIGITAL,NON_NEW,0
2024,Oct,UT,PDL,PHYSICAL,NEW,0
2024,Oct,UT,PDL,PHYSICAL,NON_NEW,0
2024,Oct,WI,ILP,DIGITAL,NEW,311
2024,Oct,WI,ILP,DIGITAL,NON_NEW,317
2024,Oct,WI,ILP,DIGITAL,,0
2024,Oct,WI,ILP,PHYSICAL,NEW,307
2024,Oct,WI,ILP,PHYSICAL,NON_NEW,636
2024,Oct,WI,ILP,PHYSICAL,,0
2024,Oct,WI,ILP,UNKNOWN,NEW,-2
2024,Oct,WI,ILP,UNKNOWN,,0
2024,Oct,WI,PDL,DIGITAL,NON_NEW,0
2024,Oct,WI,PDL,PHYSICAL,NEW,0
2024,Oct,WI,PDL,PHYSICAL,NON_NEW,0
2024,Oct,WY,ILP,PHYSICAL,NON_NEW,0
2024,Oct,WY,PDL,DIGITAL,NEW,22
2024,Oct,WY,PDL,DIGITAL,NON_NEW,611
2024,Oct,WY,PDL,DIGITAL,,0
2024,Oct,WY,PDL,PHYSICAL,NEW,109
2024,Oct,WY,PDL,PHYSICAL,NON_NEW,2957
2024,Oct,WY,PDL,PHYSICAL,,0
2024,Oct,WY,PDL,UNKNOWN,NEW,0
2024,Oct,WY,PDL,UNKNOWN,,0
2024,Sep,AL,ILP,DIGITAL,NEW,171
2024,Sep,AL,ILP,DIGITAL,NON_NEW,893
2024,Sep,AL,ILP,DIGITAL,,0
2024,Sep,AL,ILP,PHYSICAL,NEW,929
2024,Sep,AL,ILP,PHYSICAL,NON_NEW,4226
2024,Sep,AL,ILP,PHYSICAL,,0
2024,Sep,AL,ILP,UNKNOWN,NEW,1
2024,Sep,AL,ILP,UNKNOWN,,0
2024,Sep,AL,PDL,DIGITAL,NEW,0
2024,Sep,AL,PDL,DIGITAL,NON_NEW,0
2024,Sep,AL,PDL,DIGITAL,,0
2024,Sep,AL,PDL,PHYSICAL,NEW,0
2024,Sep,AL,PDL,PHYSICAL,NON_NEW,0
2024,Sep,AL,PDL,PHYSICAL,,0
2024,Sep,AL,PDL,UNKNOWN,,0
2024,Sep,AL,PDL,,NEW,0
2024,Sep,AL,PDL,,NON_NEW,0
2024,Sep,CA,ILP,DIGITAL,NON_NEW,0
2024,Sep,CA,ILP,PHYSICAL,NON_NEW,0
2024,Sep,CA,PDL,DIGITAL,NEW,847
2024,Sep,CA,PDL,DIGITAL,NON_NEW,17089
2024,Sep,CA,PDL,DIGITAL,,0
2024,Sep,CA,PDL,PHYSICAL,NEW,2337
2024,Sep,CA,PDL,PHYSICAL,NON_NEW,55773
2024,Sep,CA,PDL,PHYSICAL,,0
2024,Sep,CA,PDL,UNKNOWN,NEW,-2
2024,Sep,CA,PDL,UNKNOWN,,0
2024,Sep,CA,PDL,,NEW,0
2024,Sep,CA,PDL,,NON_NEW,0
2024,Sep,CA,PDL,,,0
2024,Sep,CO,ILP,DIGITAL,NEW,0
2024,Sep,CO,ILP,DIGITAL,NON_NEW,0
2024,Sep,CO,ILP,DIGITAL,,0
2024,Sep,CO,ILP,PHYSICAL,NEW,0
2024,Sep,CO,ILP,PHYSICAL,NON_NEW,0
2024,Sep,CO,ILP,PHYSICAL,,0
2024,Sep,CO,ILP,UNKNOWN,,0
2024,Sep,CO,ILP,,NEW,0
2024,Sep,CO,PDL,DIGITAL,NON_NEW,0
2024,Sep,CO,PDL,PHYSICAL,NON_NEW,0
2024,Sep,DE,ILP,DIGITAL,NEW,49
2024,Sep,DE,ILP,DIGITAL,NON_NEW,67
2024,Sep,DE,ILP,DIGITAL,,0
2024,Sep,DE,ILP,PHYSICAL,NEW,130
2024,Sep,DE,ILP,PHYSICAL,NON_NEW,225
2024,Sep,DE,ILP,PHYSICAL,,0
2024,Sep,DE,ILP,UNKNOWN,NEW,0
2024,Sep,DE,ILP,UNKNOWN,,0
2024,Sep,FL,ILP,DIGITAL,NEW,934
2024,Sep,FL,ILP,DIGITAL,NON_NEW,5137
2024,Sep,FL,ILP,DIGITAL,,0
2024,Sep,FL,ILP,PHYSICAL,NEW,3112
2024,Sep,FL,ILP,PHYSICAL,NON_NEW,20972
2024,Sep,FL,ILP,PHYSICAL,,0
2024,Sep,FL,ILP,UNKNOWN,NEW,3
2024,Sep,FL,ILP,UNKNOWN,,0
2024,Sep,FL,ILP,,NEW,0
2024,Sep,FL,ILP,,NON_NEW,0
2024,Sep,FL,ILP,,,0
2024,Sep,FL,PDL,DIGITAL,NEW,86
2024,Sep,FL,PDL,DIGITAL,NON_NEW,3063
2024,Sep,FL,PDL,DIGITAL,,0
2024,Sep,FL,PDL,PHYSICAL,NEW,278
2024,Sep,FL,PDL,PHYSICAL,NON_NEW,17926
2024,Sep,FL,PDL,PHYSICAL,,0
2024,Sep,FL,PDL,UNKNOWN,NEW,0
2024,Sep,FL,PDL,UNKNOWN,,0
2024,Sep,FL,PDL,,NEW,0
2024,Sep,FL,PDL,,NON_NEW,0
2024,Sep,FL,PDL,,,0
2024,Sep,IA,ILP,PHYSICAL,NON_NEW,0
2024,Sep,IA,PDL,DIGITAL,NEW,65
2024,Sep,IA,PDL,DIGITAL,NON_NEW,1822
2024,Sep,IA,PDL,DIGITAL,,0
2024,Sep,IA,PDL,PHYSICAL,NEW,384
2024,Sep,IA,PDL,PHYSICAL,NON_NEW,9460
2024,Sep,IA,PDL,PHYSICAL,,0
2024,Sep,IA,PDL,UNKNOWN,NEW,0
2024,Sep,IA,PDL,UNKNOWN,,0
2024,Sep,ID,ILP,DIGITAL,NEW,22
2024,Sep,ID,ILP,DIGITAL,NON_NEW,49
2024,Sep,ID,ILP,DIGITAL,,0
2024,Sep,ID,ILP,PHYSICAL,NEW,47
2024,Sep,ID,ILP,PHYSICAL,NON_NEW,70
2024,Sep,ID,ILP,PHYSICAL,,0
2024,Sep,ID,ILP,UNKNOWN,NEW,0
2024,Sep,ID,ILP,UNKNOWN,,0
2024,Sep,ID,PDL,PHYSICAL,NON_NEW,0
2024,Sep,IN,PDL,DIGITAL,NEW,168
2024,Sep,IN,PDL,DIGITAL,NON_NEW,2442
2024,Sep,IN,PDL,DIGITAL,,0
2024,Sep,IN,PDL,PHYSICAL,NEW,562
2024,Sep,IN,PDL,PHYSICAL,NON_NEW,13881
2024,Sep,IN,PDL,PHYSICAL,,0
2024,Sep,IN,PDL,UNKNOWN,NEW,-1
2024,Sep,IN,PDL,UNKNOWN,,0
2024,Sep,KS,ILP,DIGITAL,NON_NEW,0
2024,Sep,KS,ILP,PHYSICAL,NON_NEW,0
2024,Sep,KS,PDL,DIGITAL,NEW,21
2024,Sep,KS,PDL,DIGITAL,NON_NEW,78
2024,Sep,KS,PDL,DIGITAL,,0
2024,Sep,KS,PDL,PHYSICAL,NEW,110
2024,Sep,KS,PDL,PHYSICAL,NON_NEW,442
2024,Sep,KS,PDL,PHYSICAL,,0
2024,Sep,KS,PDL,UNKNOWN,NEW,0
2024,Sep,KS,PDL,UNKNOWN,,0
2024,Sep,KY,ILP,PHYSICAL,NON_NEW,0
2024,Sep,KY,PDL,DIGITAL,NEW,51
2024,Sep,KY,PDL,DIGITAL,NON_NEW,597
2024,Sep,KY,PDL,DIGITAL,,0
2024,Sep,KY,PDL,PHYSICAL,NEW,342
2024,Sep,KY,PDL,PHYSICAL,NON_NEW,7820
2024,Sep,KY,PDL,PHYSICAL,,0
2024,Sep,KY,PDL,UNKNOWN,NEW,0
2024,Sep,KY,PDL,UNKNOWN,NON_NEW,0
2024,Sep,KY,PDL,UNKNOWN,,0
2024,Sep,LA,ILP,PHYSICAL,NON_NEW,0
2024,Sep,LA,PDL,DIGITAL,NEW,97
2024,Sep,LA,PDL,DIGITAL,NON_NEW,2277
2024,Sep,LA,PDL,DIGITAL,,0
2024,Sep,LA,PDL,PHYSICAL,NEW,499
2024,Sep,LA,PDL,PHYSICAL,NON_NEW,11001
2024,Sep,LA,PDL,PHYSICAL,,0
2024,Sep,LA,PDL,UNKNOWN,NEW,0
2024,Sep,LA,PDL,UNKNOWN,,0
2024,Sep,MI,ILP,DIGITAL,NON_NEW,0
2024,Sep,MI,ILP,PHYSICAL,NON_NEW,0
2024,Sep,MI,PDL,DIGITAL,NEW,431
2024,Sep,MI,PDL,DIGITAL,NON_NEW,11714
2024,Sep,MI,PDL,DIGITAL,,0
2024,Sep,MI,PDL,PHYSICAL,NEW,1695
2024,Sep,MI,PDL,PHYSICAL,NON_NEW,43875
2024,Sep,MI,PDL,PHYSICAL,,0
2024,Sep,MI,PDL,UNKNOWN,NEW,-1
2024,Sep,MI,PDL,UNKNOWN,NON_NEW,0
2024,Sep,MI,PDL,UNKNOWN,,0
2024,Sep,MO,ILP,DIGITAL,NEW,582
2024,Sep,MO,ILP,DIGITAL,NON_NEW,405
2024,Sep,MO,ILP,DIGITAL,,0
2024,Sep,MO,ILP,PHYSICAL,NEW,637
2024,Sep,MO,ILP,PHYSICAL,NON_NEW,1240
2024,Sep,MO,ILP,PHYSICAL,,0
2024,Sep,MO,ILP,UNKNOWN,NEW,6
2024,Sep,MO,ILP,UNKNOWN,,0
2024,Sep,MO,PDL,DIGITAL,NEW,0
2024,Sep,MO,PDL,DIGITAL,NON_NEW,0
2024,Sep,MO,PDL,DIGITAL,,0
2024,Sep,MO,PDL,PHYSICAL,NEW,0
2024,Sep,MO,PDL,PHYSICAL,NON_NEW,0
2024,Sep,MO,PDL,PHYSICAL,,0
2024,Sep,MO,PDL,UNKNOWN,,0
2024,Sep,MS,ILP,DIGITAL,NEW,393
2024,Sep,MS,ILP,DIGITAL,NON_NEW,533
2024,Sep,MS,ILP,DIGITAL,,0
2024,Sep,MS,ILP,PHYSICAL,NEW,940
2024,Sep,MS,ILP,PHYSICAL,NON_NEW,2947
2024,Sep,MS,ILP,PHYSICAL,,0
2024,Sep,MS,ILP,UNKNOWN,NEW,1
2024,Sep,MS,ILP,UNKNOWN,,-1
2024,Sep,MS,PDL,DIGITAL,NEW,18
2024,Sep,MS,PDL,DIGITAL,NON_NEW,120
2024,Sep,MS,PDL,DIGITAL,,0
2024,Sep,MS,PDL,PHYSICAL,NEW,167
2024,Sep,MS,PDL,PHYSICAL,NON_NEW,754
2024,Sep,MS,PDL,PHYSICAL,,0
2024,Sep,MS,PDL,UNKNOWN,NEW,0
2024,Sep,MS,PDL,UNKNOWN,NON_NEW,0
2024,Sep,MS,PDL,UNKNOWN,,0
2024,Sep,NC,PDL,PHYSICAL,,0
2024,Sep,NV,ILP,DIGITAL,NEW,93
2024,Sep,NV,ILP,DIGITAL,NON_NEW,170
2024,Sep,NV,ILP,DIGITAL,,0
2024,Sep,NV,ILP,PHYSICAL,NEW,282
2024,Sep,NV,ILP,PHYSICAL,NON_NEW,502
2024,Sep,NV,ILP,PHYSICAL,,0
2024,Sep,NV,ILP,UNKNOWN,NEW,2
2024,Sep,NV,ILP,UNKNOWN,,0
2024,Sep,NV,PDL,DIGITAL,NEW,0
2024,Sep,NV,PDL,DIGITAL,NON_NEW,0
2024,Sep,NV,PDL,PHYSICAL,NEW,0
2024,Sep,NV,PDL,PHYSICAL,NON_NEW,0
2024,Sep,NV,PDL,PHYSICAL,,0
2024,Sep,NV,PDL,UNKNOWN,,0
2024,Sep,OH,ILP,DIGITAL,NEW,217
2024,Sep,OH,ILP,DIGITAL,NON_NEW,1634
2024,Sep,OH,ILP,DIGITAL,,0
2024,Sep,OH,ILP,PHYSICAL,NEW,718
2024,Sep,OH,ILP,PHYSICAL,NON_NEW,4830
2024,Sep,OH,ILP,PHYSICAL,,-1
2024,Sep,OH,ILP,UNKNOWN,NEW,0
2024,Sep,OH,ILP,UNKNOWN,,0
2024,Sep,OH,ILP,,NEW,0
2024,Sep,OH,ILP,,,0
2024,Sep,OH,PDL,DIGITAL,NON_NEW,0
2024,Sep,OH,PDL,PHYSICAL,NON_NEW,0
2024,Sep,OK,ILP,DIGITAL,NEW,207
2024,Sep,OK,ILP,DIGITAL,NON_NEW,950
2024,Sep,OK,ILP,DIGITAL,,0
2024,Sep,OK,ILP,PHYSICAL,NEW,682
2024,Sep,OK,ILP,PHYSICAL,NON_NEW,2149
2024,Sep,OK,ILP,PHYSICAL,,0
2024,Sep,OK,ILP,UNKNOWN,NEW,0
2024,Sep,OK,ILP,UNKNOWN,,0
2024,Sep,OK,PDL,PHYSICAL,NON_NEW,0
2024,Sep,RI,PDL,DIGITAL,NEW,49
2024,Sep,RI,PDL,DIGITAL,NON_NEW,767
2024,Sep,RI,PDL,DIGITAL,,0
2024,Sep,RI,PDL,PHYSICAL,NEW,158
2024,Sep,RI,PDL,PHYSICAL,NON_NEW,6528
2024,Sep,RI,PDL,PHYSICAL,,0
2024,Sep,RI,PDL,UNKNOWN,NEW,0
2024,Sep,RI,PDL,UNKNOWN,,0
2024,Sep,SC,PDL,DIGITAL,NEW,0
2024,Sep,SC,PDL,DIGITAL,NON_NEW,0
2024,Sep,SC,PDL,PHYSICAL,NEW,0
2024,Sep,SC,PDL,PHYSICAL,NON_NEW,0
2024,Sep,SC,PDL,PHYSICAL,,0
2024,Sep,SC,PDL,UNKNOWN,,0
2024,Sep,SC,PDL,,NON_NEW,0
2024,Sep,TN,ILP,DIGITAL,NON_NEW,0
2024,Sep,TN,ILP,PHYSICAL,NON_NEW,0
2024,Sep,TN,PDL,DIGITAL,NEW,41
2024,Sep,TN,PDL,DIGITAL,NON_NEW,179
2024,Sep,TN,PDL,DIGITAL,,0
2024,Sep,TN,PDL,PHYSICAL,NEW,82
2024,Sep,TN,PDL,PHYSICAL,NON_NEW,517
2024,Sep,TN,PDL,PHYSICAL,,0
2024,Sep,TN,PDL,UNKNOWN,NEW,0
2024,Sep,TN,PDL,UNKNOWN,,0
2024,Sep,TN,PDL,,NEW,0
2024,Sep,TN,PDL,,NON_NEW,0
2024,Sep,TN,PDL,,,0
2024,Sep,TX,ILP,DIGITAL,NEW,1152
2024,Sep,TX,ILP,DIGITAL,NON_NEW,3030
2024,Sep,TX,ILP,DIGITAL,,0
2024,Sep,TX,ILP,PHYSICAL,NEW,2889
2024,Sep,TX,ILP,PHYSICAL,NON_NEW,9232
2024,Sep,TX,ILP,PHYSICAL,,0
2024,Sep,TX,ILP,UNKNOWN,NEW,0
2024,Sep,TX,ILP,UNKNOWN,,0
2024,Sep,TX,PDL,DIGITAL,NEW,270
2024,Sep,TX,PDL,DIGITAL,NON_NEW,1563
2024,Sep,TX,PDL,DIGITAL,,0
2024,Sep,TX,PDL,PHYSICAL,NEW,162
2024,Sep,TX,PDL,PHYSICAL,NON_NEW,1171
2024,Sep,TX,PDL,PHYSICAL,,0
2024,Sep,TX,PDL,UNKNOWN,NEW,3
2024,Sep,TX,PDL,UNKNOWN,,0
2024,Sep,UT,ILP,DIGITAL,NEW,25
2024,Sep,UT,ILP,DIGITAL,NON_NEW,46
2024,Sep,UT,ILP,DIGITAL,,0
2024,Sep,UT,ILP,PHYSICAL,NEW,0
2024,Sep,UT,ILP,PHYSICAL,NON_NEW,19
2024,Sep,UT,ILP,PHYSICAL,,0
2024,Sep,UT,ILP,UNKNOWN,NEW,0
2024,Sep,UT,ILP,UNKNOWN,,0
2024,Sep,UT,PDL,DIGITAL,NON_NEW,0
2024,Sep,UT,PDL,PHYSICAL,NEW,0
2024,Sep,UT,PDL,PHYSICAL,NON_NEW,0
2024,Sep,WI,ILP,DIGITAL,NEW,439
2024,Sep,WI,ILP,DIGITAL,NON_NEW,288
2024,Sep,WI,ILP,DIGITAL,,0
2024,Sep,WI,ILP,PHYSICAL,NEW,277
2024,Sep,WI,ILP,PHYSICAL,NON_NEW,576
2024,Sep,WI,ILP,PHYSICAL,,0
2024,Sep,WI,ILP,UNKNOWN,NEW,1
2024,Sep,WI,ILP,UNKNOWN,,0
2024,Sep,WI,PDL,DIGITAL,NON_NEW,0
2024,Sep,WI,PDL,PHYSICAL,NEW,0
2024,Sep,WI,PDL,PHYSICAL,NON_NEW,0
2024,Sep,WY,ILP,PHYSICAL,NON_NEW,0
2024,Sep,WY,PDL,DIGITAL,NEW,16
2024,Sep,WY,PDL,DIGITAL,NON_NEW,563
2024,Sep,WY,PDL,DIGITAL,,0
2024,Sep,WY,PDL,PHYSICAL,NEW,97
2024,Sep,WY,PDL,PHYSICAL,NON_NEW,2653
2024,Sep,WY,PDL,PHYSICAL,,0
2024,Sep,WY,PDL,UNKNOWN,NEW,0
2024,Sep,WY,PDL,UNKNOWN,,0
2025,Apr,AL,ILP,DIGITAL,NEW,146
2025,Apr,AL,ILP,DIGITAL,NON_NEW,902
2025,Apr,AL,ILP,DIGITAL,,0
2025,Apr,AL,ILP,PHYSICAL,NEW,752
2025,Apr,AL,ILP,PHYSICAL,NON_NEW,4513
2025,Apr,AL,ILP,PHYSICAL,,-1
2025,Apr,AL,ILP,UNKNOWN,NEW,3
2025,Apr,AL,ILP,UNKNOWN,,0
2025,Apr,AL,PDL,DIGITAL,NEW,0
2025,Apr,AL,PDL,DIGITAL,NON_NEW,0
2025,Apr,AL,PDL,DIGITAL,,0
2025,Apr,AL,PDL,PHYSICAL,NEW,0
2025,Apr,AL,PDL,PHYSICAL,NON_NEW,0
2025,Apr,AL,PDL,PHYSICAL,,0
2025,Apr,AL,PDL,UNKNOWN,,0
2025,Apr,AL,PDL,,NEW,0
2025,Apr,AL,PDL,,NON_NEW,0
2025,Apr,CA,ILP,DIGITAL,NON_NEW,0
2025,Apr,CA,ILP,PHYSICAL,NON_NEW,0
2025,Apr,CA,PDL,DIGITAL,NEW,1013
2025,Apr,CA,PDL,DIGITAL,NON_NEW,16858
2025,Apr,CA,PDL,DIGITAL,,0
2025,Apr,CA,PDL,PHYSICAL,NEW,1875
2025,Apr,CA,PDL,PHYSICAL,NON_NEW,56593
2025,Apr,CA,PDL,PHYSICAL,,0
2025,Apr,CA,PDL,UNKNOWN,NEW,0
2025,Apr,CA,PDL,UNKNOWN,,0
2025,Apr,CA,PDL,,NEW,0
2025,Apr,CA,PDL,,NON_NEW,0
2025,Apr,CA,PDL,,,0
2025,Apr,CO,ILP,DIGITAL,NEW,0
2025,Apr,CO,ILP,DIGITAL,NON_NEW,0
2025,Apr,CO,ILP,DIGITAL,,0
2025,Apr,CO,ILP,PHYSICAL,NEW,0
2025,Apr,CO,ILP,PHYSICAL,NON_NEW,0
2025,Apr,CO,ILP,PHYSICAL,,0
2025,Apr,CO,ILP,UNKNOWN,,0
2025,Apr,CO,ILP,,NEW,0
2025,Apr,CO,PDL,DIGITAL,NON_NEW,0
2025,Apr,CO,PDL,PHYSICAL,NON_NEW,0
2025,Apr,DE,ILP,DIGITAL,NEW,127
2025,Apr,DE,ILP,DIGITAL,NON_NEW,100
2025,Apr,DE,ILP,DIGITAL,,0
2025,Apr,DE,ILP,PHYSICAL,NEW,83
2025,Apr,DE,ILP,PHYSICAL,NON_NEW,225
2025,Apr,DE,ILP,PHYSICAL,,0
2025,Apr,DE,ILP,UNKNOWN,NEW,0
2025,Apr,DE,ILP,UNKNOWN,,0
2025,Apr,FL,ILP,DIGITAL,NEW,1096
2025,Apr,FL,ILP,DIGITAL,NON_NEW,5544
2025,Apr,FL,ILP,DIGITAL,,0
2025,Apr,FL,ILP,PHYSICAL,NEW,2303
2025,Apr,FL,ILP,PHYSICAL,NON_NEW,21842
2025,Apr,FL,ILP,PHYSICAL,,0
2025,Apr,FL,ILP,UNKNOWN,NEW,-1
2025,Apr,FL,ILP,UNKNOWN,NON_NEW,0
2025,Apr,FL,ILP,UNKNOWN,,0
2025,Apr,FL,ILP,,NEW,0
2025,Apr,FL,ILP,,NON_NEW,0
2025,Apr,FL,ILP,,,0
2025,Apr,FL,PDL,DIGITAL,NEW,97
2025,Apr,FL,PDL,DIGITAL,NON_NEW,2368
2025,Apr,FL,PDL,DIGITAL,,0
2025,Apr,FL,PDL,PHYSICAL,NEW,191
2025,Apr,FL,PDL,PHYSICAL,NON_NEW,16460
2025,Apr,FL,PDL,PHYSICAL,,0
2025,Apr,FL,PDL,UNKNOWN,NEW,0
2025,Apr,FL,PDL,UNKNOWN,,0
2025,Apr,FL,PDL,,NEW,0
2025,Apr,FL,PDL,,NON_NEW,0
2025,Apr,FL,PDL,,,0
2025,Apr,IA,ILP,PHYSICAL,NON_NEW,0
2025,Apr,IA,PDL,DIGITAL,NEW,79
2025,Apr,IA,PDL,DIGITAL,NON_NEW,1739
2025,Apr,IA,PDL,DIGITAL,,0
2025,Apr,IA,PDL,PHYSICAL,NEW,238
2025,Apr,IA,PDL,PHYSICAL,NON_NEW,8632
2025,Apr,IA,PDL,PHYSICAL,,0
2025,Apr,IA,PDL,UNKNOWN,NEW,0
2025,Apr,IA,PDL,UNKNOWN,,0
2025,Apr,ID,ILP,DIGITAL,NEW,118
2025,Apr,ID,ILP,DIGITAL,NON_NEW,55
2025,Apr,ID,ILP,DIGITAL,,0
2025,Apr,ID,ILP,PHYSICAL,NEW,35
2025,Apr,ID,ILP,PHYSICAL,NON_NEW,81
2025,Apr,ID,ILP,PHYSICAL,,0
2025,Apr,ID,ILP,UNKNOWN,NEW,-1
2025,Apr,ID,ILP,UNKNOWN,,0
2025,Apr,ID,PDL,PHYSICAL,NON_NEW,0
2025,Apr,IN,PDL,DIGITAL,NEW,156
2025,Apr,IN,PDL,DIGITAL,NON_NEW,2428
2025,Apr,IN,PDL,DIGITAL,,0
2025,Apr,IN,PDL,PHYSICAL,NEW,422
2025,Apr,IN,PDL,PHYSICAL,NON_NEW,13067
2025,Apr,IN,PDL,PHYSICAL,,0
2025,Apr,IN,PDL,UNKNOWN,NEW,-1
2025,Apr,IN,PDL,UNKNOWN,,0
2025,Apr,KS,ILP,DIGITAL,NON_NEW,0
2025,Apr,KS,ILP,PHYSICAL,NON_NEW,0
2025,Apr,KS,PDL,DIGITAL,NEW,0
2025,Apr,KS,PDL,DIGITAL,NON_NEW,0
2025,Apr,KS,PDL,DIGITAL,,0
2025,Apr,KS,PDL,PHYSICAL,NEW,0
2025,Apr,KS,PDL,PHYSICAL,NON_NEW,0
2025,Apr,KS,PDL,PHYSICAL,,0
2025,Apr,KS,PDL,UNKNOWN,NEW,0
2025,Apr,KS,PDL,UNKNOWN,,0
2025,Apr,KY,ILP,PHYSICAL,NON_NEW,0
2025,Apr,KY,PDL,DIGITAL,NEW,71
2025,Apr,KY,PDL,DIGITAL,NON_NEW,735
2025,Apr,KY,PDL,DIGITAL,,0
2025,Apr,KY,PDL,PHYSICAL,NEW,202
2025,Apr,KY,PDL,PHYSICAL,NON_NEW,7416
2025,Apr,KY,PDL,PHYSICAL,,0
2025,Apr,KY,PDL,UNKNOWN,NEW,-1
2025,Apr,KY,PDL,UNKNOWN,NON_NEW,0
2025,Apr,KY,PDL,UNKNOWN,,0
2025,Apr,LA,ILP,PHYSICAL,NON_NEW,0
2025,Apr,LA,PDL,DIGITAL,NEW,142
2025,Apr,LA,PDL,DIGITAL,NON_NEW,2251
2025,Apr,LA,PDL,DIGITAL,,0
2025,Apr,LA,PDL,PHYSICAL,NEW,646
2025,Apr,LA,PDL,PHYSICAL,NON_NEW,12240
2025,Apr,LA,PDL,PHYSICAL,,0
2025,Apr,LA,PDL,UNKNOWN,NEW,-1
2025,Apr,LA,PDL,UNKNOWN,,0
2025,Apr,MI,ILP,DIGITAL,NON_NEW,0
2025,Apr,MI,ILP,PHYSICAL,NON_NEW,0
2025,Apr,MI,PDL,DIGITAL,NEW,493
2025,Apr,MI,PDL,DIGITAL,NON_NEW,11402
2025,Apr,MI,PDL,DIGITAL,,0
2025,Apr,MI,PDL,PHYSICAL,NEW,1157
2025,Apr,MI,PDL,PHYSICAL,NON_NEW,42115
2025,Apr,MI,PDL,PHYSICAL,,0
2025,Apr,MI,PDL,UNKNOWN,NEW,1
2025,Apr,MI,PDL,UNKNOWN,NON_NEW,0
2025,Apr,MI,PDL,UNKNOWN,,0
2025,Apr,MO,ILP,DIGITAL,NEW,430
2025,Apr,MO,ILP,DIGITAL,NON_NEW,537
2025,Apr,MO,ILP,DIGITAL,,0
2025,Apr,MO,ILP,PHYSICAL,NEW,537
2025,Apr,MO,ILP,PHYSICAL,NON_NEW,1220
2025,Apr,MO,ILP,PHYSICAL,,0
2025,Apr,MO,ILP,UNKNOWN,NEW,2
2025,Apr,MO,ILP,UNKNOWN,,0
2025,Apr,MO,PDL,DIGITAL,NEW,0
2025,Apr,MO,PDL,DIGITAL,NON_NEW,0
2025,Apr,MO,PDL,DIGITAL,,0
2025,Apr,MO,PDL,PHYSICAL,NEW,0
2025,Apr,MO,PDL,PHYSICAL,NON_NEW,0
2025,Apr,MO,PDL,PHYSICAL,,0
2025,Apr,MO,PDL,UNKNOWN,,0
2025,Apr,MS,ILP,DIGITAL,NEW,302
2025,Apr,MS,ILP,DIGITAL,NON_NEW,701
2025,Apr,MS,ILP,DIGITAL,,0
2025,Apr,MS,ILP,PHYSICAL,NEW,984
2025,Apr,MS,ILP,PHYSICAL,NON_NEW,2767
2025,Apr,MS,ILP,PHYSICAL,,-1
2025,Apr,MS,ILP,UNKNOWN,NEW,-2
2025,Apr,MS,ILP,UNKNOWN,,0
2025,Apr,MS,PDL,DIGITAL,NEW,16
2025,Apr,MS,PDL,DIGITAL,NON_NEW,95
2025,Apr,MS,PDL,DIGITAL,,0
2025,Apr,MS,PDL,PHYSICAL,NEW,84
2025,Apr,MS,PDL,PHYSICAL,NON_NEW,430
2025,Apr,MS,PDL,PHYSICAL,,0
2025,Apr,MS,PDL,UNKNOWN,NEW,0
2025,Apr,MS,PDL,UNKNOWN,NON_NEW,0
2025,Apr,MS,PDL,UNKNOWN,,0
2025,Apr,NC,ILP,UNKNOWN,,0
2025,Apr,NC,PDL,PHYSICAL,,0
2025,Apr,NV,ILP,DIGITAL,NEW,86
2025,Apr,NV,ILP,DIGITAL,NON_NEW,210
2025,Apr,NV,ILP,DIGITAL,,0
2025,Apr,NV,ILP,PHYSICAL,NEW,246
2025,Apr,NV,ILP,PHYSICAL,NON_NEW,565
2025,Apr,NV,ILP,PHYSICAL,,0
2025,Apr,NV,ILP,UNKNOWN,NEW,-1
2025,Apr,NV,ILP,UNKNOWN,,0
2025,Apr,NV,PDL,DIGITAL,NEW,0
2025,Apr,NV,PDL,DIGITAL,NON_NEW,0
2025,Apr,NV,PDL,PHYSICAL,NEW,0
2025,Apr,NV,PDL,PHYSICAL,NON_NEW,0
2025,Apr,NV,PDL,PHYSICAL,,0
2025,Apr,NV,PDL,UNKNOWN,,0
2025,Apr,OH,ILP,DIGITAL,NEW,223
2025,Apr,OH,ILP,DIGITAL,NON_NEW,1726
2025,Apr,OH,ILP,DIGITAL,,0
2025,Apr,OH,ILP,PHYSICAL,NEW,521
2025,Apr,OH,ILP,PHYSICAL,NON_NEW,5298
2025,Apr,OH,ILP,PHYSICAL,,0
2025,Apr,OH,ILP,UNKNOWN,NEW,-4
2025,Apr,OH,ILP,UNKNOWN,,0
2025,Apr,OH,ILP,,NEW,0
2025,Apr,OH,ILP,,,0
2025,Apr,OH,PDL,DIGITAL,NON_NEW,0
2025,Apr,OH,PDL,PHYSICAL,NON_NEW,0
2025,Apr,OK,ILP,DIGITAL,NEW,228
2025,Apr,OK,ILP,DIGITAL,NON_NEW,912
2025,Apr,OK,ILP,DIGITAL,,0
2025,Apr,OK,ILP,PHYSICAL,NEW,523
2025,Apr,OK,ILP,PHYSICAL,NON_NEW,2122
2025,Apr,OK,ILP,PHYSICAL,,0
2025,Apr,OK,ILP,UNKNOWN,NEW,-2
2025,Apr,OK,ILP,UNKNOWN,,0
2025,Apr,OK,PDL,PHYSICAL,NON_NEW,0
2025,Apr,RI,PDL,DIGITAL,NEW,36
2025,Apr,RI,PDL,DIGITAL,NON_NEW,811
2025,Apr,RI,PDL,DIGITAL,,0
2025,Apr,RI,PDL,PHYSICAL,NEW,79
2025,Apr,RI,PDL,PHYSICAL,NON_NEW,6537
2025,Apr,RI,PDL,PHYSICAL,,0
2025,Apr,RI,PDL,UNKNOWN,NEW,0
2025,Apr,RI,PDL,UNKNOWN,,0
2025,Apr,SC,PDL,DIGITAL,NEW,0
2025,Apr,SC,PDL,DIGITAL,NON_NEW,0
2025,Apr,SC,PDL,PHYSICAL,NEW,0
2025,Apr,SC,PDL,PHYSICAL,NON_NEW,0
2025,Apr,SC,PDL,PHYSICAL,,0
2025,Apr,SC,PDL,UNKNOWN,,0
2025,Apr,SC,PDL,,NON_NEW,0
2025,Apr,TN,ILP,DIGITAL,NON_NEW,0
2025,Apr,TN,ILP,PHYSICAL,NON_NEW,0
2025,Apr,TN,PDL,DIGITAL,NEW,33
2025,Apr,TN,PDL,DIGITAL,NON_NEW,153
2025,Apr,TN,PDL,DIGITAL,,0
2025,Apr,TN,PDL,PHYSICAL,NEW,105
2025,Apr,TN,PDL,PHYSICAL,NON_NEW,501
2025,Apr,TN,PDL,PHYSICAL,,0
2025,Apr,TN,PDL,UNKNOWN,NEW,0
2025,Apr,TN,PDL,UNKNOWN,,0
2025,Apr,TN,PDL,,NEW,0
2025,Apr,TN,PDL,,NON_NEW,0
2025,Apr,TN,PDL,,,0
2025,Apr,TX,ILP,DIGITAL,NEW,1514
2025,Apr,TX,ILP,DIGITAL,NON_NEW,2668
2025,Apr,TX,ILP,DIGITAL,,0
2025,Apr,TX,ILP,PHYSICAL,NEW,2840
2025,Apr,TX,ILP,PHYSICAL,NON_NEW,5971
2025,Apr,TX,ILP,PHYSICAL,,0
2025,Apr,TX,ILP,UNKNOWN,NEW,-12
2025,Apr,TX,ILP,UNKNOWN,,0
2025,Apr,TX,PDL,DIGITAL,NEW,183
2025,Apr,TX,PDL,DIGITAL,NON_NEW,907
2025,Apr,TX,PDL,DIGITAL,,0
2025,Apr,TX,PDL,PHYSICAL,NEW,101
2025,Apr,TX,PDL,PHYSICAL,NON_NEW,587
2025,Apr,TX,PDL,PHYSICAL,,0
2025,Apr,TX,PDL,UNKNOWN,NEW,1
2025,Apr,TX,PDL,UNKNOWN,,0
2025,Apr,UT,ILP,DIGITAL,NEW,158
2025,Apr,UT,ILP,DIGITAL,NON_NEW,44
2025,Apr,UT,ILP,DIGITAL,,0
2025,Apr,UT,ILP,PHYSICAL,NEW,0
2025,Apr,UT,ILP,PHYSICAL,NON_NEW,22
2025,Apr,UT,ILP,PHYSICAL,,0
2025,Apr,UT,ILP,UNKNOWN,NEW,-2
2025,Apr,UT,ILP,UNKNOWN,,0
2025,Apr,UT,PDL,DIGITAL,NON_NEW,0
2025,Apr,UT,PDL,PHYSICAL,NEW,0
2025,Apr,UT,PDL,PHYSICAL,NON_NEW,0
2025,Apr,WI,ILP,DIGITAL,NEW,322
2025,Apr,WI,ILP,DIGITAL,NON_NEW,396
2025,Apr,WI,ILP,DIGITAL,,0
2025,Apr,WI,ILP,PHYSICAL,NEW,298
2025,Apr,WI,ILP,PHYSICAL,NON_NEW,602
2025,Apr,WI,ILP,PHYSICAL,,0
2025,Apr,WI,ILP,UNKNOWN,NEW,2
2025,Apr,WI,ILP,UNKNOWN,,0
2025,Apr,WI,PDL,DIGITAL,NON_NEW,0
2025,Apr,WI,PDL,PHYSICAL,NEW,0
2025,Apr,WI,PDL,PHYSICAL,NON_NEW,0
2025,Apr,WY,ILP,PHYSICAL,NON_NEW,0
2025,Apr,WY,PDL,DIGITAL,NEW,29
2025,Apr,WY,PDL,DIGITAL,NON_NEW,579
2025,Apr,WY,PDL,DIGITAL,,0
2025,Apr,WY,PDL,PHYSICAL,NEW,77
2025,Apr,WY,PDL,PHYSICAL,NON_NEW,2631
2025,Apr,WY,PDL,PHYSICAL,,0
2025,Apr,WY,PDL,UNKNOWN,NEW,0
2025,Apr,WY,PDL,UNKNOWN,,0
2025,Aug,AL,ILP,DIGITAL,NEW,239
2025,Aug,AL,ILP,DIGITAL,NON_NEW,921
2025,Aug,AL,ILP,DIGITAL,,1
2025,Aug,AL,ILP,PHYSICAL,NEW,957
2025,Aug,AL,ILP,PHYSICAL,NON_NEW,4087
2025,Aug,AL,ILP,PHYSICAL,,3
2025,Aug,AL,ILP,UNKNOWN,NEW,0
2025,Aug,AL,ILP,UNKNOWN,,0
2025,Aug,AL,PDL,DIGITAL,NEW,0
2025,Aug,AL,PDL,DIGITAL,NON_NEW,0
2025,Aug,AL,PDL,DIGITAL,,0
2025,Aug,AL,PDL,PHYSICAL,NEW,0
2025,Aug,AL,PDL,PHYSICAL,NON_NEW,0
2025,Aug,AL,PDL,PHYSICAL,,0
2025,Aug,AL,PDL,UNKNOWN,,0
2025,Aug,AL,PDL,,NEW,0
2025,Aug,AL,PDL,,NON_NEW,0
2025,Aug,CA,ILP,DIGITAL,NON_NEW,0
2025,Aug,CA,ILP,PHYSICAL,NON_NEW,0
2025,Aug,CA,PDL,DIGITAL,NEW,1515
2025,Aug,CA,PDL,DIGITAL,NON_NEW,20454
2025,Aug,CA,PDL,DIGITAL,,3
2025,Aug,CA,PDL,PHYSICAL,NEW,2243
2025,Aug,CA,PDL,PHYSICAL,NON_NEW,65205
2025,Aug,CA,PDL,PHYSICAL,,13
2025,Aug,CA,PDL,UNKNOWN,NEW,3
2025,Aug,CA,PDL,UNKNOWN,,0
2025,Aug,CA,PDL,,NEW,0
2025,Aug,CA,PDL,,NON_NEW,0
2025,Aug,CA,PDL,,,0
2025,Aug,CO,ILP,DIGITAL,NEW,0
2025,Aug,CO,ILP,DIGITAL,NON_NEW,0
2025,Aug,CO,ILP,DIGITAL,,0
2025,Aug,CO,ILP,PHYSICAL,NEW,0
2025,Aug,CO,ILP,PHYSICAL,NON_NEW,0
2025,Aug,CO,ILP,PHYSICAL,,0
2025,Aug,CO,ILP,UNKNOWN,,0
2025,Aug,CO,ILP,,NEW,0
2025,Aug,CO,PDL,DIGITAL,NEW,0
2025,Aug,CO,PDL,DIGITAL,NON_NEW,0
2025,Aug,CO,PDL,PHYSICAL,NON_NEW,0
2025,Aug,DE,ILP,DIGITAL,NEW,102
2025,Aug,DE,ILP,DIGITAL,NON_NEW,126
2025,Aug,DE,ILP,DIGITAL,,0
2025,Aug,DE,ILP,PHYSICAL,NEW,111
2025,Aug,DE,ILP,PHYSICAL,NON_NEW,220
2025,Aug,DE,ILP,PHYSICAL,,0
2025,Aug,DE,ILP,UNKNOWN,NEW,-1
2025,Aug,DE,ILP,UNKNOWN,,0
2025,Aug,FL,ILP,DIGITAL,NEW,1797
2025,Aug,FL,ILP,DIGITAL,NON_NEW,6738
2025,Aug,FL,ILP,DIGITAL,,3
2025,Aug,FL,ILP,PHYSICAL,NEW,3389
2025,Aug,FL,ILP,PHYSICAL,NON_NEW,24605
2025,Aug,FL,ILP,PHYSICAL,,15
2025,Aug,FL,ILP,UNKNOWN,NEW,6
2025,Aug,FL,ILP,UNKNOWN,NON_NEW,0
2025,Aug,FL,ILP,UNKNOWN,,0
2025,Aug,FL,ILP,,NEW,0
2025,Aug,FL,ILP,,NON_NEW,0
2025,Aug,FL,ILP,,,0
2025,Aug,FL,PDL,DIGITAL,NEW,124
2025,Aug,FL,PDL,DIGITAL,NON_NEW,2566
2025,Aug,FL,PDL,DIGITAL,,0
2025,Aug,FL,PDL,PHYSICAL,NEW,226
2025,Aug,FL,PDL,PHYSICAL,NON_NEW,16955
2025,Aug,FL,PDL,PHYSICAL,,3
2025,Aug,FL,PDL,UNKNOWN,NEW,0
2025,Aug,FL,PDL,UNKNOWN,,0
2025,Aug,FL,PDL,,NEW,0
2025,Aug,FL,PDL,,NON_NEW,0
2025,Aug,FL,PDL,,,0
2025,Aug,IA,ILP,PHYSICAL,NON_NEW,0
2025,Aug,IA,PDL,DIGITAL,NEW,132
2025,Aug,IA,PDL,DIGITAL,NON_NEW,2230
2025,Aug,IA,PDL,DIGITAL,,1
2025,Aug,IA,PDL,PHYSICAL,NEW,317
2025,Aug,IA,PDL,PHYSICAL,NON_NEW,9907
2025,Aug,IA,PDL,PHYSICAL,,2
2025,Aug,IA,PDL,UNKNOWN,NEW,1
2025,Aug,IA,PDL,UNKNOWN,,0
2025,Aug,ID,ILP,DIGITAL,NEW,102
2025,Aug,ID,ILP,DIGITAL,NON_NEW,85
2025,Aug,ID,ILP,DIGITAL,,1
2025,Aug,ID,ILP,PHYSICAL,NEW,35
2025,Aug,ID,ILP,PHYSICAL,NON_NEW,60
2025,Aug,ID,ILP,PHYSICAL,,0
2025,Aug,ID,ILP,UNKNOWN,NEW,0
2025,Aug,ID,ILP,UNKNOWN,,0
2025,Aug,ID,PDL,PHYSICAL,NON_NEW,0
2025,Aug,IN,PDL,DIGITAL,NEW,221
2025,Aug,IN,PDL,DIGITAL,NON_NEW,3026
2025,Aug,IN,PDL,DIGITAL,,1
2025,Aug,IN,PDL,PHYSICAL,NEW,635
2025,Aug,IN,PDL,PHYSICAL,NON_NEW,15126
2025,Aug,IN,PDL,PHYSICAL,,4
2025,Aug,IN,PDL,UNKNOWN,NEW,1
2025,Aug,IN,PDL,UNKNOWN,,0
2025,Aug,KS,ILP,DIGITAL,NON_NEW,0
2025,Aug,KS,ILP,PHYSICAL,NON_NEW,0
2025,Aug,KS,PDL,DIGITAL,NEW,0
2025,Aug,KS,PDL,DIGITAL,NON_NEW,0
2025,Aug,KS,PDL,DIGITAL,,0
2025,Aug,KS,PDL,PHYSICAL,NEW,0
2025,Aug,KS,PDL,PHYSICAL,NON_NEW,0
2025,Aug,KS,PDL,PHYSICAL,,0
2025,Aug,KS,PDL,UNKNOWN,NEW,0
2025,Aug,KS,PDL,UNKNOWN,,0
2025,Aug,KY,ILP,PHYSICAL,NON_NEW,0
2025,Aug,KY,PDL,DIGITAL,NEW,144
2025,Aug,KY,PDL,DIGITAL,NON_NEW,963
2025,Aug,KY,PDL,DIGITAL,,0
2025,Aug,KY,PDL,PHYSICAL,NEW,246
2025,Aug,KY,PDL,PHYSICAL,NON_NEW,8155
2025,Aug,KY,PDL,PHYSICAL,,3
2025,Aug,KY,PDL,UNKNOWN,NEW,0
2025,Aug,KY,PDL,UNKNOWN,NON_NEW,0
2025,Aug,KY,PDL,UNKNOWN,,0
2025,Aug,LA,ILP,PHYSICAL,NON_NEW,0
2025,Aug,LA,PDL,DIGITAL,NEW,279
2025,Aug,LA,PDL,DIGITAL,NON_NEW,2971
2025,Aug,LA,PDL,DIGITAL,,1
2025,Aug,LA,PDL,PHYSICAL,NEW,835
2025,Aug,LA,PDL,PHYSICAL,NON_NEW,13760
2025,Aug,LA,PDL,PHYSICAL,,10
2025,Aug,LA,PDL,UNKNOWN,NEW,1
2025,Aug,LA,PDL,UNKNOWN,,0
2025,Aug,MI,ILP,DIGITAL,NON_NEW,0
2025,Aug,MI,ILP,PHYSICAL,NON_NEW,0
2025,Aug,MI,PDL,DIGITAL,NEW,796
2025,Aug,MI,PDL,DIGITAL,NON_NEW,14038
2025,Aug,MI,PDL,DIGITAL,,0
2025,Aug,MI,PDL,PHYSICAL,NEW,1394
2025,Aug,MI,PDL,PHYSICAL,NON_NEW,47635
2025,Aug,MI,PDL,PHYSICAL,,16
2025,Aug,MI,PDL,UNKNOWN,NEW,2
2025,Aug,MI,PDL,UNKNOWN,NON_NEW,0
2025,Aug,MI,PDL,UNKNOWN,,0
2025,Aug,MO,ILP,DIGITAL,NEW,456
2025,Aug,MO,ILP,DIGITAL,NON_NEW,586
2025,Aug,MO,ILP,DIGITAL,,0
2025,Aug,MO,ILP,PHYSICAL,NEW,569
2025,Aug,MO,ILP,PHYSICAL,NON_NEW,1231
2025,Aug,MO,ILP,PHYSICAL,,3
2025,Aug,MO,ILP,UNKNOWN,NEW,0
2025,Aug,MO,ILP,UNKNOWN,,0
2025,Aug,MO,PDL,DIGITAL,NEW,0
2025,Aug,MO,PDL,DIGITAL,NON_NEW,0
2025,Aug,MO,PDL,DIGITAL,,0
2025,Aug,MO,PDL,PHYSICAL,NEW,0
2025,Aug,MO,PDL,PHYSICAL,NON_NEW,0
2025,Aug,MO,PDL,PHYSICAL,,0
2025,Aug,MO,PDL,UNKNOWN,,0
2025,Aug,MS,ILP,DIGITAL,NEW,450
2025,Aug,MS,ILP,DIGITAL,NON_NEW,703
2025,Aug,MS,ILP,DIGITAL,,1
2025,Aug,MS,ILP,PHYSICAL,NEW,1067
2025,Aug,MS,ILP,PHYSICAL,NON_NEW,2827
2025,Aug,MS,ILP,PHYSICAL,,3
2025,Aug,MS,ILP,UNKNOWN,NEW,-1
2025,Aug,MS,ILP,UNKNOWN,,0
2025,Aug,MS,PDL,DIGITAL,NEW,0
2025,Aug,MS,PDL,DIGITAL,NON_NEW,53
2025,Aug,MS,PDL,DIGITAL,,0
2025,Aug,MS,PDL,PHYSICAL,NEW,3
2025,Aug,MS,PDL,PHYSICAL,NON_NEW,205
2025,Aug,MS,PDL,PHYSICAL,,0
2025,Aug,MS,PDL,UNKNOWN,NEW,0
2025,Aug,MS,PDL,UNKNOWN,NON_NEW,0
2025,Aug,MS,PDL,UNKNOWN,,0
2025,Aug,NC,PDL,PHYSICAL,,0
2025,Aug,NV,ILP,DIGITAL,NEW,127
2025,Aug,NV,ILP,DIGITAL,NON_NEW,191
2025,Aug,NV,ILP,DIGITAL,,0
2025,Aug,NV,ILP,PHYSICAL,NEW,324
2025,Aug,NV,ILP,PHYSICAL,NON_NEW,505
2025,Aug,NV,ILP,PHYSICAL,,1
2025,Aug,NV,ILP,UNKNOWN,NEW,-1
2025,Aug,NV,ILP,UNKNOWN,,0
2025,Aug,NV,PDL,DIGITAL,NEW,0
2025,Aug,NV,PDL,DIGITAL,NON_NEW,0
2025,Aug,NV,PDL,PHYSICAL,NEW,0
2025,Aug,NV,PDL,PHYSICAL,NON_NEW,0
2025,Aug,NV,PDL,PHYSICAL,,0
2025,Aug,NV,PDL,UNKNOWN,,0
2025,Aug,OH,ILP,DIGITAL,NEW,353
2025,Aug,OH,ILP,DIGITAL,NON_NEW,1674
2025,Aug,OH,ILP,DIGITAL,,1
2025,Aug,OH,ILP,PHYSICAL,NEW,710
2025,Aug,OH,ILP,PHYSICAL,NON_NEW,5286
2025,Aug,OH,ILP,PHYSICAL,,1
2025,Aug,OH,ILP,UNKNOWN,NEW,-1
2025,Aug,OH,ILP,UNKNOWN,,0
2025,Aug,OH,ILP,,NEW,0
2025,Aug,OH,ILP,,,0
2025,Aug,OH,PDL,DIGITAL,NON_NEW,0
2025,Aug,OH,PDL,PHYSICAL,NON_NEW,0
2025,Aug,OK,ILP,DIGITAL,NEW,346
2025,Aug,OK,ILP,DIGITAL,NON_NEW,875
2025,Aug,OK,ILP,DIGITAL,,0
2025,Aug,OK,ILP,PHYSICAL,NEW,650
2025,Aug,OK,ILP,PHYSICAL,NON_NEW,2031
2025,Aug,OK,ILP,PHYSICAL,,2
2025,Aug,OK,ILP,UNKNOWN,NEW,-2
2025,Aug,OK,ILP,UNKNOWN,,0
2025,Aug,OK,PDL,PHYSICAL,NON_NEW,0
2025,Aug,RI,PDL,DIGITAL,NEW,98
2025,Aug,RI,PDL,DIGITAL,NON_NEW,1048
2025,Aug,RI,PDL,DIGITAL,,0
2025,Aug,RI,PDL,PHYSICAL,NEW,136
2025,Aug,RI,PDL,PHYSICAL,NON_NEW,7232
2025,Aug,RI,PDL,PHYSICAL,,3
2025,Aug,RI,PDL,UNKNOWN,NEW,0
2025,Aug,RI,PDL,UNKNOWN,,0
2025,Aug,SC,PDL,DIGITAL,NEW,0
2025,Aug,SC,PDL,DIGITAL,NON_NEW,0
2025,Aug,SC,PDL,PHYSICAL,NEW,0
2025,Aug,SC,PDL,PHYSICAL,NON_NEW,0
2025,Aug,SC,PDL,PHYSICAL,,0
2025,Aug,SC,PDL,UNKNOWN,,0
2025,Aug,SC,PDL,,NON_NEW,0
2025,Aug,TN,ILP,DIGITAL,NON_NEW,0
2025,Aug,TN,ILP,PHYSICAL,NON_NEW,0
2025,Aug,TN,PDL,DIGITAL,NEW,8
2025,Aug,TN,PDL,DIGITAL,NON_NEW,109
2025,Aug,TN,PDL,DIGITAL,,0
2025,Aug,TN,PDL,PHYSICAL,NEW,1
2025,Aug,TN,PDL,PHYSICAL,NON_NEW,313
2025,Aug,TN,PDL,PHYSICAL,,0
2025,Aug,TN,PDL,UNKNOWN,NEW,0
2025,Aug,TN,PDL,UNKNOWN,,0
2025,Aug,TN,PDL,,NEW,0
2025,Aug,TN,PDL,,NON_NEW,0
2025,Aug,TN,PDL,,,0
2025,Aug,TX,ILP,DIGITAL,NEW,3093
2025,Aug,TX,ILP,DIGITAL,NON_NEW,3421
2025,Aug,TX,ILP,DIGITAL,,9
2025,Aug,TX,ILP,PHYSICAL,NEW,4399
2025,Aug,TX,ILP,PHYSICAL,NON_NEW,6652
2025,Aug,TX,ILP,PHYSICAL,,13
2025,Aug,TX,ILP,UNKNOWN,NEW,-10
2025,Aug,TX,ILP,UNKNOWN,,0
2025,Aug,TX,PDL,DIGITAL,NEW,203
2025,Aug,TX,PDL,DIGITAL,NON_NEW,886
2025,Aug,TX,PDL,DIGITAL,,0
2025,Aug,TX,PDL,PHYSICAL,NEW,77
2025,Aug,TX,PDL,PHYSICAL,NON_NEW,529
2025,Aug,TX,PDL,PHYSICAL,,0
2025,Aug,TX,PDL,UNKNOWN,NEW,1
2025,Aug,TX,PDL,UNKNOWN,,0
2025,Aug,UT,ILP,DIGITAL,NEW,115
2025,Aug,UT,ILP,DIGITAL,NON_NEW,93
2025,Aug,UT,ILP,DIGITAL,,0
2025,Aug,UT,ILP,PHYSICAL,NEW,0
2025,Aug,UT,ILP,PHYSICAL,NON_NEW,10
2025,Aug,UT,ILP,PHYSICAL,,0
2025,Aug,UT,ILP,UNKNOWN,NEW,0
2025,Aug,UT,ILP,UNKNOWN,,0
2025,Aug,UT,PDL,DIGITAL,NON_NEW,0
2025,Aug,UT,PDL,PHYSICAL,NEW,0
2025,Aug,UT,PDL,PHYSICAL,NON_NEW,0
2025,Aug,WI,ILP,DIGITAL,NEW,372
2025,Aug,WI,ILP,DIGITAL,NON_NEW,404
2025,Aug,WI,ILP,DIGITAL,,0
2025,Aug,WI,ILP,PHYSICAL,NEW,351
2025,Aug,WI,ILP,PHYSICAL,NON_NEW,615
2025,Aug,WI,ILP,PHYSICAL,,0
2025,Aug,WI,ILP,UNKNOWN,NEW,3
2025,Aug,WI,ILP,UNKNOWN,,0
2025,Aug,WI,PDL,DIGITAL,NON_NEW,0
2025,Aug,WI,PDL,PHYSICAL,NEW,0
2025,Aug,WI,PDL,PHYSICAL,NON_NEW,0
2025,Aug,WY,ILP,PHYSICAL,NON_NEW,0
2025,Aug,WY,PDL,DIGITAL,NEW,64
2025,Aug,WY,PDL,DIGITAL,NON_NEW,750
2025,Aug,WY,PDL,DIGITAL,,0
2025,Aug,WY,PDL,PHYSICAL,NEW,113
2025,Aug,WY,PDL,PHYSICAL,NON_NEW,3050
2025,Aug,WY,PDL,PHYSICAL,,0
2025,Aug,WY,PDL,UNKNOWN,NEW,0
2025,Aug,WY,PDL,UNKNOWN,,0
2025,Dec,AL,ILP,DIGITAL,NEW,341
2025,Dec,AL,ILP,DIGITAL,NON_NEW,1024
2025,Dec,AL,ILP,DIGITAL,,-8
2025,Dec,AL,ILP,PHYSICAL,NEW,1523
2025,Dec,AL,ILP,PHYSICAL,NON_NEW,5085
2025,Dec,AL,ILP,PHYSICAL,,-29
2025,Dec,AL,ILP,UNKNOWN,NEW,-2
2025,Dec,AL,ILP,UNKNOWN,NON_NEW,-1
2025,Dec,AL,ILP,UNKNOWN,,-6
2025,Dec,AL,PDL,DIGITAL,NEW,0
2025,Dec,AL,PDL,DIGITAL,NON_NEW,0
2025,Dec,AL,PDL,DIGITAL,,0
2025,Dec,AL,PDL,PHYSICAL,NEW,0
2025,Dec,AL,PDL,PHYSICAL,NON_NEW,0
2025,Dec,AL,PDL,PHYSICAL,,0
2025,Dec,AL,PDL,UNKNOWN,,0
2025,Dec,AL,PDL,,NEW,0
2025,Dec,AL,PDL,,NON_NEW,0
2025,Dec,CA,ILP,DIGITAL,NON_NEW,0
2025,Dec,CA,ILP,PHYSICAL,NON_NEW,0
2025,Dec,CA,PDL,DIGITAL,NEW,1503
2025,Dec,CA,PDL,DIGITAL,NON_NEW,20162
2025,Dec,CA,PDL,DIGITAL,,-9
2025,Dec,CA,PDL,PHYSICAL,NEW,2237
2025,Dec,CA,PDL,PHYSICAL,NON_NEW,64612
2025,Dec,CA,PDL,PHYSICAL,,-50
2025,Dec,CA,PDL,UNKNOWN,NEW,-1
2025,Dec,CA,PDL,UNKNOWN,NON_NEW,0
2025,Dec,CA,PDL,UNKNOWN,,-32
2025,Dec,CA,PDL,,NEW,0
2025,Dec,CA,PDL,,NON_NEW,0
2025,Dec,CA,PDL,,,0
2025,Dec,CO,ILP,DIGITAL,NEW,0
2025,Dec,CO,ILP,DIGITAL,NON_NEW,0
2025,Dec,CO,ILP,DIGITAL,,0
2025,Dec,CO,ILP,PHYSICAL,NEW,0
2025,Dec,CO,ILP,PHYSICAL,NON_NEW,0
2025,Dec,CO,ILP,PHYSICAL,,0
2025,Dec,CO,ILP,UNKNOWN,,0
2025,Dec,CO,ILP,,NEW,0
2025,Dec,CO,PDL,DIGITAL,NON_NEW,0
2025,Dec,CO,PDL,PHYSICAL,NON_NEW,0
2025,Dec,DE,ILP,DIGITAL,NEW,76
2025,Dec,DE,ILP,DIGITAL,NON_NEW,121
2025,Dec,DE,ILP,DIGITAL,,-2
2025,Dec,DE,ILP,PHYSICAL,NEW,120
2025,Dec,DE,ILP,PHYSICAL,NON_NEW,222
2025,Dec,DE,ILP,PHYSICAL,,-3
2025,Dec,DE,ILP,UNKNOWN,NEW,0
2025,Dec,DE,ILP,UNKNOWN,,-3
2025,Dec,FL,ILP,DIGITAL,NEW,1910
2025,Dec,FL,ILP,DIGITAL,NON_NEW,7507
2025,Dec,FL,ILP,DIGITAL,,-4
2025,Dec,FL,ILP,PHYSICAL,NEW,3898
2025,Dec,FL,ILP,PHYSICAL,NON_NEW,26408
2025,Dec,FL,ILP,PHYSICAL,,-35
2025,Dec,FL,ILP,UNKNOWN,NEW,-6
2025,Dec,FL,ILP,UNKNOWN,NON_NEW,0
2025,Dec,FL,ILP,UNKNOWN,,-61
2025,Dec,FL,ILP,,NEW,0
2025,Dec,FL,ILP,,NON_NEW,0
2025,Dec,FL,ILP,,,0
2025,Dec,FL,PDL,DIGITAL,NEW,143
2025,Dec,FL,PDL,DIGITAL,NON_NEW,2185
2025,Dec,FL,PDL,DIGITAL,,-1
2025,Dec,FL,PDL,PHYSICAL,NEW,191
2025,Dec,FL,PDL,PHYSICAL,NON_NEW,15411
2025,Dec,FL,PDL,PHYSICAL,,-8
2025,Dec,FL,PDL,UNKNOWN,NEW,-1
2025,Dec,FL,PDL,UNKNOWN,,0
2025,Dec,FL,PDL,,NEW,0
2025,Dec,FL,PDL,,NON_NEW,0
2025,Dec,FL,PDL,,,0
2025,Dec,IA,ILP,PHYSICAL,NON_NEW,0
2025,Dec,IA,PDL,DIGITAL,NEW,127
2025,Dec,IA,PDL,DIGITAL,NON_NEW,2235
2025,Dec,IA,PDL,DIGITAL,,0
2025,Dec,IA,PDL,PHYSICAL,NEW,294
2025,Dec,IA,PDL,PHYSICAL,NON_NEW,9069
2025,Dec,IA,PDL,PHYSICAL,,-5
2025,Dec,IA,PDL,UNKNOWN,NEW,-1
2025,Dec,IA,PDL,UNKNOWN,NON_NEW,0
2025,Dec,IA,PDL,UNKNOWN,,-2
2025,Dec,ID,ILP,DIGITAL,NEW,82
2025,Dec,ID,ILP,DIGITAL,NON_NEW,78
2025,Dec,ID,ILP,DIGITAL,,0
2025,Dec,ID,ILP,PHYSICAL,NEW,31
2025,Dec,ID,ILP,PHYSICAL,NON_NEW,74
2025,Dec,ID,ILP,PHYSICAL,,-2
2025,Dec,ID,ILP,UNKNOWN,NEW,0
2025,Dec,ID,ILP,UNKNOWN,,-4
2025,Dec,IN,PDL,DIGITAL,NEW,327
2025,Dec,IN,PDL,DIGITAL,NON_NEW,3079
2025,Dec,IN,PDL,DIGITAL,,-1
2025,Dec,IN,PDL,PHYSICAL,NEW,515
2025,Dec,IN,PDL,PHYSICAL,NON_NEW,14587
2025,Dec,IN,PDL,PHYSICAL,,-8
2025,Dec,IN,PDL,UNKNOWN,NEW,-1
2025,Dec,IN,PDL,UNKNOWN,,-5
2025,Dec,KS,ILP,DIGITAL,NON_NEW,0
2025,Dec,KS,ILP,PHYSICAL,NON_NEW,0
2025,Dec,KS,PDL,DIGITAL,NEW,0
2025,Dec,KS,PDL,DIGITAL,NON_NEW,0
2025,Dec,KS,PDL,DIGITAL,,0
2025,Dec,KS,PDL,PHYSICAL,NEW,0
2025,Dec,KS,PDL,PHYSICAL,NON_NEW,0
2025,Dec,KS,PDL,PHYSICAL,,0
2025,Dec,KS,PDL,UNKNOWN,,0
2025,Dec,KY,ILP,PHYSICAL,NON_NEW,0
2025,Dec,KY,PDL,DIGITAL,NEW,96
2025,Dec,KY,PDL,DIGITAL,NON_NEW,1077
2025,Dec,KY,PDL,DIGITAL,,-1
2025,Dec,KY,PDL,PHYSICAL,NEW,232
2025,Dec,KY,PDL,PHYSICAL,NON_NEW,7940
2025,Dec,KY,PDL,PHYSICAL,,-3
2025,Dec,KY,PDL,UNKNOWN,NEW,0
2025,Dec,KY,PDL,UNKNOWN,NON_NEW,0
2025,Dec,KY,PDL,UNKNOWN,,-2
2025,Dec,LA,ILP,PHYSICAL,NON_NEW,0
2025,Dec,LA,PDL,DIGITAL,NEW,226
2025,Dec,LA,PDL,DIGITAL,NON_NEW,2607
2025,Dec,LA,PDL,DIGITAL,,0
2025,Dec,LA,PDL,PHYSICAL,NEW,797
2025,Dec,LA,PDL,PHYSICAL,NON_NEW,13495
2025,Dec,LA,PDL,PHYSICAL,,-13
2025,Dec,LA,PDL,UNKNOWN,NEW,-1
2025,Dec,LA,PDL,UNKNOWN,,-4
2025,Dec,MI,ILP,DIGITAL,NON_NEW,0
2025,Dec,MI,ILP,PHYSICAL,NON_NEW,0
2025,Dec,MI,PDL,DIGITAL,NEW,659
2025,Dec,MI,PDL,DIGITAL,NON_NEW,13876
2025,Dec,MI,PDL,DIGITAL,,-8
2025,Dec,MI,PDL,PHYSICAL,NEW,1327
2025,Dec,MI,PDL,PHYSICAL,NON_NEW,47774
2025,Dec,MI,PDL,PHYSICAL,,-44
2025,Dec,MI,PDL,UNKNOWN,NEW,0
2025,Dec,MI,PDL,UNKNOWN,NON_NEW,0
2025,Dec,MI,PDL,UNKNOWN,,-19
2025,Dec,MO,ILP,DIGITAL,NEW,449
2025,Dec,MO,ILP,DIGITAL,NON_NEW,620
2025,Dec,MO,ILP,DIGITAL,,-3
2025,Dec,MO,ILP,PHYSICAL,NEW,603
2025,Dec,MO,ILP,PHYSICAL,NON_NEW,1244
2025,Dec,MO,ILP,PHYSICAL,,-14
2025,Dec,MO,ILP,UNKNOWN,NEW,-1
2025,Dec,MO,ILP,UNKNOWN,,-19
2025,Dec,MO,PDL,DIGITAL,NEW,0
2025,Dec,MO,PDL,DIGITAL,NON_NEW,0
2025,Dec,MO,PDL,DIGITAL,,0
2025,Dec,MO,PDL,PHYSICAL,NEW,0
2025,Dec,MO,PDL,PHYSICAL,NON_NEW,0
2025,Dec,MO,PDL,PHYSICAL,,0
2025,Dec,MO,PDL,UNKNOWN,,0
2025,Dec,MS,ILP,DIGITAL,NEW,470
2025,Dec,MS,ILP,DIGITAL,NON_NEW,844
2025,Dec,MS,ILP,DIGITAL,,-3
2025,Dec,MS,ILP,PHYSICAL,NEW,1290
2025,Dec,MS,ILP,PHYSICAL,NON_NEW,3128
2025,Dec,MS,ILP,PHYSICAL,,-28
2025,Dec,MS,ILP,UNKNOWN,NEW,-9
2025,Dec,MS,ILP,UNKNOWN,NON_NEW,0
2025,Dec,MS,ILP,UNKNOWN,,-57
2025,Dec,MS,PDL,DIGITAL,NEW,2
2025,Dec,MS,PDL,DIGITAL,NON_NEW,19
2025,Dec,MS,PDL,DIGITAL,,0
2025,Dec,MS,PDL,PHYSICAL,NEW,3
2025,Dec,MS,PDL,PHYSICAL,NON_NEW,137
2025,Dec,MS,PDL,PHYSICAL,,0
2025,Dec,MS,PDL,UNKNOWN,,0
2025,Dec,NC,PDL,PHYSICAL,,0
2025,Dec,NV,ILP,DIGITAL,NEW,173
2025,Dec,NV,ILP,DIGITAL,NON_NEW,202
2025,Dec,NV,ILP,DIGITAL,,0
2025,Dec,NV,ILP,PHYSICAL,NEW,425
2025,Dec,NV,ILP,PHYSICAL,NON_NEW,613
2025,Dec,NV,ILP,PHYSICAL,,-15
2025,Dec,NV,ILP,UNKNOWN,NEW,0
2025,Dec,NV,ILP,UNKNOWN,NON_NEW,0
2025,Dec,NV,ILP,UNKNOWN,,-9
2025,Dec,NV,PDL,DIGITAL,NEW,0
2025,Dec,NV,PDL,DIGITAL,NON_NEW,0
2025,Dec,NV,PDL,PHYSICAL,NEW,0
2025,Dec,NV,PDL,PHYSICAL,NON_NEW,0
2025,Dec,NV,PDL,PHYSICAL,,0
2025,Dec,NV,PDL,UNKNOWN,,0
2025,Dec,OH,ILP,DIGITAL,NEW,435
2025,Dec,OH,ILP,DIGITAL,NON_NEW,2015
2025,Dec,OH,ILP,DIGITAL,,-2
2025,Dec,OH,ILP,PHYSICAL,NEW,683
2025,Dec,OH,ILP,PHYSICAL,NON_NEW,6409
2025,Dec,OH,ILP,PHYSICAL,,-12
2025,Dec,OH,ILP,UNKNOWN,NEW,-1
2025,Dec,OH,ILP,UNKNOWN,NON_NEW,0
2025,Dec,OH,ILP,UNKNOWN,,-6
2025,Dec,OH,ILP,,NEW,0
2025,Dec,OH,ILP,,,0
2025,Dec,OH,PDL,DIGITAL,NON_NEW,0
2025,Dec,OH,PDL,PHYSICAL,NON_NEW,0
2025,Dec,OK,ILP,DIGITAL,NEW,454
2025,Dec,OK,ILP,DIGITAL,NON_NEW,1003
2025,Dec,OK,ILP,DIGITAL,,-3
2025,Dec,OK,ILP,PHYSICAL,NEW,781
2025,Dec,OK,ILP,PHYSICAL,NON_NEW,2296
2025,Dec,OK,ILP,PHYSICAL,,-6
2025,Dec,OK,ILP,UNKNOWN,NEW,0
2025,Dec,OK,ILP,UNKNOWN,NON_NEW,0
2025,Dec,OK,ILP,UNKNOWN,,-11
2025,Dec,OK,PDL,PHYSICAL,NON_NEW,0
2025,Dec,RI,PDL,DIGITAL,NEW,89
2025,Dec,RI,PDL,DIGITAL,NON_NEW,1133
2025,Dec,RI,PDL,DIGITAL,,0
2025,Dec,RI,PDL,PHYSICAL,NEW,121
2025,Dec,RI,PDL,PHYSICAL,NON_NEW,7076
2025,Dec,RI,PDL,PHYSICAL,,-2
2025,Dec,RI,PDL,UNKNOWN,NEW,0
2025,Dec,RI,PDL,UNKNOWN,,0
2025,Dec,SC,PDL,DIGITAL,NEW,0
2025,Dec,SC,PDL,DIGITAL,NON_NEW,0
2025,Dec,SC,PDL,PHYSICAL,NEW,0
2025,Dec,SC,PDL,PHYSICAL,NON_NEW,0
2025,Dec,SC,PDL,PHYSICAL,,0
2025,Dec,SC,PDL,UNKNOWN,,0
2025,Dec,SC,PDL,,NON_NEW,0
2025,Dec,TN,ILP,DIGITAL,NON_NEW,0
2025,Dec,TN,ILP,PHYSICAL,NON_NEW,0
2025,Dec,TN,PDL,DIGITAL,NEW,3
2025,Dec,TN,PDL,DIGITAL,NON_NEW,59
2025,Dec,TN,PDL,DIGITAL,,0
2025,Dec,TN,PDL,PHYSICAL,NEW,2
2025,Dec,TN,PDL,PHYSICAL,NON_NEW,236
2025,Dec,TN,PDL,PHYSICAL,,-1
2025,Dec,TN,PDL,UNKNOWN,,0
2025,Dec,TN,PDL,,NEW,0
2025,Dec,TN,PDL,,NON_NEW,0
2025,Dec,TN,PDL,,,0
2025,Dec,TX,ILP,DIGITAL,NEW,2569
2025,Dec,TX,ILP,DIGITAL,NON_NEW,4074
2025,Dec,TX,ILP,DIGITAL,,-44
2025,Dec,TX,ILP,PHYSICAL,NEW,4995
2025,Dec,TX,ILP,PHYSICAL,NON_NEW,7772
2025,Dec,TX,ILP,PHYSICAL,,-103
2025,Dec,TX,ILP,UNKNOWN,NEW,-12
2025,Dec,TX,ILP,UNKNOWN,NON_NEW,-3
2025,Dec,TX,ILP,UNKNOWN,,-120
2025,Dec,TX,PDL,DIGITAL,NEW,224
2025,Dec,TX,PDL,DIGITAL,NON_NEW,743
2025,Dec,TX,PDL,DIGITAL,,0
2025,Dec,TX,PDL,PHYSICAL,NEW,85
2025,Dec,TX,PDL,PHYSICAL,NON_NEW,388
2025,Dec,TX,PDL,PHYSICAL,,-5
2025,Dec,TX,PDL,UNKNOWN,NEW,0
2025,Dec,TX,PDL,UNKNOWN,,-14
2025,Dec,UT,ILP,DIGITAL,NEW,53
2025,Dec,UT,ILP,DIGITAL,NON_NEW,85
2025,Dec,UT,ILP,DIGITAL,,-1
2025,Dec,UT,ILP,PHYSICAL,NEW,0
2025,Dec,UT,ILP,PHYSICAL,NON_NEW,9
2025,Dec,UT,ILP,PHYSICAL,,0
2025,Dec,UT,ILP,UNKNOWN,NEW,0
2025,Dec,UT,ILP,UNKNOWN,,-4
2025,Dec,UT,PDL,DIGITAL,NON_NEW,0
2025,Dec,UT,PDL,PHYSICAL,NEW,0
2025,Dec,UT,PDL,PHYSICAL,NON_NEW,0
2025,Dec,WI,ILP,DIGITAL,NEW,316
2025,Dec,WI,ILP,DIGITAL,NON_NEW,484
2025,Dec,WI,ILP,DIGITAL,,-7
2025,Dec,WI,ILP,PHYSICAL,NEW,397
2025,Dec,WI,ILP,PHYSICAL,NON_NEW,705
2025,Dec,WI,ILP,PHYSICAL,,-9
2025,Dec,WI,ILP,UNKNOWN,NEW,-2
2025,Dec,WI,ILP,UNKNOWN,,-8
2025,Dec,WI,PDL,DIGITAL,NON_NEW,0
2025,Dec,WI,PDL,PHYSICAL,NEW,0
2025,Dec,WI,PDL,PHYSICAL,NON_NEW,0
2025,Dec,WY,ILP,PHYSICAL,NON_NEW,0
2025,Dec,WY,PDL,DIGITAL,NEW,47
2025,Dec,WY,PDL,DIGITAL,NON_NEW,766
2025,Dec,WY,PDL,DIGITAL,,-1
2025,Dec,WY,PDL,PHYSICAL,NEW,93
2025,Dec,WY,PDL,PHYSICAL,NON_NEW,3031
2025,Dec,WY,PDL,PHYSICAL,,-6
2025,Dec,WY,PDL,UNKNOWN,NEW,0
2025,Dec,WY,PDL,UNKNOWN,,0
2025,Feb,AL,ILP,DIGITAL,NEW,123
2025,Feb,AL,ILP,DIGITAL,NON_NEW,846
2025,Feb,AL,ILP,DIGITAL,,0
2025,Feb,AL,ILP,PHYSICAL,NEW,580
2025,Feb,AL,ILP,PHYSICAL,NON_NEW,3608
2025,Feb,AL,ILP,PHYSICAL,,-1
2025,Feb,AL,ILP,UNKNOWN,NEW,0
2025,Feb,AL,ILP,UNKNOWN,,0
2025,Feb,AL,PDL,DIGITAL,NEW,0
2025,Feb,AL,PDL,DIGITAL,NON_NEW,0
2025,Feb,AL,PDL,DIGITAL,,0
2025,Feb,AL,PDL,PHYSICAL,NEW,0
2025,Feb,AL,PDL,PHYSICAL,NON_NEW,0
2025,Feb,AL,PDL,PHYSICAL,,0
2025,Feb,AL,PDL,UNKNOWN,,0
2025,Feb,AL,PDL,,NEW,0
2025,Feb,AL,PDL,,NON_NEW,0
2025,Feb,CA,ILP,DIGITAL,NON_NEW,0
2025,Feb,CA,ILP,PHYSICAL,NON_NEW,0
2025,Feb,CA,PDL,DIGITAL,NEW,771
2025,Feb,CA,PDL,DIGITAL,NON_NEW,16441
2025,Feb,CA,PDL,DIGITAL,,0
2025,Feb,CA,PDL,PHYSICAL,NEW,1596
2025,Feb,CA,PDL,PHYSICAL,NON_NEW,56359
2025,Feb,CA,PDL,PHYSICAL,,0
2025,Feb,CA,PDL,UNKNOWN,NEW,-8
2025,Feb,CA,PDL,UNKNOWN,,0
2025,Feb,CA,PDL,,NEW,0
2025,Feb,CA,PDL,,NON_NEW,0
2025,Feb,CA,PDL,,,0
2025,Feb,CO,ILP,DIGITAL,NEW,0
2025,Feb,CO,ILP,DIGITAL,NON_NEW,0
2025,Feb,CO,ILP,DIGITAL,,0
2025,Feb,CO,ILP,PHYSICAL,NEW,0
2025,Feb,CO,ILP,PHYSICAL,NON_NEW,0
2025,Feb,CO,ILP,PHYSICAL,,0
2025,Feb,CO,ILP,UNKNOWN,,0
2025,Feb,CO,ILP,,NEW,0
2025,Feb,CO,PDL,DIGITAL,NON_NEW,0
2025,Feb,CO,PDL,PHYSICAL,NON_NEW,0
2025,Feb,DE,ILP,DIGITAL,NEW,118
2025,Feb,DE,ILP,DIGITAL,NON_NEW,67
2025,Feb,DE,ILP,DIGITAL,,0
2025,Feb,DE,ILP,PHYSICAL,NEW,78
2025,Feb,DE,ILP,PHYSICAL,NON_NEW,196
2025,Feb,DE,ILP,PHYSICAL,,0
2025,Feb,DE,ILP,UNKNOWN,NEW,1
2025,Feb,DE,ILP,UNKNOWN,,0
2025,Feb,FL,ILP,DIGITAL,NEW,827
2025,Feb,FL,ILP,DIGITAL,NON_NEW,4926
2025,Feb,FL,ILP,DIGITAL,,0
2025,Feb,FL,ILP,PHYSICAL,NEW,2082
2025,Feb,FL,ILP,PHYSICAL,NON_NEW,20076
2025,Feb,FL,ILP,PHYSICAL,,0
2025,Feb,FL,ILP,UNKNOWN,NEW,-6
2025,Feb,FL,ILP,UNKNOWN,NON_NEW,1
2025,Feb,FL,ILP,UNKNOWN,,0
2025,Feb,FL,ILP,,NEW,0
2025,Feb,FL,ILP,,NON_NEW,0
2025,Feb,FL,ILP,,,0
2025,Feb,FL,PDL,DIGITAL,NEW,133
2025,Feb,FL,PDL,DIGITAL,NON_NEW,2525
2025,Feb,FL,PDL,DIGITAL,,0
2025,Feb,FL,PDL,PHYSICAL,NEW,193
2025,Feb,FL,PDL,PHYSICAL,NON_NEW,16678
2025,Feb,FL,PDL,PHYSICAL,,0
2025,Feb,FL,PDL,UNKNOWN,NEW,-1
2025,Feb,FL,PDL,UNKNOWN,,0
2025,Feb,FL,PDL,,NEW,0
2025,Feb,FL,PDL,,NON_NEW,0
2025,Feb,FL,PDL,,,0
2025,Feb,IA,ILP,PHYSICAL,NON_NEW,0
2025,Feb,IA,PDL,DIGITAL,NEW,70
2025,Feb,IA,PDL,DIGITAL,NON_NEW,1754
2025,Feb,IA,PDL,DIGITAL,,0
2025,Feb,IA,PDL,PHYSICAL,NEW,216
2025,Feb,IA,PDL,PHYSICAL,NON_NEW,8568
2025,Feb,IA,PDL,PHYSICAL,,0
2025,Feb,IA,PDL,UNKNOWN,NEW,0
2025,Feb,IA,PDL,UNKNOWN,,0
2025,Feb,ID,ILP,DIGITAL,NEW,116
2025,Feb,ID,ILP,DIGITAL,NON_NEW,30
2025,Feb,ID,ILP,DIGITAL,,0
2025,Feb,ID,ILP,PHYSICAL,NEW,20
2025,Feb,ID,ILP,PHYSICAL,NON_NEW,58
2025,Feb,ID,ILP,PHYSICAL,,0
2025,Feb,ID,ILP,UNKNOWN,NEW,3
2025,Feb,ID,ILP,UNKNOWN,,0
2025,Feb,ID,PDL,PHYSICAL,NON_NEW,0
2025,Feb,IN,PDL,DIGITAL,NEW,106
2025,Feb,IN,PDL,DIGITAL,NON_NEW,2429
2025,Feb,IN,PDL,DIGITAL,,0
2025,Feb,IN,PDL,PHYSICAL,NEW,361
2025,Feb,IN,PDL,PHYSICAL,NON_NEW,12933
2025,Feb,IN,PDL,PHYSICAL,,0
2025,Feb,IN,PDL,UNKNOWN,NEW,0
2025,Feb,IN,PDL,UNKNOWN,,0
2025,Feb,KS,ILP,DIGITAL,NON_NEW,0
2025,Feb,KS,ILP,PHYSICAL,NON_NEW,0
2025,Feb,KS,PDL,DIGITAL,NEW,0
2025,Feb,KS,PDL,DIGITAL,NON_NEW,0
2025,Feb,KS,PDL,DIGITAL,,0
2025,Feb,KS,PDL,PHYSICAL,NEW,0
2025,Feb,KS,PDL,PHYSICAL,NON_NEW,0
2025,Feb,KS,PDL,PHYSICAL,,0
2025,Feb,KS,PDL,UNKNOWN,NEW,0
2025,Feb,KS,PDL,UNKNOWN,,0
2025,Feb,KY,ILP,PHYSICAL,NON_NEW,0
2025,Feb,KY,PDL,DIGITAL,NEW,51
2025,Feb,KY,PDL,DIGITAL,NON_NEW,632
2025,Feb,KY,PDL,DIGITAL,,0
2025,Feb,KY,PDL,PHYSICAL,NEW,185
2025,Feb,KY,PDL,PHYSICAL,NON_NEW,7552
2025,Feb,KY,PDL,PHYSICAL,,0
2025,Feb,KY,PDL,UNKNOWN,NEW,0
2025,Feb,KY,PDL,UNKNOWN,NON_NEW,0
2025,Feb,KY,PDL,UNKNOWN,,0
2025,Feb,LA,ILP,PHYSICAL,NON_NEW,0
2025,Feb,LA,PDL,DIGITAL,NEW,102
2025,Feb,LA,PDL,DIGITAL,NON_NEW,2201
2025,Feb,LA,PDL,DIGITAL,,0
2025,Feb,LA,PDL,PHYSICAL,NEW,402
2025,Feb,LA,PDL,PHYSICAL,NON_NEW,12366
2025,Feb,LA,PDL,PHYSICAL,,0
2025,Feb,LA,PDL,UNKNOWN,NEW,0
2025,Feb,LA,PDL,UNKNOWN,,0
2025,Feb,MI,ILP,DIGITAL,NON_NEW,0
2025,Feb,MI,ILP,PHYSICAL,NON_NEW,0
2025,Feb,MI,PDL,DIGITAL,NEW,351
2025,Feb,MI,PDL,DIGITAL,NON_NEW,11132
2025,Feb,MI,PDL,DIGITAL,,0
2025,Feb,MI,PDL,PHYSICAL,NEW,1036
2025,Feb,MI,PDL,PHYSICAL,NON_NEW,41030
2025,Feb,MI,PDL,PHYSICAL,,-1
2025,Feb,MI,PDL,UNKNOWN,NEW,-2
2025,Feb,MI,PDL,UNKNOWN,NON_NEW,0
2025,Feb,MI,PDL,UNKNOWN,,0
2025,Feb,MO,ILP,DIGITAL,NEW,129
2025,Feb,MO,ILP,DIGITAL,NON_NEW,398
2025,Feb,MO,ILP,DIGITAL,,0
2025,Feb,MO,ILP,PHYSICAL,NEW,288
2025,Feb,MO,ILP,PHYSICAL,NON_NEW,1063
2025,Feb,MO,ILP,PHYSICAL,,0
2025,Feb,MO,ILP,UNKNOWN,NEW,-6
2025,Feb,MO,ILP,UNKNOWN,,0
2025,Feb,MO,PDL,DIGITAL,NEW,0
2025,Feb,MO,PDL,DIGITAL,NON_NEW,0
2025,Feb,MO,PDL,DIGITAL,,0
2025,Feb,MO,PDL,PHYSICAL,NEW,0
2025,Feb,MO,PDL,PHYSICAL,NON_NEW,0
2025,Feb,MO,PDL,PHYSICAL,,0
2025,Feb,MO,PDL,UNKNOWN,,0
2025,Feb,MS,ILP,DIGITAL,NEW,195
2025,Feb,MS,ILP,DIGITAL,NON_NEW,518
2025,Feb,MS,ILP,DIGITAL,,0
2025,Feb,MS,ILP,PHYSICAL,NEW,624
2025,Feb,MS,ILP,PHYSICAL,NON_NEW,2352
2025,Feb,MS,ILP,PHYSICAL,,0
2025,Feb,MS,ILP,UNKNOWN,NEW,-1
2025,Feb,MS,ILP,UNKNOWN,,0
2025,Feb,MS,PDL,DIGITAL,NEW,13
2025,Feb,MS,PDL,DIGITAL,NON_NEW,112
2025,Feb,MS,PDL,DIGITAL,,0
2025,Feb,MS,PDL,PHYSICAL,NEW,95
2025,Feb,MS,PDL,PHYSICAL,NON_NEW,550
2025,Feb,MS,PDL,PHYSICAL,,0
2025,Feb,MS,PDL,UNKNOWN,NEW,0
2025,Feb,MS,PDL,UNKNOWN,NON_NEW,0
2025,Feb,MS,PDL,UNKNOWN,,0
2025,Feb,NC,PDL,PHYSICAL,,0
2025,Feb,NV,ILP,DIGITAL,NEW,47
2025,Feb,NV,ILP,DIGITAL,NON_NEW,172
2025,Feb,NV,ILP,DIGITAL,,0
2025,Feb,NV,ILP,PHYSICAL,NEW,171
2025,Feb,NV,ILP,PHYSICAL,NON_NEW,509
2025,Feb,NV,ILP,PHYSICAL,,0
2025,Feb,NV,ILP,UNKNOWN,NEW,-3
2025,Feb,NV,ILP,UNKNOWN,,0
2025,Feb,NV,PDL,DIGITAL,NEW,0
2025,Feb,NV,PDL,DIGITAL,NON_NEW,0
2025,Feb,NV,PDL,PHYSICAL,NEW,0
2025,Feb,NV,PDL,PHYSICAL,NON_NEW,0
2025,Feb,NV,PDL,PHYSICAL,,0
2025,Feb,NV,PDL,UNKNOWN,,0
2025,Feb,OH,ILP,DIGITAL,NEW,153
2025,Feb,OH,ILP,DIGITAL,NON_NEW,1317
2025,Feb,OH,ILP,DIGITAL,,0
2025,Feb,OH,ILP,PHYSICAL,NEW,412
2025,Feb,OH,ILP,PHYSICAL,NON_NEW,4157
2025,Feb,OH,ILP,PHYSICAL,,0
2025,Feb,OH,ILP,UNKNOWN,NEW,0
2025,Feb,OH,ILP,UNKNOWN,,0
2025,Feb,OH,ILP,,NEW,0
2025,Feb,OH,ILP,,,0
2025,Feb,OH,PDL,DIGITAL,NON_NEW,0
2025,Feb,OH,PDL,PHYSICAL,NON_NEW,0
2025,Feb,OK,ILP,DIGITAL,NEW,126
2025,Feb,OK,ILP,DIGITAL,NON_NEW,751
2025,Feb,OK,ILP,DIGITAL,,0
2025,Feb,OK,ILP,PHYSICAL,NEW,281
2025,Feb,OK,ILP,PHYSICAL,NON_NEW,1718
2025,Feb,OK,ILP,PHYSICAL,,0
2025,Feb,OK,ILP,UNKNOWN,NEW,-3
2025,Feb,OK,ILP,UNKNOWN,,0
2025,Feb,OK,PDL,PHYSICAL,NON_NEW,0
2025,Feb,RI,PDL,DIGITAL,NEW,45
2025,Feb,RI,PDL,DIGITAL,NON_NEW,807
2025,Feb,RI,PDL,DIGITAL,,0
2025,Feb,RI,PDL,PHYSICAL,NEW,95
2025,Feb,RI,PDL,PHYSICAL,NON_NEW,6562
2025,Feb,RI,PDL,PHYSICAL,,0
2025,Feb,RI,PDL,UNKNOWN,NEW,0
2025,Feb,RI,PDL,UNKNOWN,,0
2025,Feb,SC,PDL,DIGITAL,NEW,0
2025,Feb,SC,PDL,DIGITAL,NON_NEW,0
2025,Feb,SC,PDL,PHYSICAL,NEW,0
2025,Feb,SC,PDL,PHYSICAL,NON_NEW,0
2025,Feb,SC,PDL,PHYSICAL,,0
2025,Feb,SC,PDL,UNKNOWN,,0
2025,Feb,SC,PDL,,NON_NEW,0
2025,Feb,TN,ILP,DIGITAL,NON_NEW,0
2025,Feb,TN,ILP,PHYSICAL,NON_NEW,0
2025,Feb,TN,PDL,DIGITAL,NEW,31
2025,Feb,TN,PDL,DIGITAL,NON_NEW,141
2025,Feb,TN,PDL,DIGITAL,,0
2025,Feb,TN,PDL,PHYSICAL,NEW,73
2025,Feb,TN,PDL,PHYSICAL,NON_NEW,519
2025,Feb,TN,PDL,PHYSICAL,,0
2025,Feb,TN,PDL,UNKNOWN,NEW,0
2025,Feb,TN,PDL,UNKNOWN,,0
2025,Feb,TN,PDL,,NEW,0
2025,Feb,TN,PDL,,NON_NEW,0
2025,Feb,TN,PDL,,,0
2025,Feb,TX,ILP,DIGITAL,NEW,829
2025,Feb,TX,ILP,DIGITAL,NON_NEW,3219
2025,Feb,TX,ILP,DIGITAL,,0
2025,Feb,TX,ILP,PHYSICAL,NEW,2122
2025,Feb,TX,ILP,PHYSICAL,NON_NEW,8532
2025,Feb,TX,ILP,PHYSICAL,,0
2025,Feb,TX,ILP,UNKNOWN,NEW,-19
2025,Feb,TX,ILP,UNKNOWN,,0
2025,Feb,TX,PDL,DIGITAL,NEW,157
2025,Feb,TX,PDL,DIGITAL,NON_NEW,1154
2025,Feb,TX,PDL,DIGITAL,,0
2025,Feb,TX,PDL,PHYSICAL,NEW,105
2025,Feb,TX,PDL,PHYSICAL,NON_NEW,843
2025,Feb,TX,PDL,PHYSICAL,,-1
2025,Feb,TX,PDL,UNKNOWN,NEW,-3
2025,Feb,TX,PDL,UNKNOWN,,0
2025,Feb,UT,ILP,DIGITAL,NEW,168
2025,Feb,UT,ILP,DIGITAL,NON_NEW,41
2025,Feb,UT,ILP,DIGITAL,,0
2025,Feb,UT,ILP,PHYSICAL,NEW,0
2025,Feb,UT,ILP,PHYSICAL,NON_NEW,21
2025,Feb,UT,ILP,PHYSICAL,,0
2025,Feb,UT,ILP,UNKNOWN,NEW,0
2025,Feb,UT,ILP,UNKNOWN,,-1
2025,Feb,UT,PDL,DIGITAL,NON_NEW,0
2025,Feb,UT,PDL,PHYSICAL,NEW,0
2025,Feb,UT,PDL,PHYSICAL,NON_NEW,0
2025,Feb,WI,ILP,DIGITAL,NEW,185
2025,Feb,WI,ILP,DIGITAL,NON_NEW,289
2025,Feb,WI,ILP,DIGITAL,,0
2025,Feb,WI,ILP,PHYSICAL,NEW,141
2025,Feb,WI,ILP,PHYSICAL,NON_NEW,451
2025,Feb,WI,ILP,PHYSICAL,,0
2025,Feb,WI,ILP,UNKNOWN,NEW,-1
2025,Feb,WI,ILP,UNKNOWN,,0
2025,Feb,WI,PDL,DIGITAL,NON_NEW,0
2025,Feb,WI,PDL,PHYSICAL,NEW,0
2025,Feb,WI,PDL,PHYSICAL,NON_NEW,0
2025,Feb,WY,ILP,PHYSICAL,NON_NEW,0
2025,Feb,WY,PDL,DIGITAL,NEW,15
2025,Feb,WY,PDL,DIGITAL,NON_NEW,531
2025,Feb,WY,PDL,DIGITAL,,0
2025,Feb,WY,PDL,PHYSICAL,NEW,63
2025,Feb,WY,PDL,PHYSICAL,NON_NEW,2533
2025,Feb,WY,PDL,PHYSICAL,,0
2025,Feb,WY,PDL,UNKNOWN,NEW,-1
2025,Feb,WY,PDL,UNKNOWN,,0
2025,Jan,AL,ILP,DIGITAL,NEW,189
2025,Jan,AL,ILP,DIGITAL,NON_NEW,950
2025,Jan,AL,ILP,DIGITAL,,0
2025,Jan,AL,ILP,PHYSICAL,NEW,651
2025,Jan,AL,ILP,PHYSICAL,NON_NEW,4184
2025,Jan,AL,ILP,PHYSICAL,,0
2025,Jan,AL,ILP,UNKNOWN,NEW,-2
2025,Jan,AL,ILP,UNKNOWN,,-1
2025,Jan,AL,PDL,DIGITAL,NEW,0
2025,Jan,AL,PDL,DIGITAL,NON_NEW,0
2025,Jan,AL,PDL,DIGITAL,,0
2025,Jan,AL,PDL,PHYSICAL,NEW,0
2025,Jan,AL,PDL,PHYSICAL,NON_NEW,0
2025,Jan,AL,PDL,PHYSICAL,,0
2025,Jan,AL,PDL,UNKNOWN,,0
2025,Jan,AL,PDL,,NEW,0
2025,Jan,AL,PDL,,NON_NEW,0
2025,Jan,CA,ILP,DIGITAL,NON_NEW,0
2025,Jan,CA,ILP,PHYSICAL,NON_NEW,0
2025,Jan,CA,PDL,DIGITAL,NEW,941
2025,Jan,CA,PDL,DIGITAL,NON_NEW,19330
2025,Jan,CA,PDL,DIGITAL,,0
2025,Jan,CA,PDL,PHYSICAL,NEW,2316
2025,Jan,CA,PDL,PHYSICAL,NON_NEW,64578
2025,Jan,CA,PDL,PHYSICAL,,0
2025,Jan,CA,PDL,UNKNOWN,NEW,-8
2025,Jan,CA,PDL,UNKNOWN,,0
2025,Jan,CA,PDL,,NEW,0
2025,Jan,CA,PDL,,NON_NEW,0
2025,Jan,CA,PDL,,,0
2025,Jan,CO,ILP,DIGITAL,NEW,0
2025,Jan,CO,ILP,DIGITAL,NON_NEW,0
2025,Jan,CO,ILP,DIGITAL,,0
2025,Jan,CO,ILP,PHYSICAL,NEW,0
2025,Jan,CO,ILP,PHYSICAL,NON_NEW,0
2025,Jan,CO,ILP,PHYSICAL,,0
2025,Jan,CO,ILP,UNKNOWN,,0
2025,Jan,CO,ILP,,NEW,0
2025,Jan,CO,PDL,DIGITAL,NON_NEW,0
2025,Jan,CO,PDL,PHYSICAL,NON_NEW,0
2025,Jan,DE,ILP,DIGITAL,NEW,29
2025,Jan,DE,ILP,DIGITAL,NON_NEW,85
2025,Jan,DE,ILP,DIGITAL,,0
2025,Jan,DE,ILP,PHYSICAL,NEW,76
2025,Jan,DE,ILP,PHYSICAL,NON_NEW,220
2025,Jan,DE,ILP,PHYSICAL,,0
2025,Jan,DE,ILP,UNKNOWN,NEW,0
2025,Jan,DE,ILP,UNKNOWN,,0
2025,Jan,FL,ILP,DIGITAL,NEW,957
2025,Jan,FL,ILP,DIGITAL,NON_NEW,5574
2025,Jan,FL,ILP,DIGITAL,,0
2025,Jan,FL,ILP,PHYSICAL,NEW,2562
2025,Jan,FL,ILP,PHYSICAL,NON_NEW,22106
2025,Jan,FL,ILP,PHYSICAL,,0
2025,Jan,FL,ILP,UNKNOWN,NEW,-3
2025,Jan,FL,ILP,UNKNOWN,,0
2025,Jan,FL,ILP,,NEW,0
2025,Jan,FL,ILP,,NON_NEW,0
2025,Jan,FL,ILP,,,0
2025,Jan,FL,PDL,DIGITAL,NEW,140
2025,Jan,FL,PDL,DIGITAL,NON_NEW,2944
2025,Jan,FL,PDL,DIGITAL,,0
2025,Jan,FL,PDL,PHYSICAL,NEW,238
2025,Jan,FL,PDL,PHYSICAL,NON_NEW,18231
2025,Jan,FL,PDL,PHYSICAL,,0
2025,Jan,FL,PDL,UNKNOWN,NEW,0
2025,Jan,FL,PDL,UNKNOWN,,0
2025,Jan,FL,PDL,,NEW,0
2025,Jan,FL,PDL,,NON_NEW,0
2025,Jan,FL,PDL,,,0
2025,Jan,IA,ILP,PHYSICAL,NON_NEW,0
2025,Jan,IA,PDL,DIGITAL,NEW,80
2025,Jan,IA,PDL,DIGITAL,NON_NEW,2029
2025,Jan,IA,PDL,DIGITAL,,0
2025,Jan,IA,PDL,PHYSICAL,NEW,361
2025,Jan,IA,PDL,PHYSICAL,NON_NEW,9790
2025,Jan,IA,PDL,PHYSICAL,,0
2025,Jan,IA,PDL,UNKNOWN,NEW,0
2025,Jan,IA,PDL,UNKNOWN,,0
2025,Jan,ID,ILP,DIGITAL,NEW,18
2025,Jan,ID,ILP,DIGITAL,NON_NEW,47
2025,Jan,ID,ILP,DIGITAL,,0
2025,Jan,ID,ILP,PHYSICAL,NEW,29
2025,Jan,ID,ILP,PHYSICAL,NON_NEW,77
2025,Jan,ID,ILP,PHYSICAL,,0
2025,Jan,ID,ILP,UNKNOWN,NEW,0
2025,Jan,ID,ILP,UNKNOWN,,0
2025,Jan,ID,PDL,PHYSICAL,NON_NEW,0
2025,Jan,IN,PDL,DIGITAL,NEW,171
2025,Jan,IN,PDL,DIGITAL,NON_NEW,2845
2025,Jan,IN,PDL,DIGITAL,,0
2025,Jan,IN,PDL,PHYSICAL,NEW,536
2025,Jan,IN,PDL,PHYSICAL,NON_NEW,15532
2025,Jan,IN,PDL,PHYSICAL,,0
2025,Jan,IN,PDL,UNKNOWN,NEW,-1
2025,Jan,IN,PDL,UNKNOWN,,0
2025,Jan,KS,ILP,DIGITAL,NON_NEW,0
2025,Jan,KS,ILP,PHYSICAL,NON_NEW,0
2025,Jan,KS,PDL,DIGITAL,NEW,0
2025,Jan,KS,PDL,DIGITAL,NON_NEW,36
2025,Jan,KS,PDL,DIGITAL,,0
2025,Jan,KS,PDL,PHYSICAL,NEW,2
2025,Jan,KS,PDL,PHYSICAL,NON_NEW,257
2025,Jan,KS,PDL,PHYSICAL,,0
2025,Jan,KS,PDL,UNKNOWN,NEW,0
2025,Jan,KS,PDL,UNKNOWN,,0
2025,Jan,KY,ILP,PHYSICAL,NON_NEW,0
2025,Jan,KY,PDL,DIGITAL,NEW,54
2025,Jan,KY,PDL,DIGITAL,NON_NEW,760
2025,Jan,KY,PDL,DIGITAL,,0
2025,Jan,KY,PDL,PHYSICAL,NEW,304
2025,Jan,KY,PDL,PHYSICAL,NON_NEW,9039
2025,Jan,KY,PDL,PHYSICAL,,0
2025,Jan,KY,PDL,UNKNOWN,NEW,0
2025,Jan,KY,PDL,UNKNOWN,NON_NEW,0
2025,Jan,KY,PDL,UNKNOWN,,0
2025,Jan,LA,ILP,PHYSICAL,NON_NEW,0
2025,Jan,LA,PDL,DIGITAL,NEW,98
2025,Jan,LA,PDL,DIGITAL,NON_NEW,2581
2025,Jan,LA,PDL,DIGITAL,,0
2025,Jan,LA,PDL,PHYSICAL,NEW,669
2025,Jan,LA,PDL,PHYSICAL,NON_NEW,13995
2025,Jan,LA,PDL,PHYSICAL,,0
2025,Jan,LA,PDL,UNKNOWN,NEW,0
2025,Jan,LA,PDL,UNKNOWN,,0
2025,Jan,MI,ILP,DIGITAL,NON_NEW,0
2025,Jan,MI,ILP,PHYSICAL,NON_NEW,0
2025,Jan,MI,PDL,DIGITAL,NEW,420
2025,Jan,MI,PDL,DIGITAL,NON_NEW,13474
2025,Jan,MI,PDL,DIGITAL,,0
2025,Jan,MI,PDL,PHYSICAL,NEW,1613
2025,Jan,MI,PDL,PHYSICAL,NON_NEW,49795
2025,Jan,MI,PDL,PHYSICAL,,0
2025,Jan,MI,PDL,UNKNOWN,NEW,-2
2025,Jan,MI,PDL,UNKNOWN,NON_NEW,0
2025,Jan,MI,PDL,UNKNOWN,,0
2025,Jan,MO,ILP,DIGITAL,NEW,332
2025,Jan,MO,ILP,DIGITAL,NON_NEW,438
2025,Jan,MO,ILP,DIGITAL,,0
2025,Jan,MO,ILP,PHYSICAL,NEW,351
2025,Jan,MO,ILP,PHYSICAL,NON_NEW,1225
2025,Jan,MO,ILP,PHYSICAL,,0
2025,Jan,MO,ILP,UNKNOWN,NEW,-7
2025,Jan,MO,ILP,UNKNOWN,,0
2025,Jan,MO,PDL,DIGITAL,NEW,0
2025,Jan,MO,PDL,DIGITAL,NON_NEW,0
2025,Jan,MO,PDL,DIGITAL,,0
2025,Jan,MO,PDL,PHYSICAL,NEW,0
2025,Jan,MO,PDL,PHYSICAL,NON_NEW,0
2025,Jan,MO,PDL,PHYSICAL,,0
2025,Jan,MO,PDL,UNKNOWN,,0
2025,Jan,MS,ILP,DIGITAL,NEW,272
2025,Jan,MS,ILP,DIGITAL,NON_NEW,610
2025,Jan,MS,ILP,DIGITAL,,0
2025,Jan,MS,ILP,PHYSICAL,NEW,645
2025,Jan,MS,ILP,PHYSICAL,NON_NEW,2722
2025,Jan,MS,ILP,PHYSICAL,,-1
2025,Jan,MS,ILP,UNKNOWN,NEW,-3
2025,Jan,MS,ILP,UNKNOWN,,-2
2025,Jan,MS,PDL,DIGITAL,NEW,21
2025,Jan,MS,PDL,DIGITAL,NON_NEW,130
2025,Jan,MS,PDL,DIGITAL,,0
2025,Jan,MS,PDL,PHYSICAL,NEW,152
2025,Jan,MS,PDL,PHYSICAL,NON_NEW,668
2025,Jan,MS,PDL,PHYSICAL,,0
2025,Jan,MS,PDL,UNKNOWN,NEW,0
2025,Jan,MS,PDL,UNKNOWN,NON_NEW,0
2025,Jan,MS,PDL,UNKNOWN,,0
2025,Jan,NC,PDL,PHYSICAL,,0
2025,Jan,NV,ILP,DIGITAL,NEW,67
2025,Jan,NV,ILP,DIGITAL,NON_NEW,191
2025,Jan,NV,ILP,DIGITAL,,0
2025,Jan,NV,ILP,PHYSICAL,NEW,226
2025,Jan,NV,ILP,PHYSICAL,NON_NEW,513
2025,Jan,NV,ILP,PHYSICAL,,-1
2025,Jan,NV,ILP,UNKNOWN,NEW,1
2025,Jan,NV,ILP,UNKNOWN,,0
2025,Jan,NV,PDL,DIGITAL,NEW,0
2025,Jan,NV,PDL,DIGITAL,NON_NEW,0
2025,Jan,NV,PDL,PHYSICAL,NEW,0
2025,Jan,NV,PDL,PHYSICAL,NON_NEW,0
2025,Jan,NV,PDL,PHYSICAL,,0
2025,Jan,NV,PDL,UNKNOWN,,0
2025,Jan,OH,ILP,DIGITAL,NEW,239
2025,Jan,OH,ILP,DIGITAL,NON_NEW,1336
2025,Jan,OH,ILP,DIGITAL,,0
2025,Jan,OH,ILP,PHYSICAL,NEW,546
2025,Jan,OH,ILP,PHYSICAL,NON_NEW,4433
2025,Jan,OH,ILP,PHYSICAL,,0
2025,Jan,OH,ILP,UNKNOWN,NEW,-1
2025,Jan,OH,ILP,UNKNOWN,,0
2025,Jan,OH,ILP,,NEW,0
2025,Jan,OH,ILP,,,0
2025,Jan,OH,PDL,DIGITAL,NON_NEW,0
2025,Jan,OH,PDL,PHYSICAL,NON_NEW,0
2025,Jan,OK,ILP,DIGITAL,NEW,154
2025,Jan,OK,ILP,DIGITAL,NON_NEW,960
2025,Jan,OK,ILP,DIGITAL,,0
2025,Jan,OK,ILP,PHYSICAL,NEW,376
2025,Jan,OK,ILP,PHYSICAL,NON_NEW,2080
2025,Jan,OK,ILP,PHYSICAL,,-1
2025,Jan,OK,ILP,UNKNOWN,NEW,-1
2025,Jan,OK,ILP,UNKNOWN,,0
2025,Jan,OK,PDL,PHYSICAL,NON_NEW,0
2025,Jan,RI,PDL,DIGITAL,NEW,43
2025,Jan,RI,PDL,DIGITAL,NON_NEW,915
2025,Jan,RI,PDL,DIGITAL,,0
2025,Jan,RI,PDL,PHYSICAL,NEW,143
2025,Jan,RI,PDL,PHYSICAL,NON_NEW,7681
2025,Jan,RI,PDL,PHYSICAL,,0
2025,Jan,RI,PDL,UNKNOWN,NEW,0
2025,Jan,RI,PDL,UNKNOWN,,0
2025,Jan,SC,PDL,DIGITAL,NEW,0
2025,Jan,SC,PDL,DIGITAL,NON_NEW,0
2025,Jan,SC,PDL,PHYSICAL,NEW,0
2025,Jan,SC,PDL,PHYSICAL,NON_NEW,0
2025,Jan,SC,PDL,PHYSICAL,,0
2025,Jan,SC,PDL,UNKNOWN,,0
2025,Jan,SC,PDL,,NON_NEW,0
2025,Jan,TN,ILP,DIGITAL,NON_NEW,0
2025,Jan,TN,ILP,PHYSICAL,NON_NEW,0
2025,Jan,TN,PDL,DIGITAL,NEW,47
2025,Jan,TN,PDL,DIGITAL,NON_NEW,179
2025,Jan,TN,PDL,DIGITAL,,0
2025,Jan,TN,PDL,PHYSICAL,NEW,105
2025,Jan,TN,PDL,PHYSICAL,NON_NEW,632
2025,Jan,TN,PDL,PHYSICAL,,0
2025,Jan,TN,PDL,UNKNOWN,NEW,0
2025,Jan,TN,PDL,UNKNOWN,,0
2025,Jan,TN,PDL,,NEW,0
2025,Jan,TN,PDL,,NON_NEW,0
2025,Jan,TN,PDL,,,0
2025,Jan,TX,ILP,DIGITAL,NEW,1088
2025,Jan,TX,ILP,DIGITAL,NON_NEW,3842
2025,Jan,TX,ILP,DIGITAL,,0
2025,Jan,TX,ILP,PHYSICAL,NEW,2469
2025,Jan,TX,ILP,PHYSICAL,NON_NEW,10268
2025,Jan,TX,ILP,PHYSICAL,,-1
2025,Jan,TX,ILP,UNKNOWN,NEW,-22
2025,Jan,TX,ILP,UNKNOWN,,-1
2025,Jan,TX,PDL,DIGITAL,NEW,215
2025,Jan,TX,PDL,DIGITAL,NON_NEW,1545
2025,Jan,TX,PDL,DIGITAL,,0
2025,Jan,TX,PDL,PHYSICAL,NEW,144
2025,Jan,TX,PDL,PHYSICAL,NON_NEW,1068
2025,Jan,TX,PDL,PHYSICAL,,-1
2025,Jan,TX,PDL,UNKNOWN,NEW,-1
2025,Jan,TX,PDL,UNKNOWN,,0
2025,Jan,UT,ILP,DIGITAL,NEW,27
2025,Jan,UT,ILP,DIGITAL,NON_NEW,47
2025,Jan,UT,ILP,DIGITAL,,0
2025,Jan,UT,ILP,PHYSICAL,NEW,0
2025,Jan,UT,ILP,PHYSICAL,NON_NEW,16
2025,Jan,UT,ILP,PHYSICAL,,0
2025,Jan,UT,ILP,UNKNOWN,NEW,0
2025,Jan,UT,ILP,UNKNOWN,,0
2025,Jan,UT,PDL,DIGITAL,NON_NEW,0
2025,Jan,UT,PDL,PHYSICAL,NEW,0
2025,Jan,UT,PDL,PHYSICAL,NON_NEW,0
2025,Jan,WI,ILP,DIGITAL,NEW,242
2025,Jan,WI,ILP,DIGITAL,NON_NEW,369
2025,Jan,WI,ILP,DIGITAL,,0
2025,Jan,WI,ILP,PHYSICAL,NEW,201
2025,Jan,WI,ILP,PHYSICAL,NON_NEW,591
2025,Jan,WI,ILP,PHYSICAL,,0
2025,Jan,WI,ILP,UNKNOWN,NEW,-4
2025,Jan,WI,ILP,UNKNOWN,,0
2025,Jan,WI,PDL,DIGITAL,NON_NEW,0
2025,Jan,WI,PDL,PHYSICAL,NEW,0
2025,Jan,WI,PDL,PHYSICAL,NON_NEW,0
2025,Jan,WY,ILP,PHYSICAL,NON_NEW,0
2025,Jan,WY,PDL,DIGITAL,NEW,24
2025,Jan,WY,PDL,DIGITAL,NON_NEW,668
2025,Jan,WY,PDL,DIGITAL,,0
2025,Jan,WY,PDL,PHYSICAL,NEW,82
2025,Jan,WY,PDL,PHYSICAL,NON_NEW,3033
2025,Jan,WY,PDL,PHYSICAL,,0
2025,Jan,WY,PDL,UNKNOWN,NEW,0
2025,Jan,WY,PDL,UNKNOWN,,0
2025,Jul,AL,ILP,DIGITAL,NEW,215
2025,Jul,AL,ILP,DIGITAL,NON_NEW,918
2025,Jul,AL,ILP,DIGITAL,,0
2025,Jul,AL,ILP,PHYSICAL,NEW,1019
2025,Jul,AL,ILP,PHYSICAL,NON_NEW,4567
2025,Jul,AL,ILP,PHYSICAL,,0
2025,Jul,AL,ILP,UNKNOWN,NEW,0
2025,Jul,AL,ILP,UNKNOWN,,0
2025,Jul,AL,PDL,DIGITAL,NEW,0
2025,Jul,AL,PDL,DIGITAL,NON_NEW,0
2025,Jul,AL,PDL,DIGITAL,,0
2025,Jul,AL,PDL,PHYSICAL,NEW,0
2025,Jul,AL,PDL,PHYSICAL,NON_NEW,0
2025,Jul,AL,PDL,PHYSICAL,,0
2025,Jul,AL,PDL,UNKNOWN,,0
2025,Jul,AL,PDL,,NEW,0
2025,Jul,AL,PDL,,NON_NEW,0
2025,Jul,CA,ILP,DIGITAL,NON_NEW,0
2025,Jul,CA,ILP,PHYSICAL,NON_NEW,0
2025,Jul,CA,PDL,DIGITAL,NEW,1412
2025,Jul,CA,PDL,DIGITAL,NON_NEW,19220
2025,Jul,CA,PDL,DIGITAL,,0
2025,Jul,CA,PDL,PHYSICAL,NEW,2224
2025,Jul,CA,PDL,PHYSICAL,NON_NEW,62177
2025,Jul,CA,PDL,PHYSICAL,,0
2025,Jul,CA,PDL,UNKNOWN,NEW,-6
2025,Jul,CA,PDL,UNKNOWN,,0
2025,Jul,CA,PDL,,NEW,0
2025,Jul,CA,PDL,,NON_NEW,0
2025,Jul,CA,PDL,,,0
2025,Jul,CO,ILP,DIGITAL,NEW,0
2025,Jul,CO,ILP,DIGITAL,NON_NEW,0
2025,Jul,CO,ILP,DIGITAL,,0
2025,Jul,CO,ILP,PHYSICAL,NEW,0
2025,Jul,CO,ILP,PHYSICAL,NON_NEW,0
2025,Jul,CO,ILP,PHYSICAL,,0
2025,Jul,CO,ILP,UNKNOWN,,0
2025,Jul,CO,ILP,,NEW,0
2025,Jul,CO,PDL,DIGITAL,NEW,0
2025,Jul,CO,PDL,DIGITAL,NON_NEW,0
2025,Jul,CO,PDL,PHYSICAL,NON_NEW,0
2025,Jul,DE,ILP,DIGITAL,NEW,135
2025,Jul,DE,ILP,DIGITAL,NON_NEW,106
2025,Jul,DE,ILP,DIGITAL,,0
2025,Jul,DE,ILP,PHYSICAL,NEW,90
2025,Jul,DE,ILP,PHYSICAL,NON_NEW,242
2025,Jul,DE,ILP,PHYSICAL,,0
2025,Jul,DE,ILP,UNKNOWN,NEW,-4
2025,Jul,DE,ILP,UNKNOWN,,0
2025,Jul,FL,ILP,DIGITAL,NEW,1875
2025,Jul,FL,ILP,DIGITAL,NON_NEW,6688
2025,Jul,FL,ILP,DIGITAL,,0
2025,Jul,FL,ILP,PHYSICAL,NEW,3042
2025,Jul,FL,ILP,PHYSICAL,NON_NEW,23924
2025,Jul,FL,ILP,PHYSICAL,,0
2025,Jul,FL,ILP,UNKNOWN,NEW,-18
2025,Jul,FL,ILP,UNKNOWN,NON_NEW,0
2025,Jul,FL,ILP,UNKNOWN,,0
2025,Jul,FL,ILP,,NEW,0
2025,Jul,FL,ILP,,NON_NEW,0
2025,Jul,FL,ILP,,,0
2025,Jul,FL,PDL,DIGITAL,NEW,128
2025,Jul,FL,PDL,DIGITAL,NON_NEW,2373
2025,Jul,FL,PDL,DIGITAL,,0
2025,Jul,FL,PDL,PHYSICAL,NEW,222
2025,Jul,FL,PDL,PHYSICAL,NON_NEW,16454
2025,Jul,FL,PDL,PHYSICAL,,0
2025,Jul,FL,PDL,UNKNOWN,NEW,0
2025,Jul,FL,PDL,UNKNOWN,,0
2025,Jul,FL,PDL,,NEW,0
2025,Jul,FL,PDL,,NON_NEW,0
2025,Jul,FL,PDL,,,0
2025,Jul,IA,ILP,PHYSICAL,NON_NEW,0
2025,Jul,IA,PDL,DIGITAL,NEW,134
2025,Jul,IA,PDL,DIGITAL,NON_NEW,2036
2025,Jul,IA,PDL,DIGITAL,,0
2025,Jul,IA,PDL,PHYSICAL,NEW,311
2025,Jul,IA,PDL,PHYSICAL,NON_NEW,9019
2025,Jul,IA,PDL,PHYSICAL,,0
2025,Jul,IA,PDL,UNKNOWN,NEW,0
2025,Jul,IA,PDL,UNKNOWN,,0
2025,Jul,ID,ILP,DIGITAL,NEW,158
2025,Jul,ID,ILP,DIGITAL,NON_NEW,63
2025,Jul,ID,ILP,DIGITAL,,0
2025,Jul,ID,ILP,PHYSICAL,NEW,36
2025,Jul,ID,ILP,PHYSICAL,NON_NEW,73
2025,Jul,ID,ILP,PHYSICAL,,0
2025,Jul,ID,ILP,UNKNOWN,NEW,-2
2025,Jul,ID,ILP,UNKNOWN,,0
2025,Jul,ID,PDL,PHYSICAL,NON_NEW,0
2025,Jul,IN,PDL,DIGITAL,NEW,230
2025,Jul,IN,PDL,DIGITAL,NON_NEW,2867
2025,Jul,IN,PDL,DIGITAL,,0
2025,Jul,IN,PDL,PHYSICAL,NEW,600
2025,Jul,IN,PDL,PHYSICAL,NON_NEW,14559
2025,Jul,IN,PDL,PHYSICAL,,0
2025,Jul,IN,PDL,UNKNOWN,NEW,0
2025,Jul,IN,PDL,UNKNOWN,,0
2025,Jul,KS,ILP,DIGITAL,NON_NEW,0
2025,Jul,KS,ILP,PHYSICAL,NON_NEW,0
2025,Jul,KS,PDL,DIGITAL,NEW,0
2025,Jul,KS,PDL,DIGITAL,NON_NEW,0
2025,Jul,KS,PDL,DIGITAL,,0
2025,Jul,KS,PDL,PHYSICAL,NEW,0
2025,Jul,KS,PDL,PHYSICAL,NON_NEW,0
2025,Jul,KS,PDL,PHYSICAL,,0
2025,Jul,KS,PDL,UNKNOWN,NEW,0
2025,Jul,KS,PDL,UNKNOWN,,0
2025,Jul,KY,ILP,PHYSICAL,NON_NEW,0
2025,Jul,KY,PDL,DIGITAL,NEW,137
2025,Jul,KY,PDL,DIGITAL,NON_NEW,877
2025,Jul,KY,PDL,DIGITAL,,0
2025,Jul,KY,PDL,PHYSICAL,NEW,246
2025,Jul,KY,PDL,PHYSICAL,NON_NEW,7749
2025,Jul,KY,PDL,PHYSICAL,,0
2025,Jul,KY,PDL,UNKNOWN,NEW,0
2025,Jul,KY,PDL,UNKNOWN,NON_NEW,0
2025,Jul,KY,PDL,UNKNOWN,,0
2025,Jul,LA,ILP,PHYSICAL,NON_NEW,0
2025,Jul,LA,PDL,DIGITAL,NEW,307
2025,Jul,LA,PDL,DIGITAL,NON_NEW,2807
2025,Jul,LA,PDL,DIGITAL,,0
2025,Jul,LA,PDL,PHYSICAL,NEW,776
2025,Jul,LA,PDL,PHYSICAL,NON_NEW,13528
2025,Jul,LA,PDL,PHYSICAL,,0
2025,Jul,LA,PDL,UNKNOWN,NEW,-4
2025,Jul,LA,PDL,UNKNOWN,,0
2025,Jul,MI,ILP,DIGITAL,NON_NEW,0
2025,Jul,MI,ILP,PHYSICAL,NON_NEW,0
2025,Jul,MI,PDL,DIGITAL,NEW,763
2025,Jul,MI,PDL,DIGITAL,NON_NEW,13152
2025,Jul,MI,PDL,DIGITAL,,0
2025,Jul,MI,PDL,PHYSICAL,NEW,1479
2025,Jul,MI,PDL,PHYSICAL,NON_NEW,45727
2025,Jul,MI,PDL,PHYSICAL,,0
2025,Jul,MI,PDL,UNKNOWN,NEW,-1
2025,Jul,MI,PDL,UNKNOWN,NON_NEW,0
2025,Jul,MI,PDL,UNKNOWN,,0
2025,Jul,MO,ILP,DIGITAL,NEW,524
2025,Jul,MO,ILP,DIGITAL,NON_NEW,569
2025,Jul,MO,ILP,DIGITAL,,0
2025,Jul,MO,ILP,PHYSICAL,NEW,493
2025,Jul,MO,ILP,PHYSICAL,NON_NEW,1251
2025,Jul,MO,ILP,PHYSICAL,,0
2025,Jul,MO,ILP,UNKNOWN,NEW,-7
2025,Jul,MO,ILP,UNKNOWN,,0
2025,Jul,MO,PDL,DIGITAL,NEW,0
2025,Jul,MO,PDL,DIGITAL,NON_NEW,0
2025,Jul,MO,PDL,DIGITAL,,0
2025,Jul,MO,PDL,PHYSICAL,NEW,0
2025,Jul,MO,PDL,PHYSICAL,NON_NEW,0
2025,Jul,MO,PDL,PHYSICAL,,0
2025,Jul,MO,PDL,UNKNOWN,,0
2025,Jul,MS,ILP,DIGITAL,NEW,533
2025,Jul,MS,ILP,DIGITAL,NON_NEW,764
2025,Jul,MS,ILP,DIGITAL,,0
2025,Jul,MS,ILP,PHYSICAL,NEW,1118
2025,Jul,MS,ILP,PHYSICAL,NON_NEW,3066
2025,Jul,MS,ILP,PHYSICAL,,0
2025,Jul,MS,ILP,UNKNOWN,NEW,-5
2025,Jul,MS,ILP,UNKNOWN,,0
2025,Jul,MS,PDL,DIGITAL,NEW,4
2025,Jul,MS,PDL,DIGITAL,NON_NEW,60
2025,Jul,MS,PDL,DIGITAL,,0
2025,Jul,MS,PDL,PHYSICAL,NEW,3
2025,Jul,MS,PDL,PHYSICAL,NON_NEW,243
2025,Jul,MS,PDL,PHYSICAL,,0
2025,Jul,MS,PDL,UNKNOWN,NEW,0
2025,Jul,MS,PDL,UNKNOWN,NON_NEW,0
2025,Jul,MS,PDL,UNKNOWN,,0
2025,Jul,NC,ILP,UNKNOWN,,0
2025,Jul,NC,PDL,PHYSICAL,,0
2025,Jul,NV,ILP,DIGITAL,NEW,114
2025,Jul,NV,ILP,DIGITAL,NON_NEW,199
2025,Jul,NV,ILP,DIGITAL,,0
2025,Jul,NV,ILP,PHYSICAL,NEW,299
2025,Jul,NV,ILP,PHYSICAL,NON_NEW,590
2025,Jul,NV,ILP,PHYSICAL,,0
2025,Jul,NV,ILP,UNKNOWN,NEW,0
2025,Jul,NV,ILP,UNKNOWN,,0
2025,Jul,NV,PDL,DIGITAL,NEW,0
2025,Jul,NV,PDL,DIGITAL,NON_NEW,0
2025,Jul,NV,PDL,PHYSICAL,NEW,0
2025,Jul,NV,PDL,PHYSICAL,NON_NEW,0
2025,Jul,NV,PDL,PHYSICAL,,0
2025,Jul,NV,PDL,UNKNOWN,,0
2025,Jul,OH,ILP,DIGITAL,NEW,319
2025,Jul,OH,ILP,DIGITAL,NON_NEW,1883
2025,Jul,OH,ILP,DIGITAL,,0
2025,Jul,OH,ILP,PHYSICAL,NEW,683
2025,Jul,OH,ILP,PHYSICAL,NON_NEW,5774
2025,Jul,OH,ILP,PHYSICAL,,0
2025,Jul,OH,ILP,UNKNOWN,NEW,-2
2025,Jul,OH,ILP,UNKNOWN,,0
2025,Jul,OH,ILP,,NEW,0
2025,Jul,OH,ILP,,,0
2025,Jul,OH,PDL,DIGITAL,NON_NEW,0
2025,Jul,OH,PDL,PHYSICAL,NON_NEW,0
2025,Jul,OK,ILP,DIGITAL,NEW,285
2025,Jul,OK,ILP,DIGITAL,NON_NEW,953
2025,Jul,OK,ILP,DIGITAL,,0
2025,Jul,OK,ILP,PHYSICAL,NEW,570
2025,Jul,OK,ILP,PHYSICAL,NON_NEW,2254
2025,Jul,OK,ILP,PHYSICAL,,0
2025,Jul,OK,ILP,UNKNOWN,NEW,1
2025,Jul,OK,ILP,UNKNOWN,,0
2025,Jul,OK,PDL,PHYSICAL,NON_NEW,0
2025,Jul,RI,PDL,DIGITAL,NEW,79
2025,Jul,RI,PDL,DIGITAL,NON_NEW,961
2025,Jul,RI,PDL,DIGITAL,,0
2025,Jul,RI,PDL,PHYSICAL,NEW,121
2025,Jul,RI,PDL,PHYSICAL,NON_NEW,6959
2025,Jul,RI,PDL,PHYSICAL,,0
2025,Jul,RI,PDL,UNKNOWN,NEW,0
2025,Jul,RI,PDL,UNKNOWN,,0
2025,Jul,SC,PDL,DIGITAL,NEW,0
2025,Jul,SC,PDL,DIGITAL,NON_NEW,0
2025,Jul,SC,PDL,PHYSICAL,NEW,0
2025,Jul,SC,PDL,PHYSICAL,NON_NEW,0
2025,Jul,SC,PDL,PHYSICAL,,0
2025,Jul,SC,PDL,UNKNOWN,,0
2025,Jul,SC,PDL,,NON_NEW,0
2025,Jul,TN,ILP,DIGITAL,NON_NEW,0
2025,Jul,TN,ILP,PHYSICAL,NON_NEW,0
2025,Jul,TN,PDL,DIGITAL,NEW,4
2025,Jul,TN,PDL,DIGITAL,NON_NEW,117
2025,Jul,TN,PDL,DIGITAL,,0
2025,Jul,TN,PDL,PHYSICAL,NEW,2
2025,Jul,TN,PDL,PHYSICAL,NON_NEW,340
2025,Jul,TN,PDL,PHYSICAL,,0
2025,Jul,TN,PDL,UNKNOWN,NEW,0
2025,Jul,TN,PDL,UNKNOWN,,0
2025,Jul,TN,PDL,,NEW,0
2025,Jul,TN,PDL,,NON_NEW,0
2025,Jul,TN,PDL,,,0
2025,Jul,TX,ILP,DIGITAL,NEW,3438
2025,Jul,TX,ILP,DIGITAL,NON_NEW,3359
2025,Jul,TX,ILP,DIGITAL,,1
2025,Jul,TX,ILP,PHYSICAL,NEW,4193
2025,Jul,TX,ILP,PHYSICAL,NON_NEW,7045
2025,Jul,TX,ILP,PHYSICAL,,0
2025,Jul,TX,ILP,UNKNOWN,NEW,-10
2025,Jul,TX,ILP,UNKNOWN,,0
2025,Jul,TX,PDL,DIGITAL,NEW,219
2025,Jul,TX,PDL,DIGITAL,NON_NEW,833
2025,Jul,TX,PDL,DIGITAL,,0
2025,Jul,TX,PDL,PHYSICAL,NEW,206
2025,Jul,TX,PDL,PHYSICAL,NON_NEW,572
2025,Jul,TX,PDL,PHYSICAL,,0
2025,Jul,TX,PDL,UNKNOWN,NEW,-4
2025,Jul,TX,PDL,UNKNOWN,,0
2025,Jul,UT,ILP,DIGITAL,NEW,193
2025,Jul,UT,ILP,DIGITAL,NON_NEW,92
2025,Jul,UT,ILP,DIGITAL,,0
2025,Jul,UT,ILP,PHYSICAL,NEW,0
2025,Jul,UT,ILP,PHYSICAL,NON_NEW,19
2025,Jul,UT,ILP,PHYSICAL,,0
2025,Jul,UT,ILP,UNKNOWN,NEW,-3
2025,Jul,UT,ILP,UNKNOWN,,0
2025,Jul,UT,PDL,DIGITAL,NON_NEW,0
2025,Jul,UT,PDL,PHYSICAL,NEW,0
2025,Jul,UT,PDL,PHYSICAL,NON_NEW,0
2025,Jul,WI,ILP,DIGITAL,NEW,386
2025,Jul,WI,ILP,DIGITAL,NON_NEW,405
2025,Jul,WI,ILP,DIGITAL,,0
2025,Jul,WI,ILP,PHYSICAL,NEW,375
2025,Jul,WI,ILP,PHYSICAL,NON_NEW,611
2025,Jul,WI,ILP,PHYSICAL,,1
2025,Jul,WI,ILP,UNKNOWN,NEW,-2
2025,Jul,WI,ILP,UNKNOWN,,0
2025,Jul,WI,PDL,DIGITAL,NON_NEW,0
2025,Jul,WI,PDL,PHYSICAL,NEW,0
2025,Jul,WI,PDL,PHYSICAL,NON_NEW,0
2025,Jul,WY,ILP,PHYSICAL,NON_NEW,0
2025,Jul,WY,PDL,DIGITAL,NEW,58
2025,Jul,WY,PDL,DIGITAL,NON_NEW,749
2025,Jul,WY,PDL,DIGITAL,,0
2025,Jul,WY,PDL,PHYSICAL,NEW,121
2025,Jul,WY,PDL,PHYSICAL,NON_NEW,3093
2025,Jul,WY,PDL,PHYSICAL,,0
2025,Jul,WY,PDL,UNKNOWN,NEW,-1
2025,Jul,WY,PDL,UNKNOWN,,0
2025,Jun,AL,ILP,DIGITAL,NEW,201
2025,Jun,AL,ILP,DIGITAL,NON_NEW,857
2025,Jun,AL,ILP,DIGITAL,,0
2025,Jun,AL,ILP,PHYSICAL,NEW,826
2025,Jun,AL,ILP,PHYSICAL,NON_NEW,4167
2025,Jun,AL,ILP,PHYSICAL,,0
2025,Jun,AL,ILP,UNKNOWN,NEW,0
2025,Jun,AL,ILP,UNKNOWN,,0
2025,Jun,AL,PDL,DIGITAL,NEW,0
2025,Jun,AL,PDL,DIGITAL,NON_NEW,0
2025,Jun,AL,PDL,DIGITAL,,0
2025,Jun,AL,PDL,PHYSICAL,NEW,0
2025,Jun,AL,PDL,PHYSICAL,NON_NEW,0
2025,Jun,AL,PDL,PHYSICAL,,0
2025,Jun,AL,PDL,UNKNOWN,,0
2025,Jun,AL,PDL,,NEW,0
2025,Jun,AL,PDL,,NON_NEW,0
2025,Jun,CA,ILP,DIGITAL,NON_NEW,0
2025,Jun,CA,ILP,PHYSICAL,NON_NEW,0
2025,Jun,CA,PDL,DIGITAL,NEW,1185
2025,Jun,CA,PDL,DIGITAL,NON_NEW,17998
2025,Jun,CA,PDL,DIGITAL,,3
2025,Jun,CA,PDL,PHYSICAL,NEW,2046
2025,Jun,CA,PDL,PHYSICAL,NON_NEW,56446
2025,Jun,CA,PDL,PHYSICAL,,3
2025,Jun,CA,PDL,UNKNOWN,NEW,4
2025,Jun,CA,PDL,UNKNOWN,,0
2025,Jun,CA,PDL,,NEW,0
2025,Jun,CA,PDL,,NON_NEW,0
2025,Jun,CA,PDL,,,0
2025,Jun,CO,ILP,DIGITAL,NEW,0
2025,Jun,CO,ILP,DIGITAL,NON_NEW,0
2025,Jun,CO,ILP,DIGITAL,,0
2025,Jun,CO,ILP,PHYSICAL,NEW,0
2025,Jun,CO,ILP,PHYSICAL,NON_NEW,0
2025,Jun,CO,ILP,PHYSICAL,,0
2025,Jun,CO,ILP,UNKNOWN,,0
2025,Jun,CO,ILP,,NEW,0
2025,Jun,CO,PDL,DIGITAL,NEW,0
2025,Jun,CO,PDL,DIGITAL,NON_NEW,0
2025,Jun,CO,PDL,PHYSICAL,NON_NEW,0
2025,Jun,DE,ILP,DIGITAL,NEW,134
2025,Jun,DE,ILP,DIGITAL,NON_NEW,99
2025,Jun,DE,ILP,DIGITAL,,0
2025,Jun,DE,ILP,PHYSICAL,NEW,64
2025,Jun,DE,ILP,PHYSICAL,NON_NEW,250
2025,Jun,DE,ILP,PHYSICAL,,0
2025,Jun,DE,ILP,UNKNOWN,NEW,2
2025,Jun,DE,ILP,UNKNOWN,,0
2025,Jun,FL,ILP,DIGITAL,NEW,2423
2025,Jun,FL,ILP,DIGITAL,NON_NEW,5770
2025,Jun,FL,ILP,DIGITAL,,3
2025,Jun,FL,ILP,PHYSICAL,NEW,2629
2025,Jun,FL,ILP,PHYSICAL,NON_NEW,22189
2025,Jun,FL,ILP,PHYSICAL,,12
2025,Jun,FL,ILP,UNKNOWN,NEW,1
2025,Jun,FL,ILP,UNKNOWN,NON_NEW,0
2025,Jun,FL,ILP,UNKNOWN,,0
2025,Jun,FL,ILP,,NEW,0
2025,Jun,FL,ILP,,NON_NEW,0
2025,Jun,FL,ILP,,,0
2025,Jun,FL,PDL,DIGITAL,NEW,120
2025,Jun,FL,PDL,DIGITAL,NON_NEW,2334
2025,Jun,FL,PDL,DIGITAL,,1
2025,Jun,FL,PDL,PHYSICAL,NEW,194
2025,Jun,FL,PDL,PHYSICAL,NON_NEW,15140
2025,Jun,FL,PDL,PHYSICAL,,4
2025,Jun,FL,PDL,UNKNOWN,NEW,-2
2025,Jun,FL,PDL,UNKNOWN,,0
2025,Jun,FL,PDL,,NEW,0
2025,Jun,FL,PDL,,NON_NEW,0
2025,Jun,FL,PDL,,,0
2025,Jun,IA,ILP,PHYSICAL,NON_NEW,0
2025,Jun,IA,PDL,DIGITAL,NEW,97
2025,Jun,IA,PDL,DIGITAL,NON_NEW,1920
2025,Jun,IA,PDL,DIGITAL,,0
2025,Jun,IA,PDL,PHYSICAL,NEW,276
2025,Jun,IA,PDL,PHYSICAL,NON_NEW,8485
2025,Jun,IA,PDL,PHYSICAL,,5
2025,Jun,IA,PDL,UNKNOWN,NEW,0
2025,Jun,IA,PDL,UNKNOWN,,0
2025,Jun,ID,ILP,DIGITAL,NEW,135
2025,Jun,ID,ILP,DIGITAL,NON_NEW,59
2025,Jun,ID,ILP,DIGITAL,,0
2025,Jun,ID,ILP,PHYSICAL,NEW,24
2025,Jun,ID,ILP,PHYSICAL,NON_NEW,75
2025,Jun,ID,ILP,PHYSICAL,,0
2025,Jun,ID,ILP,UNKNOWN,NEW,-3
2025,Jun,ID,ILP,UNKNOWN,,0
2025,Jun,ID,PDL,PHYSICAL,NON_NEW,0
2025,Jun,IN,PDL,DIGITAL,NEW,169
2025,Jun,IN,PDL,DIGITAL,NON_NEW,2696
2025,Jun,IN,PDL,DIGITAL,,0
2025,Jun,IN,PDL,PHYSICAL,NEW,536
2025,Jun,IN,PDL,PHYSICAL,NON_NEW,13249
2025,Jun,IN,PDL,PHYSICAL,,3
2025,Jun,IN,PDL,UNKNOWN,NEW,0
2025,Jun,IN,PDL,UNKNOWN,,0
2025,Jun,KS,ILP,DIGITAL,NON_NEW,0
2025,Jun,KS,ILP,PHYSICAL,NON_NEW,0
2025,Jun,KS,PDL,DIGITAL,NEW,0
2025,Jun,KS,PDL,DIGITAL,NON_NEW,0
2025,Jun,KS,PDL,DIGITAL,,0
2025,Jun,KS,PDL,PHYSICAL,NEW,0
2025,Jun,KS,PDL,PHYSICAL,NON_NEW,0
2025,Jun,KS,PDL,PHYSICAL,,0
2025,Jun,KS,PDL,UNKNOWN,NEW,0
2025,Jun,KS,PDL,UNKNOWN,,0
2025,Jun,KY,ILP,PHYSICAL,NON_NEW,0
2025,Jun,KY,PDL,DIGITAL,NEW,117
2025,Jun,KY,PDL,DIGITAL,NON_NEW,791
2025,Jun,KY,PDL,DIGITAL,,0
2025,Jun,KY,PDL,PHYSICAL,NEW,212
2025,Jun,KY,PDL,PHYSICAL,NON_NEW,7038
2025,Jun,KY,PDL,PHYSICAL,,0
2025,Jun,KY,PDL,UNKNOWN,NEW,0
2025,Jun,KY,PDL,UNKNOWN,NON_NEW,0
2025,Jun,KY,PDL,UNKNOWN,,0
2025,Jun,LA,ILP,PHYSICAL,NON_NEW,0
2025,Jun,LA,PDL,DIGITAL,NEW,251
2025,Jun,LA,PDL,DIGITAL,NON_NEW,2458
2025,Jun,LA,PDL,DIGITAL,,0
2025,Jun,LA,PDL,PHYSICAL,NEW,619
2025,Jun,LA,PDL,PHYSICAL,NON_NEW,11549
2025,Jun,LA,PDL,PHYSICAL,,1
2025,Jun,LA,PDL,UNKNOWN,NEW,4
2025,Jun,LA,PDL,UNKNOWN,,0
2025,Jun,MI,ILP,DIGITAL,NON_NEW,0
2025,Jun,MI,ILP,PHYSICAL,NON_NEW,0
2025,Jun,MI,PDL,DIGITAL,NEW,607
2025,Jun,MI,PDL,DIGITAL,NON_NEW,12071
2025,Jun,MI,PDL,DIGITAL,,0
2025,Jun,MI,PDL,PHYSICAL,NEW,1234
2025,Jun,MI,PDL,PHYSICAL,NON_NEW,41759
2025,Jun,MI,PDL,PHYSICAL,,8
2025,Jun,MI,PDL,UNKNOWN,NEW,1
2025,Jun,MI,PDL,UNKNOWN,NON_NEW,0
2025,Jun,MI,PDL,UNKNOWN,,0
2025,Jun,MO,ILP,DIGITAL,NEW,543
2025,Jun,MO,ILP,DIGITAL,NON_NEW,497
2025,Jun,MO,ILP,DIGITAL,,1
2025,Jun,MO,ILP,PHYSICAL,NEW,469
2025,Jun,MO,ILP,PHYSICAL,NON_NEW,1142
2025,Jun,MO,ILP,PHYSICAL,,0
2025,Jun,MO,ILP,UNKNOWN,NEW,3
2025,Jun,MO,ILP,UNKNOWN,,0
2025,Jun,MO,PDL,DIGITAL,NEW,0
2025,Jun,MO,PDL,DIGITAL,NON_NEW,0
2025,Jun,MO,PDL,DIGITAL,,0
2025,Jun,MO,PDL,PHYSICAL,NEW,0
2025,Jun,MO,PDL,PHYSICAL,NON_NEW,0
2025,Jun,MO,PDL,PHYSICAL,,0
2025,Jun,MO,PDL,UNKNOWN,,0
2025,Jun,MS,ILP,DIGITAL,NEW,522
2025,Jun,MS,ILP,DIGITAL,NON_NEW,724
2025,Jun,MS,ILP,DIGITAL,,0
2025,Jun,MS,ILP,PHYSICAL,NEW,996
2025,Jun,MS,ILP,PHYSICAL,NON_NEW,2863
2025,Jun,MS,ILP,PHYSICAL,,-1
2025,Jun,MS,ILP,UNKNOWN,NEW,-10
2025,Jun,MS,ILP,UNKNOWN,,-1
2025,Jun,MS,PDL,DIGITAL,NEW,2
2025,Jun,MS,PDL,DIGITAL,NON_NEW,73
2025,Jun,MS,PDL,DIGITAL,,0
2025,Jun,MS,PDL,PHYSICAL,NEW,3
2025,Jun,MS,PDL,PHYSICAL,NON_NEW,229
2025,Jun,MS,PDL,PHYSICAL,,0
2025,Jun,MS,PDL,UNKNOWN,NEW,0
2025,Jun,MS,PDL,UNKNOWN,NON_NEW,0
2025,Jun,MS,PDL,UNKNOWN,,0
2025,Jun,NC,PDL,PHYSICAL,,0
2025,Jun,NV,ILP,DIGITAL,NEW,66
2025,Jun,NV,ILP,DIGITAL,NON_NEW,185
2025,Jun,NV,ILP,DIGITAL,,0
2025,Jun,NV,ILP,PHYSICAL,NEW,222
2025,Jun,NV,ILP,PHYSICAL,NON_NEW,520
2025,Jun,NV,ILP,PHYSICAL,,0
2025,Jun,NV,ILP,UNKNOWN,NEW,1
2025,Jun,NV,ILP,UNKNOWN,,0
2025,Jun,NV,PDL,DIGITAL,NEW,0
2025,Jun,NV,PDL,DIGITAL,NON_NEW,0
2025,Jun,NV,PDL,PHYSICAL,NEW,0
2025,Jun,NV,PDL,PHYSICAL,NON_NEW,0
2025,Jun,NV,PDL,PHYSICAL,,0
2025,Jun,NV,PDL,UNKNOWN,,0
2025,Jun,OH,ILP,DIGITAL,NEW,287
2025,Jun,OH,ILP,DIGITAL,NON_NEW,1747
2025,Jun,OH,ILP,DIGITAL,,2
2025,Jun,OH,ILP,PHYSICAL,NEW,633
2025,Jun,OH,ILP,PHYSICAL,NON_NEW,5399
2025,Jun,OH,ILP,PHYSICAL,,2
2025,Jun,OH,ILP,UNKNOWN,NEW,0
2025,Jun,OH,ILP,UNKNOWN,,0
2025,Jun,OH,ILP,,NEW,0
2025,Jun,OH,ILP,,,0
2025,Jun,OH,PDL,DIGITAL,NON_NEW,0
2025,Jun,OH,PDL,PHYSICAL,NON_NEW,0
2025,Jun,OK,ILP,DIGITAL,NEW,267
2025,Jun,OK,ILP,DIGITAL,NON_NEW,865
2025,Jun,OK,ILP,DIGITAL,,0
2025,Jun,OK,ILP,PHYSICAL,NEW,567
2025,Jun,OK,ILP,PHYSICAL,NON_NEW,2011
2025,Jun,OK,ILP,PHYSICAL,,0
2025,Jun,OK,ILP,UNKNOWN,NEW,0
2025,Jun,OK,ILP,UNKNOWN,,0
2025,Jun,OK,PDL,PHYSICAL,NON_NEW,0
2025,Jun,RI,PDL,DIGITAL,NEW,68
2025,Jun,RI,PDL,DIGITAL,NON_NEW,867
2025,Jun,RI,PDL,DIGITAL,,0
2025,Jun,RI,PDL,PHYSICAL,NEW,118
2025,Jun,RI,PDL,PHYSICAL,NON_NEW,6007
2025,Jun,RI,PDL,PHYSICAL,,0
2025,Jun,RI,PDL,UNKNOWN,NEW,-1
2025,Jun,RI,PDL,UNKNOWN,,0
2025,Jun,SC,PDL,DIGITAL,NEW,0
2025,Jun,SC,PDL,DIGITAL,NON_NEW,0
2025,Jun,SC,PDL,PHYSICAL,NEW,0
2025,Jun,SC,PDL,PHYSICAL,NON_NEW,0
2025,Jun,SC,PDL,PHYSICAL,,0
2025,Jun,SC,PDL,UNKNOWN,,0
2025,Jun,SC,PDL,,NON_NEW,0
2025,Jun,TN,ILP,DIGITAL,NON_NEW,0
2025,Jun,TN,ILP,PHYSICAL,NON_NEW,0
2025,Jun,TN,PDL,DIGITAL,NEW,7
2025,Jun,TN,PDL,DIGITAL,NON_NEW,139
2025,Jun,TN,PDL,DIGITAL,,0
2025,Jun,TN,PDL,PHYSICAL,NEW,3
2025,Jun,TN,PDL,PHYSICAL,NON_NEW,337
2025,Jun,TN,PDL,PHYSICAL,,0
2025,Jun,TN,PDL,UNKNOWN,NEW,0
2025,Jun,TN,PDL,UNKNOWN,,0
2025,Jun,TN,PDL,,NEW,0
2025,Jun,TN,PDL,,NON_NEW,0
2025,Jun,TN,PDL,,,0
2025,Jun,TX,ILP,DIGITAL,NEW,3357
2025,Jun,TX,ILP,DIGITAL,NON_NEW,3091
2025,Jun,TX,ILP,DIGITAL,,0
2025,Jun,TX,ILP,PHYSICAL,NEW,3797
2025,Jun,TX,ILP,PHYSICAL,NON_NEW,6615
2025,Jun,TX,ILP,PHYSICAL,,2
2025,Jun,TX,ILP,UNKNOWN,NEW,-6
2025,Jun,TX,ILP,UNKNOWN,,0
2025,Jun,TX,PDL,DIGITAL,NEW,240
2025,Jun,TX,PDL,DIGITAL,NON_NEW,770
2025,Jun,TX,PDL,DIGITAL,,0
2025,Jun,TX,PDL,PHYSICAL,NEW,226
2025,Jun,TX,PDL,PHYSICAL,NON_NEW,507
2025,Jun,TX,PDL,PHYSICAL,,0
2025,Jun,TX,PDL,UNKNOWN,NEW,3
2025,Jun,TX,PDL,UNKNOWN,,0
2025,Jun,UT,ILP,DIGITAL,NEW,164
2025,Jun,UT,ILP,DIGITAL,NON_NEW,66
2025,Jun,UT,ILP,DIGITAL,,0
2025,Jun,UT,ILP,PHYSICAL,NEW,0
2025,Jun,UT,ILP,PHYSICAL,NON_NEW,11
2025,Jun,UT,ILP,PHYSICAL,,0
2025,Jun,UT,ILP,UNKNOWN,NEW,-1
2025,Jun,UT,ILP,UNKNOWN,,0
2025,Jun,UT,PDL,DIGITAL,NON_NEW,0
2025,Jun,UT,PDL,PHYSICAL,NEW,0
2025,Jun,UT,PDL,PHYSICAL,NON_NEW,0
2025,Jun,WI,ILP,DIGITAL,NEW,407
2025,Jun,WI,ILP,DIGITAL,NON_NEW,419
2025,Jun,WI,ILP,DIGITAL,,0
2025,Jun,WI,ILP,PHYSICAL,NEW,346
2025,Jun,WI,ILP,PHYSICAL,NON_NEW,523
2025,Jun,WI,ILP,PHYSICAL,,0
2025,Jun,WI,ILP,UNKNOWN,NEW,-5
2025,Jun,WI,ILP,UNKNOWN,,0
2025,Jun,WI,PDL,DIGITAL,NON_NEW,0
2025,Jun,WI,PDL,PHYSICAL,NEW,0
2025,Jun,WI,PDL,PHYSICAL,NON_NEW,0
2025,Jun,WY,ILP,PHYSICAL,NON_NEW,0
2025,Jun,WY,PDL,DIGITAL,NEW,58
2025,Jun,WY,PDL,DIGITAL,NON_NEW,622
2025,Jun,WY,PDL,DIGITAL,,0
2025,Jun,WY,PDL,PHYSICAL,NEW,99
2025,Jun,WY,PDL,PHYSICAL,NON_NEW,2637
2025,Jun,WY,PDL,PHYSICAL,,0
2025,Jun,WY,PDL,UNKNOWN,NEW,0
2025,Jun,WY,PDL,UNKNOWN,,0
2025,Mar,AL,ILP,DIGITAL,NEW,97
2025,Mar,AL,ILP,DIGITAL,NON_NEW,863
2025,Mar,AL,ILP,DIGITAL,,0
2025,Mar,AL,ILP,PHYSICAL,NEW,587
2025,Mar,AL,ILP,PHYSICAL,NON_NEW,4013
2025,Mar,AL,ILP,PHYSICAL,,0
2025,Mar,AL,ILP,UNKNOWN,NEW,0
2025,Mar,AL,ILP,UNKNOWN,,0
2025,Mar,AL,PDL,DIGITAL,NEW,0
2025,Mar,AL,PDL,DIGITAL,NON_NEW,0
2025,Mar,AL,PDL,DIGITAL,,0
2025,Mar,AL,PDL,PHYSICAL,NEW,0
2025,Mar,AL,PDL,PHYSICAL,NON_NEW,0
2025,Mar,AL,PDL,PHYSICAL,,0
2025,Mar,AL,PDL,UNKNOWN,,0
2025,Mar,AL,PDL,,NEW,0
2025,Mar,AL,PDL,,NON_NEW,0
2025,Mar,CA,ILP,DIGITAL,NON_NEW,0
2025,Mar,CA,ILP,PHYSICAL,NON_NEW,0
2025,Mar,CA,PDL,DIGITAL,NEW,746
2025,Mar,CA,PDL,DIGITAL,NON_NEW,16688
2025,Mar,CA,PDL,DIGITAL,,0
2025,Mar,CA,PDL,PHYSICAL,NEW,1562
2025,Mar,CA,PDL,PHYSICAL,NON_NEW,54160
2025,Mar,CA,PDL,PHYSICAL,,0
2025,Mar,CA,PDL,UNKNOWN,NEW,4
2025,Mar,CA,PDL,UNKNOWN,,0
2025,Mar,CA,PDL,,NEW,0
2025,Mar,CA,PDL,,NON_NEW,0
2025,Mar,CA,PDL,,,0
2025,Mar,CO,ILP,DIGITAL,NEW,0
2025,Mar,CO,ILP,DIGITAL,NON_NEW,0
2025,Mar,CO,ILP,DIGITAL,,0
2025,Mar,CO,ILP,PHYSICAL,NEW,0
2025,Mar,CO,ILP,PHYSICAL,NON_NEW,0
2025,Mar,CO,ILP,PHYSICAL,,0
2025,Mar,CO,ILP,UNKNOWN,,0
2025,Mar,CO,ILP,,NEW,0
2025,Mar,CO,PDL,DIGITAL,NEW,0
2025,Mar,CO,PDL,DIGITAL,NON_NEW,0
2025,Mar,CO,PDL,PHYSICAL,NON_NEW,0
2025,Mar,DE,ILP,DIGITAL,NEW,128
2025,Mar,DE,ILP,DIGITAL,NON_NEW,80
2025,Mar,DE,ILP,DIGITAL,,0
2025,Mar,DE,ILP,PHYSICAL,NEW,71
2025,Mar,DE,ILP,PHYSICAL,NON_NEW,209
2025,Mar,DE,ILP,PHYSICAL,,0
2025,Mar,DE,ILP,UNKNOWN,NEW,1
2025,Mar,DE,ILP,UNKNOWN,,0
2025,Mar,FL,ILP,DIGITAL,NEW,851
2025,Mar,FL,ILP,DIGITAL,NON_NEW,5386
2025,Mar,FL,ILP,DIGITAL,,0
2025,Mar,FL,ILP,PHYSICAL,NEW,2016
2025,Mar,FL,ILP,PHYSICAL,NON_NEW,21605
2025,Mar,FL,ILP,PHYSICAL,,0
2025,Mar,FL,ILP,UNKNOWN,NEW,5
2025,Mar,FL,ILP,UNKNOWN,NON_NEW,0
2025,Mar,FL,ILP,UNKNOWN,,0
2025,Mar,FL,ILP,,NEW,0
2025,Mar,FL,ILP,,NON_NEW,0
2025,Mar,FL,ILP,,,0
2025,Mar,FL,PDL,DIGITAL,NEW,77
2025,Mar,FL,PDL,DIGITAL,NON_NEW,2447
2025,Mar,FL,PDL,DIGITAL,,0
2025,Mar,FL,PDL,PHYSICAL,NEW,178
2025,Mar,FL,PDL,PHYSICAL,NON_NEW,16807
2025,Mar,FL,PDL,PHYSICAL,,0
2025,Mar,FL,PDL,UNKNOWN,NEW,-1
2025,Mar,FL,PDL,UNKNOWN,,0
2025,Mar,FL,PDL,,NEW,0
2025,Mar,FL,PDL,,NON_NEW,0
2025,Mar,FL,PDL,,,0
2025,Mar,IA,ILP,PHYSICAL,NON_NEW,0
2025,Mar,IA,PDL,DIGITAL,NEW,57
2025,Mar,IA,PDL,DIGITAL,NON_NEW,1817
2025,Mar,IA,PDL,DIGITAL,,0
2025,Mar,IA,PDL,PHYSICAL,NEW,190
2025,Mar,IA,PDL,PHYSICAL,NON_NEW,8901
2025,Mar,IA,PDL,PHYSICAL,,0
2025,Mar,IA,PDL,UNKNOWN,NEW,0
2025,Mar,IA,PDL,UNKNOWN,,0
2025,Mar,ID,ILP,DIGITAL,NEW,134
2025,Mar,ID,ILP,DIGITAL,NON_NEW,51
2025,Mar,ID,ILP,DIGITAL,,0
2025,Mar,ID,ILP,PHYSICAL,NEW,24
2025,Mar,ID,ILP,PHYSICAL,NON_NEW,60
2025,Mar,ID,ILP,PHYSICAL,,0
2025,Mar,ID,ILP,UNKNOWN,NEW,-1
2025,Mar,ID,ILP,UNKNOWN,,0
2025,Mar,ID,PDL,PHYSICAL,NON_NEW,0
2025,Mar,IN,PDL,DIGITAL,NEW,99
2025,Mar,IN,PDL,DIGITAL,NON_NEW,2330
2025,Mar,IN,PDL,DIGITAL,,0
2025,Mar,IN,PDL,PHYSICAL,NEW,405
2025,Mar,IN,PDL,PHYSICAL,NON_NEW,12274
2025,Mar,IN,PDL,PHYSICAL,,0
2025,Mar,IN,PDL,UNKNOWN,NEW,1
2025,Mar,IN,PDL,UNKNOWN,,0
2025,Mar,KS,ILP,DIGITAL,NON_NEW,0
2025,Mar,KS,ILP,PHYSICAL,NON_NEW,0
2025,Mar,KS,PDL,DIGITAL,NEW,0
2025,Mar,KS,PDL,DIGITAL,NON_NEW,0
2025,Mar,KS,PDL,DIGITAL,,0
2025,Mar,KS,PDL,PHYSICAL,NEW,0
2025,Mar,KS,PDL,PHYSICAL,NON_NEW,0
2025,Mar,KS,PDL,PHYSICAL,,0
2025,Mar,KS,PDL,UNKNOWN,NEW,0
2025,Mar,KS,PDL,UNKNOWN,,0
2025,Mar,KY,ILP,PHYSICAL,NON_NEW,0
2025,Mar,KY,PDL,DIGITAL,NEW,66
2025,Mar,KY,PDL,DIGITAL,NON_NEW,675
2025,Mar,KY,PDL,DIGITAL,,0
2025,Mar,KY,PDL,PHYSICAL,NEW,178
2025,Mar,KY,PDL,PHYSICAL,NON_NEW,7203
2025,Mar,KY,PDL,PHYSICAL,,0
2025,Mar,KY,PDL,UNKNOWN,NEW,1
2025,Mar,KY,PDL,UNKNOWN,NON_NEW,0
2025,Mar,KY,PDL,UNKNOWN,,0
2025,Mar,LA,ILP,PHYSICAL,NON_NEW,0
2025,Mar,LA,PDL,DIGITAL,NEW,95
2025,Mar,LA,PDL,DIGITAL,NON_NEW,2155
2025,Mar,LA,PDL,DIGITAL,,0
2025,Mar,LA,PDL,PHYSICAL,NEW,413
2025,Mar,LA,PDL,PHYSICAL,NON_NEW,11320
2025,Mar,LA,PDL,PHYSICAL,,0
2025,Mar,LA,PDL,UNKNOWN,NEW,1
2025,Mar,LA,PDL,UNKNOWN,,0
2025,Mar,MI,ILP,DIGITAL,NON_NEW,0
2025,Mar,MI,ILP,PHYSICAL,NON_NEW,0
2025,Mar,MI,PDL,DIGITAL,NEW,359
2025,Mar,MI,PDL,DIGITAL,NON_NEW,11139
2025,Mar,MI,PDL,DIGITAL,,0
2025,Mar,MI,PDL,PHYSICAL,NEW,956
2025,Mar,MI,PDL,PHYSICAL,NON_NEW,41920
2025,Mar,MI,PDL,PHYSICAL,,0
2025,Mar,MI,PDL,UNKNOWN,NEW,-1
2025,Mar,MI,PDL,UNKNOWN,NON_NEW,0
2025,Mar,MI,PDL,UNKNOWN,,0
2025,Mar,MO,ILP,DIGITAL,NEW,154
2025,Mar,MO,ILP,DIGITAL,NON_NEW,476
2025,Mar,MO,ILP,DIGITAL,,0
2025,Mar,MO,ILP,PHYSICAL,NEW,357
2025,Mar,MO,ILP,PHYSICAL,NON_NEW,1188
2025,Mar,MO,ILP,PHYSICAL,,0
2025,Mar,MO,ILP,UNKNOWN,NEW,1
2025,Mar,MO,ILP,UNKNOWN,,0
2025,Mar,MO,PDL,DIGITAL,NEW,0
2025,Mar,MO,PDL,DIGITAL,NON_NEW,0
2025,Mar,MO,PDL,DIGITAL,,0
2025,Mar,MO,PDL,PHYSICAL,NEW,0
2025,Mar,MO,PDL,PHYSICAL,NON_NEW,0
2025,Mar,MO,PDL,PHYSICAL,,0
2025,Mar,MO,PDL,UNKNOWN,,0
2025,Mar,MS,ILP,DIGITAL,NEW,224
2025,Mar,MS,ILP,DIGITAL,NON_NEW,586
2025,Mar,MS,ILP,DIGITAL,,0
2025,Mar,MS,ILP,PHYSICAL,NEW,568
2025,Mar,MS,ILP,PHYSICAL,NON_NEW,2391
2025,Mar,MS,ILP,PHYSICAL,,-1
2025,Mar,MS,ILP,UNKNOWN,NEW,2
2025,Mar,MS,ILP,UNKNOWN,,0
2025,Mar,MS,PDL,DIGITAL,NEW,10
2025,Mar,MS,PDL,DIGITAL,NON_NEW,105
2025,Mar,MS,PDL,DIGITAL,,0
2025,Mar,MS,PDL,PHYSICAL,NEW,54
2025,Mar,MS,PDL,PHYSICAL,NON_NEW,430
2025,Mar,MS,PDL,PHYSICAL,,0
2025,Mar,MS,PDL,UNKNOWN,NEW,0
2025,Mar,MS,PDL,UNKNOWN,NON_NEW,0
2025,Mar,MS,PDL,UNKNOWN,,0
2025,Mar,NC,PDL,PHYSICAL,,0
2025,Mar,NV,ILP,DIGITAL,NEW,59
2025,Mar,NV,ILP,DIGITAL,NON_NEW,183
2025,Mar,NV,ILP,DIGITAL,,0
2025,Mar,NV,ILP,PHYSICAL,NEW,171
2025,Mar,NV,ILP,PHYSICAL,NON_NEW,484
2025,Mar,NV,ILP,PHYSICAL,,0
2025,Mar,NV,ILP,UNKNOWN,NEW,1
2025,Mar,NV,ILP,UNKNOWN,,0
2025,Mar,NV,PDL,DIGITAL,NEW,0
2025,Mar,NV,PDL,DIGITAL,NON_NEW,0
2025,Mar,NV,PDL,PHYSICAL,NEW,0
2025,Mar,NV,PDL,PHYSICAL,NON_NEW,0
2025,Mar,NV,PDL,PHYSICAL,,0
2025,Mar,NV,PDL,UNKNOWN,,0
2025,Mar,OH,ILP,DIGITAL,NEW,175
2025,Mar,OH,ILP,DIGITAL,NON_NEW,1580
2025,Mar,OH,ILP,DIGITAL,,0
2025,Mar,OH,ILP,PHYSICAL,NEW,458
2025,Mar,OH,ILP,PHYSICAL,NON_NEW,4400
2025,Mar,OH,ILP,PHYSICAL,,0
2025,Mar,OH,ILP,UNKNOWN,NEW,2
2025,Mar,OH,ILP,UNKNOWN,,0
2025,Mar,OH,ILP,,NEW,0
2025,Mar,OH,ILP,,,0
2025,Mar,OH,PDL,DIGITAL,NON_NEW,0
2025,Mar,OH,PDL,PHYSICAL,NON_NEW,0
2025,Mar,OK,ILP,DIGITAL,NEW,135
2025,Mar,OK,ILP,DIGITAL,NON_NEW,875
2025,Mar,OK,ILP,DIGITAL,,0
2025,Mar,OK,ILP,PHYSICAL,NEW,406
2025,Mar,OK,ILP,PHYSICAL,NON_NEW,2103
2025,Mar,OK,ILP,PHYSICAL,,0
2025,Mar,OK,ILP,UNKNOWN,NEW,2
2025,Mar,OK,ILP,UNKNOWN,,0
2025,Mar,OK,PDL,PHYSICAL,NON_NEW,0
2025,Mar,RI,PDL,DIGITAL,NEW,36
2025,Mar,RI,PDL,DIGITAL,NON_NEW,754
2025,Mar,RI,PDL,DIGITAL,,0
2025,Mar,RI,PDL,PHYSICAL,NEW,90
2025,Mar,RI,PDL,PHYSICAL,NON_NEW,6078
2025,Mar,RI,PDL,PHYSICAL,,0
2025,Mar,RI,PDL,UNKNOWN,NEW,0
2025,Mar,RI,PDL,UNKNOWN,,0
2025,Mar,SC,PDL,DIGITAL,NEW,0
2025,Mar,SC,PDL,DIGITAL,NON_NEW,0
2025,Mar,SC,PDL,PHYSICAL,NEW,0
2025,Mar,SC,PDL,PHYSICAL,NON_NEW,0
2025,Mar,SC,PDL,PHYSICAL,,0
2025,Mar,SC,PDL,UNKNOWN,,0
2025,Mar,SC,PDL,,NON_NEW,0
2025,Mar,TN,ILP,DIGITAL,NON_NEW,0
2025,Mar,TN,ILP,PHYSICAL,NON_NEW,0
2025,Mar,TN,PDL,DIGITAL,NEW,19
2025,Mar,TN,PDL,DIGITAL,NON_NEW,148
2025,Mar,TN,PDL,DIGITAL,,0
2025,Mar,TN,PDL,PHYSICAL,NEW,58
2025,Mar,TN,PDL,PHYSICAL,NON_NEW,448
2025,Mar,TN,PDL,PHYSICAL,,0
2025,Mar,TN,PDL,UNKNOWN,NEW,0
2025,Mar,TN,PDL,UNKNOWN,,0
2025,Mar,TN,PDL,,NEW,0
2025,Mar,TN,PDL,,NON_NEW,0
2025,Mar,TN,PDL,,,0
2025,Mar,TX,ILP,DIGITAL,NEW,978
2025,Mar,TX,ILP,DIGITAL,NON_NEW,2558
2025,Mar,TX,ILP,DIGITAL,,0
2025,Mar,TX,ILP,PHYSICAL,NEW,2210
2025,Mar,TX,ILP,PHYSICAL,NON_NEW,6466
2025,Mar,TX,ILP,PHYSICAL,,0
2025,Mar,TX,ILP,UNKNOWN,NEW,4
2025,Mar,TX,ILP,UNKNOWN,,0
2025,Mar,TX,PDL,DIGITAL,NEW,109
2025,Mar,TX,PDL,DIGITAL,NON_NEW,1025
2025,Mar,TX,PDL,DIGITAL,,0
2025,Mar,TX,PDL,PHYSICAL,NEW,76
2025,Mar,TX,PDL,PHYSICAL,NON_NEW,720
2025,Mar,TX,PDL,PHYSICAL,,0
2025,Mar,TX,PDL,UNKNOWN,NEW,0
2025,Mar,TX,PDL,UNKNOWN,,0
2025,Mar,UT,ILP,DIGITAL,NEW,187
2025,Mar,UT,ILP,DIGITAL,NON_NEW,45
2025,Mar,UT,ILP,DIGITAL,,0
2025,Mar,UT,ILP,PHYSICAL,NEW,0
2025,Mar,UT,ILP,PHYSICAL,NON_NEW,21
2025,Mar,UT,ILP,PHYSICAL,,0
2025,Mar,UT,ILP,UNKNOWN,NEW,2
2025,Mar,UT,ILP,UNKNOWN,,0
2025,Mar,UT,PDL,DIGITAL,NON_NEW,0
2025,Mar,UT,PDL,PHYSICAL,NEW,0
2025,Mar,UT,PDL,PHYSICAL,NON_NEW,0
2025,Mar,WI,ILP,DIGITAL,NEW,260
2025,Mar,WI,ILP,DIGITAL,NON_NEW,303
2025,Mar,WI,ILP,DIGITAL,,0
2025,Mar,WI,ILP,PHYSICAL,NEW,201
2025,Mar,WI,ILP,PHYSICAL,NON_NEW,521
2025,Mar,WI,ILP,PHYSICAL,,0
2025,Mar,WI,ILP,UNKNOWN,NEW,0
2025,Mar,WI,ILP,UNKNOWN,,0
2025,Mar,WI,PDL,DIGITAL,NON_NEW,0
2025,Mar,WI,PDL,PHYSICAL,NEW,0
2025,Mar,WI,PDL,PHYSICAL,NON_NEW,0
2025,Mar,WY,ILP,PHYSICAL,NON_NEW,0
2025,Mar,WY,PDL,DIGITAL,NEW,19
2025,Mar,WY,PDL,DIGITAL,NON_NEW,596
2025,Mar,WY,PDL,DIGITAL,,0
2025,Mar,WY,PDL,PHYSICAL,NEW,85
2025,Mar,WY,PDL,PHYSICAL,NON_NEW,2604
2025,Mar,WY,PDL,PHYSICAL,,0
2025,Mar,WY,PDL,UNKNOWN,NEW,-1
2025,Mar,WY,PDL,UNKNOWN,,0
2025,May,AL,ILP,DIGITAL,NEW,131
2025,May,AL,ILP,DIGITAL,NON_NEW,986
2025,May,AL,ILP,DIGITAL,,0
2025,May,AL,ILP,PHYSICAL,NEW,746
2025,May,AL,ILP,PHYSICAL,NON_NEW,4453
2025,May,AL,ILP,PHYSICAL,,0
2025,May,AL,ILP,UNKNOWN,NEW,-3
2025,May,AL,ILP,UNKNOWN,,0
2025,May,AL,PDL,DIGITAL,NEW,0
2025,May,AL,PDL,DIGITAL,NON_NEW,0
2025,May,AL,PDL,DIGITAL,,0
2025,May,AL,PDL,PHYSICAL,NEW,0
2025,May,AL,PDL,PHYSICAL,NON_NEW,0
2025,May,AL,PDL,PHYSICAL,,0
2025,May,AL,PDL,UNKNOWN,,0
2025,May,AL,PDL,,NEW,0
2025,May,AL,PDL,,NON_NEW,0
2025,May,CA,ILP,DIGITAL,NON_NEW,0
2025,May,CA,ILP,PHYSICAL,NON_NEW,0
2025,May,CA,PDL,DIGITAL,NEW,1177
2025,May,CA,PDL,DIGITAL,NON_NEW,19135
2025,May,CA,PDL,DIGITAL,,0
2025,May,CA,PDL,PHYSICAL,NEW,2094
2025,May,CA,PDL,PHYSICAL,NON_NEW,64220
2025,May,CA,PDL,PHYSICAL,,0
2025,May,CA,PDL,UNKNOWN,NEW,-2
2025,May,CA,PDL,UNKNOWN,,0
2025,May,CA,PDL,,NEW,0
2025,May,CA,PDL,,NON_NEW,0
2025,May,CA,PDL,,,0
2025,May,CO,ILP,DIGITAL,NEW,0
2025,May,CO,ILP,DIGITAL,NON_NEW,0
2025,May,CO,ILP,DIGITAL,,0
2025,May,CO,ILP,PHYSICAL,NEW,0
2025,May,CO,ILP,PHYSICAL,NON_NEW,0
2025,May,CO,ILP,PHYSICAL,,0
2025,May,CO,ILP,UNKNOWN,,0
2025,May,CO,ILP,,NEW,0
2025,May,CO,PDL,DIGITAL,NON_NEW,0
2025,May,CO,PDL,PHYSICAL,NON_NEW,0
2025,May,DE,ILP,DIGITAL,NEW,139
2025,May,DE,ILP,DIGITAL,NON_NEW,90
2025,May,DE,ILP,DIGITAL,,0
2025,May,DE,ILP,PHYSICAL,NEW,95
2025,May,DE,ILP,PHYSICAL,NON_NEW,254
2025,May,DE,ILP,PHYSICAL,,0
2025,May,DE,ILP,UNKNOWN,NEW,1
2025,May,DE,ILP,UNKNOWN,,0
2025,May,FL,ILP,DIGITAL,NEW,1905
2025,May,FL,ILP,DIGITAL,NON_NEW,6167
2025,May,FL,ILP,DIGITAL,,0
2025,May,FL,ILP,PHYSICAL,NEW,2674
2025,May,FL,ILP,PHYSICAL,NON_NEW,24178
2025,May,FL,ILP,PHYSICAL,,0
2025,May,FL,ILP,UNKNOWN,NEW,11
2025,May,FL,ILP,UNKNOWN,NON_NEW,0
2025,May,FL,ILP,UNKNOWN,,-1
2025,May,FL,ILP,,NEW,0
2025,May,FL,ILP,,NON_NEW,0
2025,May,FL,ILP,,,0
2025,May,FL,PDL,DIGITAL,NEW,131
2025,May,FL,PDL,DIGITAL,NON_NEW,2597
2025,May,FL,PDL,DIGITAL,,0
2025,May,FL,PDL,PHYSICAL,NEW,223
2025,May,FL,PDL,PHYSICAL,NON_NEW,18175
2025,May,FL,PDL,PHYSICAL,,0
2025,May,FL,PDL,UNKNOWN,NEW,1
2025,May,FL,PDL,UNKNOWN,,0
2025,May,FL,PDL,,NEW,0
2025,May,FL,PDL,,NON_NEW,0
2025,May,FL,PDL,,,0
2025,May,IA,ILP,PHYSICAL,NON_NEW,0
2025,May,IA,PDL,DIGITAL,NEW,92
2025,May,IA,PDL,DIGITAL,NON_NEW,2009
2025,May,IA,PDL,DIGITAL,,0
2025,May,IA,PDL,PHYSICAL,NEW,308
2025,May,IA,PDL,PHYSICAL,NON_NEW,9662
2025,May,IA,PDL,PHYSICAL,,0
2025,May,IA,PDL,UNKNOWN,NEW,0
2025,May,IA,PDL,UNKNOWN,,0
2025,May,ID,ILP,DIGITAL,NEW,110
2025,May,ID,ILP,DIGITAL,NON_NEW,65
2025,May,ID,ILP,DIGITAL,,0
2025,May,ID,ILP,PHYSICAL,NEW,28
2025,May,ID,ILP,PHYSICAL,NON_NEW,74
2025,May,ID,ILP,PHYSICAL,,0
2025,May,ID,ILP,UNKNOWN,NEW,3
2025,May,ID,ILP,UNKNOWN,,0
2025,May,ID,PDL,PHYSICAL,NON_NEW,0
2025,May,IN,PDL,DIGITAL,NEW,183
2025,May,IN,PDL,DIGITAL,NON_NEW,2871
2025,May,IN,PDL,DIGITAL,,0
2025,May,IN,PDL,PHYSICAL,NEW,500
2025,May,IN,PDL,PHYSICAL,NON_NEW,14905
2025,May,IN,PDL,PHYSICAL,,0
2025,May,IN,PDL,UNKNOWN,NEW,0
2025,May,IN,PDL,UNKNOWN,,0
2025,May,KS,ILP,DIGITAL,NON_NEW,0
2025,May,KS,ILP,PHYSICAL,NON_NEW,0
2025,May,KS,PDL,DIGITAL,NEW,0
2025,May,KS,PDL,DIGITAL,NON_NEW,0
2025,May,KS,PDL,DIGITAL,,0
2025,May,KS,PDL,PHYSICAL,NEW,0
2025,May,KS,PDL,PHYSICAL,NON_NEW,0
2025,May,KS,PDL,PHYSICAL,,0
2025,May,KS,PDL,UNKNOWN,NEW,0
2025,May,KS,PDL,UNKNOWN,,0
2025,May,KY,ILP,PHYSICAL,NON_NEW,0
2025,May,KY,PDL,DIGITAL,NEW,87
2025,May,KY,PDL,DIGITAL,NON_NEW,833
2025,May,KY,PDL,DIGITAL,,0
2025,May,KY,PDL,PHYSICAL,NEW,213
2025,May,KY,PDL,PHYSICAL,NON_NEW,8188
2025,May,KY,PDL,PHYSICAL,,0
2025,May,KY,PDL,UNKNOWN,NEW,0
2025,May,KY,PDL,UNKNOWN,NON_NEW,0
2025,May,KY,PDL,UNKNOWN,,0
2025,May,LA,ILP,PHYSICAL,NON_NEW,0
2025,May,LA,PDL,DIGITAL,NEW,160
2025,May,LA,PDL,DIGITAL,NON_NEW,2608
2025,May,LA,PDL,DIGITAL,,0
2025,May,LA,PDL,PHYSICAL,NEW,566
2025,May,LA,PDL,PHYSICAL,NON_NEW,13748
2025,May,LA,PDL,PHYSICAL,,0
2025,May,LA,PDL,UNKNOWN,NEW,0
2025,May,LA,PDL,UNKNOWN,,0
2025,May,MI,ILP,DIGITAL,NON_NEW,0
2025,May,MI,ILP,PHYSICAL,NON_NEW,0
2025,May,MI,PDL,DIGITAL,NEW,583
2025,May,MI,PDL,DIGITAL,NON_NEW,13050
2025,May,MI,PDL,DIGITAL,,0
2025,May,MI,PDL,PHYSICAL,NEW,1284
2025,May,MI,PDL,PHYSICAL,NON_NEW,48597
2025,May,MI,PDL,PHYSICAL,,0
2025,May,MI,PDL,UNKNOWN,NEW,-1
2025,May,MI,PDL,UNKNOWN,NON_NEW,0
2025,May,MI,PDL,UNKNOWN,,0
2025,May,MO,ILP,DIGITAL,NEW,456
2025,May,MO,ILP,DIGITAL,NON_NEW,516
2025,May,MO,ILP,DIGITAL,,0
2025,May,MO,ILP,PHYSICAL,NEW,449
2025,May,MO,ILP,PHYSICAL,NON_NEW,1281
2025,May,MO,ILP,PHYSICAL,,0
2025,May,MO,ILP,UNKNOWN,NEW,-2
2025,May,MO,ILP,UNKNOWN,,0
2025,May,MO,PDL,DIGITAL,NEW,0
2025,May,MO,PDL,DIGITAL,NON_NEW,0
2025,May,MO,PDL,DIGITAL,,0
2025,May,MO,PDL,PHYSICAL,NEW,0
2025,May,MO,PDL,PHYSICAL,NON_NEW,0
2025,May,MO,PDL,PHYSICAL,,0
2025,May,MO,PDL,UNKNOWN,,0
2025,May,MS,ILP,DIGITAL,NEW,425
2025,May,MS,ILP,DIGITAL,NON_NEW,750
2025,May,MS,ILP,DIGITAL,,0
2025,May,MS,ILP,PHYSICAL,NEW,869
2025,May,MS,ILP,PHYSICAL,NON_NEW,2914
2025,May,MS,ILP,PHYSICAL,,0
2025,May,MS,ILP,UNKNOWN,NEW,-11
2025,May,MS,ILP,UNKNOWN,,0
2025,May,MS,PDL,DIGITAL,NEW,1
2025,May,MS,PDL,DIGITAL,NON_NEW,105
2025,May,MS,PDL,DIGITAL,,0
2025,May,MS,PDL,PHYSICAL,NEW,4
2025,May,MS,PDL,PHYSICAL,NON_NEW,398
2025,May,MS,PDL,PHYSICAL,,0
2025,May,MS,PDL,UNKNOWN,NEW,0
2025,May,MS,PDL,UNKNOWN,NON_NEW,0
2025,May,MS,PDL,UNKNOWN,,0
2025,May,NC,ILP,UNKNOWN,,0
2025,May,NC,PDL,PHYSICAL,,0
2025,May,NV,ILP,DIGITAL,NEW,71
2025,May,NV,ILP,DIGITAL,NON_NEW,188
2025,May,NV,ILP,DIGITAL,,0
2025,May,NV,ILP,PHYSICAL,NEW,240
2025,May,NV,ILP,PHYSICAL,NON_NEW,625
2025,May,NV,ILP,PHYSICAL,,0
2025,May,NV,ILP,UNKNOWN,NEW,1
2025,May,NV,ILP,UNKNOWN,,0
2025,May,NV,PDL,DIGITAL,NEW,0
2025,May,NV,PDL,DIGITAL,NON_NEW,0
2025,May,NV,PDL,PHYSICAL,NEW,0
2025,May,NV,PDL,PHYSICAL,NON_NEW,0
2025,May,NV,PDL,PHYSICAL,,0
2025,May,NV,PDL,UNKNOWN,,0
2025,May,OH,ILP,DIGITAL,NEW,266
2025,May,OH,ILP,DIGITAL,NON_NEW,1796
2025,May,OH,ILP,DIGITAL,,0
2025,May,OH,ILP,PHYSICAL,NEW,596
2025,May,OH,ILP,PHYSICAL,NON_NEW,5627
2025,May,OH,ILP,PHYSICAL,,0
2025,May,OH,ILP,UNKNOWN,NEW,1
2025,May,OH,ILP,UNKNOWN,,0
2025,May,OH,ILP,,NEW,0
2025,May,OH,ILP,,,0
2025,May,OH,PDL,DIGITAL,NON_NEW,0
2025,May,OH,PDL,PHYSICAL,NON_NEW,0
2025,May,OK,ILP,DIGITAL,NEW,225
2025,May,OK,ILP,DIGITAL,NON_NEW,872
2025,May,OK,ILP,DIGITAL,,0
2025,May,OK,ILP,PHYSICAL,NEW,461
2025,May,OK,ILP,PHYSICAL,NON_NEW,2162
2025,May,OK,ILP,PHYSICAL,,0
2025,May,OK,ILP,UNKNOWN,NEW,1
2025,May,OK,ILP,UNKNOWN,,0
2025,May,OK,PDL,PHYSICAL,NON_NEW,0
2025,May,RI,PDL,DIGITAL,NEW,53
2025,May,RI,PDL,DIGITAL,NON_NEW,930
2025,May,RI,PDL,DIGITAL,,0
2025,May,RI,PDL,PHYSICAL,NEW,106
2025,May,RI,PDL,PHYSICAL,NON_NEW,7220
2025,May,RI,PDL,PHYSICAL,,0
2025,May,RI,PDL,UNKNOWN,NEW,1
2025,May,RI,PDL,UNKNOWN,,0
2025,May,SC,PDL,DIGITAL,NEW,0
2025,May,SC,PDL,DIGITAL,NON_NEW,0
2025,May,SC,PDL,PHYSICAL,NEW,0
2025,May,SC,PDL,PHYSICAL,NON_NEW,0
2025,May,SC,PDL,PHYSICAL,,0
2025,May,SC,PDL,UNKNOWN,,0
2025,May,SC,PDL,,NON_NEW,0
2025,May,TN,ILP,DIGITAL,NON_NEW,0
2025,May,TN,ILP,PHYSICAL,NON_NEW,0
2025,May,TN,PDL,DIGITAL,NEW,5
2025,May,TN,PDL,DIGITAL,NON_NEW,174
2025,May,TN,PDL,DIGITAL,,0
2025,May,TN,PDL,PHYSICAL,NEW,1
2025,May,TN,PDL,PHYSICAL,NON_NEW,533
2025,May,TN,PDL,PHYSICAL,,0
2025,May,TN,PDL,UNKNOWN,NEW,0
2025,May,TN,PDL,UNKNOWN,,0
2025,May,TN,PDL,,NEW,0
2025,May,TN,PDL,,NON_NEW,0
2025,May,TN,PDL,,,0
2025,May,TX,ILP,DIGITAL,NEW,2178
2025,May,TX,ILP,DIGITAL,NON_NEW,3236
2025,May,TX,ILP,DIGITAL,,0
2025,May,TX,ILP,PHYSICAL,NEW,3064
2025,May,TX,ILP,PHYSICAL,NON_NEW,7070
2025,May,TX,ILP,PHYSICAL,,0
2025,May,TX,ILP,UNKNOWN,NEW,-34
2025,May,TX,ILP,UNKNOWN,,0
2025,May,TX,PDL,DIGITAL,NEW,238
2025,May,TX,PDL,DIGITAL,NON_NEW,944
2025,May,TX,PDL,DIGITAL,,0
2025,May,TX,PDL,PHYSICAL,NEW,228
2025,May,TX,PDL,PHYSICAL,NON_NEW,611
2025,May,TX,PDL,PHYSICAL,,0
2025,May,TX,PDL,UNKNOWN,NEW,0
2025,May,TX,PDL,UNKNOWN,,0
2025,May,UT,ILP,DIGITAL,NEW,197
2025,May,UT,ILP,DIGITAL,NON_NEW,57
2025,May,UT,ILP,DIGITAL,,0
2025,May,UT,ILP,PHYSICAL,NEW,0
2025,May,UT,ILP,PHYSICAL,NON_NEW,23
2025,May,UT,ILP,PHYSICAL,,0
2025,May,UT,ILP,UNKNOWN,NEW,4
2025,May,UT,ILP,UNKNOWN,,0
2025,May,UT,PDL,DIGITAL,NON_NEW,0
2025,May,UT,PDL,PHYSICAL,NEW,0
2025,May,UT,PDL,PHYSICAL,NON_NEW,0
2025,May,WI,ILP,DIGITAL,NEW,341
2025,May,WI,ILP,DIGITAL,NON_NEW,406
2025,May,WI,ILP,DIGITAL,,0
2025,May,WI,ILP,PHYSICAL,NEW,286
2025,May,WI,ILP,PHYSICAL,NON_NEW,636
2025,May,WI,ILP,PHYSICAL,,0
2025,May,WI,ILP,UNKNOWN,NEW,-1
2025,May,WI,ILP,UNKNOWN,,0
2025,May,WI,PDL,DIGITAL,NON_NEW,0
2025,May,WI,PDL,PHYSICAL,NEW,0
2025,May,WI,PDL,PHYSICAL,NON_NEW,0
2025,May,WY,ILP,PHYSICAL,NON_NEW,0
2025,May,WY,PDL,DIGITAL,NEW,40
2025,May,WY,PDL,DIGITAL,NON_NEW,649
2025,May,WY,PDL,DIGITAL,,0
2025,May,WY,PDL,PHYSICAL,NEW,100
2025,May,WY,PDL,PHYSICAL,NON_NEW,2933
2025,May,WY,PDL,PHYSICAL,,0
2025,May,WY,PDL,UNKNOWN,NEW,0
2025,May,WY,PDL,UNKNOWN,,0
2025,Nov,AL,ILP,DIGITAL,NEW,193
2025,Nov,AL,ILP,DIGITAL,NON_NEW,839
2025,Nov,AL,ILP,DIGITAL,,-2
2025,Nov,AL,ILP,PHYSICAL,NEW,1059
2025,Nov,AL,ILP,PHYSICAL,NON_NEW,3847
2025,Nov,AL,ILP,PHYSICAL,,-2
2025,Nov,AL,ILP,UNKNOWN,NEW,-7
2025,Nov,AL,ILP,UNKNOWN,NON_NEW,0
2025,Nov,AL,ILP,UNKNOWN,,0
2025,Nov,AL,PDL,DIGITAL,NEW,0
2025,Nov,AL,PDL,DIGITAL,NON_NEW,0
2025,Nov,AL,PDL,DIGITAL,,0
2025,Nov,AL,PDL,PHYSICAL,NEW,0
2025,Nov,AL,PDL,PHYSICAL,NON_NEW,0
2025,Nov,AL,PDL,PHYSICAL,,0
2025,Nov,AL,PDL,UNKNOWN,,0
2025,Nov,AL,PDL,,NEW,0
2025,Nov,AL,PDL,,NON_NEW,0
2025,Nov,CA,ILP,DIGITAL,NON_NEW,0
2025,Nov,CA,ILP,PHYSICAL,NON_NEW,0
2025,Nov,CA,PDL,DIGITAL,NEW,1205
2025,Nov,CA,PDL,DIGITAL,NON_NEW,18622
2025,Nov,CA,PDL,DIGITAL,,-7
2025,Nov,CA,PDL,PHYSICAL,NEW,1830
2025,Nov,CA,PDL,PHYSICAL,NON_NEW,56316
2025,Nov,CA,PDL,PHYSICAL,,-18
2025,Nov,CA,PDL,UNKNOWN,NEW,-18
2025,Nov,CA,PDL,UNKNOWN,NON_NEW,-2
2025,Nov,CA,PDL,UNKNOWN,,-5
2025,Nov,CA,PDL,,NON_NEW,0
2025,Nov,CA,PDL,,,0
2025,Nov,CO,ILP,DIGITAL,NEW,0
2025,Nov,CO,ILP,DIGITAL,NON_NEW,0
2025,Nov,CO,ILP,DIGITAL,,0
2025,Nov,CO,ILP,PHYSICAL,NEW,0
2025,Nov,CO,ILP,PHYSICAL,NON_NEW,0
2025,Nov,CO,ILP,PHYSICAL,,0
2025,Nov,CO,ILP,UNKNOWN,,0
2025,Nov,CO,ILP,,NEW,0
2025,Nov,CO,PDL,DIGITAL,NON_NEW,0
2025,Nov,CO,PDL,PHYSICAL,NON_NEW,0
2025,Nov,DE,ILP,DIGITAL,NEW,63
2025,Nov,DE,ILP,DIGITAL,NON_NEW,104
2025,Nov,DE,ILP,DIGITAL,,0
2025,Nov,DE,ILP,PHYSICAL,NEW,94
2025,Nov,DE,ILP,PHYSICAL,NON_NEW,198
2025,Nov,DE,ILP,PHYSICAL,,0
2025,Nov,DE,ILP,UNKNOWN,NEW,-2
2025,Nov,DE,ILP,UNKNOWN,NON_NEW,0
2025,Nov,DE,ILP,UNKNOWN,,0
2025,Nov,FL,ILP,DIGITAL,NEW,1582
2025,Nov,FL,ILP,DIGITAL,NON_NEW,6854
2025,Nov,FL,ILP,DIGITAL,,-1
2025,Nov,FL,ILP,PHYSICAL,NEW,3276
2025,Nov,FL,ILP,PHYSICAL,NON_NEW,23191
2025,Nov,FL,ILP,PHYSICAL,,-9
2025,Nov,FL,ILP,UNKNOWN,NEW,-32
2025,Nov,FL,ILP,UNKNOWN,NON_NEW,0
2025,Nov,FL,ILP,UNKNOWN,,-7
2025,Nov,FL,ILP,,NEW,0
2025,Nov,FL,ILP,,NON_NEW,0
2025,Nov,FL,ILP,,,0
2025,Nov,FL,PDL,DIGITAL,NEW,118
2025,Nov,FL,PDL,DIGITAL,NON_NEW,2333
2025,Nov,FL,PDL,DIGITAL,,0
2025,Nov,FL,PDL,PHYSICAL,NEW,144
2025,Nov,FL,PDL,PHYSICAL,NON_NEW,15020
2025,Nov,FL,PDL,PHYSICAL,,-3
2025,Nov,FL,PDL,UNKNOWN,NEW,-2
2025,Nov,FL,PDL,UNKNOWN,,0
2025,Nov,FL,PDL,,NEW,0
2025,Nov,FL,PDL,,NON_NEW,0
2025,Nov,FL,PDL,,,0
2025,Nov,IA,ILP,PHYSICAL,NON_NEW,0
2025,Nov,IA,PDL,DIGITAL,NEW,102
2025,Nov,IA,PDL,DIGITAL,NON_NEW,2198
2025,Nov,IA,PDL,DIGITAL,,-2
2025,Nov,IA,PDL,PHYSICAL,NEW,214
2025,Nov,IA,PDL,PHYSICAL,NON_NEW,8921
2025,Nov,IA,PDL,PHYSICAL,,-3
2025,Nov,IA,PDL,UNKNOWN,NEW,0
2025,Nov,IA,PDL,UNKNOWN,NON_NEW,0
2025,Nov,IA,PDL,UNKNOWN,,-2
2025,Nov,ID,ILP,DIGITAL,NEW,64
2025,Nov,ID,ILP,DIGITAL,NON_NEW,90
2025,Nov,ID,ILP,DIGITAL,,0
2025,Nov,ID,ILP,PHYSICAL,NEW,35
2025,Nov,ID,ILP,PHYSICAL,NON_NEW,66
2025,Nov,ID,ILP,PHYSICAL,,0
2025,Nov,ID,ILP,UNKNOWN,NEW,-3
2025,Nov,ID,ILP,UNKNOWN,NON_NEW,0
2025,Nov,ID,ILP,UNKNOWN,,0
2025,Nov,IN,PDL,DIGITAL,NEW,182
2025,Nov,IN,PDL,DIGITAL,NON_NEW,2779
2025,Nov,IN,PDL,DIGITAL,,-1
2025,Nov,IN,PDL,PHYSICAL,NEW,458
2025,Nov,IN,PDL,PHYSICAL,NON_NEW,12832
2025,Nov,IN,PDL,PHYSICAL,,-3
2025,Nov,IN,PDL,UNKNOWN,NEW,-3
2025,Nov,IN,PDL,UNKNOWN,,-2
2025,Nov,KS,ILP,DIGITAL,NON_NEW,0
2025,Nov,KS,ILP,PHYSICAL,NON_NEW,0
2025,Nov,KS,PDL,DIGITAL,NEW,0
2025,Nov,KS,PDL,DIGITAL,NON_NEW,0
2025,Nov,KS,PDL,DIGITAL,,0
2025,Nov,KS,PDL,PHYSICAL,NEW,0
2025,Nov,KS,PDL,PHYSICAL,NON_NEW,0
2025,Nov,KS,PDL,PHYSICAL,,0
2025,Nov,KS,PDL,UNKNOWN,,0
2025,Nov,KY,ILP,PHYSICAL,NON_NEW,0
2025,Nov,KY,PDL,DIGITAL,NEW,87
2025,Nov,KY,PDL,DIGITAL,NON_NEW,1008
2025,Nov,KY,PDL,DIGITAL,,0
2025,Nov,KY,PDL,PHYSICAL,NEW,192
2025,Nov,KY,PDL,PHYSICAL,NON_NEW,6937
2025,Nov,KY,PDL,PHYSICAL,,-1
2025,Nov,KY,PDL,UNKNOWN,NEW,0
2025,Nov,KY,PDL,UNKNOWN,NON_NEW,0
2025,Nov,KY,PDL,UNKNOWN,,0
2025,Nov,LA,ILP,PHYSICAL,NON_NEW,0
2025,Nov,LA,PDL,DIGITAL,NEW,145
2025,Nov,LA,PDL,DIGITAL,NON_NEW,2402
2025,Nov,LA,PDL,DIGITAL,,0
2025,Nov,LA,PDL,PHYSICAL,NEW,656
2025,Nov,LA,PDL,PHYSICAL,NON_NEW,11276
2025,Nov,LA,PDL,PHYSICAL,,-6
2025,Nov,LA,PDL,UNKNOWN,NEW,-4
2025,Nov,LA,PDL,UNKNOWN,NON_NEW,0
2025,Nov,LA,PDL,UNKNOWN,,0
2025,Nov,MI,ILP,DIGITAL,NON_NEW,0
2025,Nov,MI,ILP,PHYSICAL,NON_NEW,0
2025,Nov,MI,PDL,DIGITAL,NEW,631
2025,Nov,MI,PDL,DIGITAL,NON_NEW,12597
2025,Nov,MI,PDL,DIGITAL,,-4
2025,Nov,MI,PDL,PHYSICAL,NEW,1372
2025,Nov,MI,PDL,PHYSICAL,NON_NEW,42057
2025,Nov,MI,PDL,PHYSICAL,,-32
2025,Nov,MI,PDL,UNKNOWN,NEW,-8
2025,Nov,MI,PDL,UNKNOWN,NON_NEW,0
2025,Nov,MI,PDL,UNKNOWN,,-2
2025,Nov,MO,ILP,DIGITAL,NEW,317
2025,Nov,MO,ILP,DIGITAL,NON_NEW,551
2025,Nov,MO,ILP,DIGITAL,,-1
2025,Nov,MO,ILP,PHYSICAL,NEW,512
2025,Nov,MO,ILP,PHYSICAL,NON_NEW,1082
2025,Nov,MO,ILP,PHYSICAL,,-2
2025,Nov,MO,ILP,UNKNOWN,NEW,-14
2025,Nov,MO,ILP,UNKNOWN,NON_NEW,0
2025,Nov,MO,ILP,UNKNOWN,,0
2025,Nov,MO,PDL,DIGITAL,NEW,0
2025,Nov,MO,PDL,DIGITAL,NON_NEW,0
2025,Nov,MO,PDL,DIGITAL,,0
2025,Nov,MO,PDL,PHYSICAL,NEW,0
2025,Nov,MO,PDL,PHYSICAL,NON_NEW,0
2025,Nov,MO,PDL,PHYSICAL,,0
2025,Nov,MO,PDL,UNKNOWN,,0
2025,Nov,MS,ILP,DIGITAL,NEW,369
2025,Nov,MS,ILP,DIGITAL,NON_NEW,750
2025,Nov,MS,ILP,DIGITAL,,0
2025,Nov,MS,ILP,PHYSICAL,NEW,942
2025,Nov,MS,ILP,PHYSICAL,NON_NEW,2531
2025,Nov,MS,ILP,PHYSICAL,,-2
2025,Nov,MS,ILP,UNKNOWN,NEW,-37
2025,Nov,MS,ILP,UNKNOWN,NON_NEW,0
2025,Nov,MS,ILP,UNKNOWN,,-4
2025,Nov,MS,PDL,DIGITAL,NEW,3
2025,Nov,MS,PDL,DIGITAL,NON_NEW,25
2025,Nov,MS,PDL,DIGITAL,,0
2025,Nov,MS,PDL,PHYSICAL,NEW,3
2025,Nov,MS,PDL,PHYSICAL,NON_NEW,108
2025,Nov,MS,PDL,PHYSICAL,,0
2025,Nov,MS,PDL,UNKNOWN,,0
2025,Nov,NC,PDL,PHYSICAL,,0
2025,Nov,NV,ILP,DIGITAL,NEW,88
2025,Nov,NV,ILP,DIGITAL,NON_NEW,165
2025,Nov,NV,ILP,DIGITAL,,0
2025,Nov,NV,ILP,PHYSICAL,NEW,322
2025,Nov,NV,ILP,PHYSICAL,NON_NEW,491
2025,Nov,NV,ILP,PHYSICAL,,-1
2025,Nov,NV,ILP,UNKNOWN,NEW,-4
2025,Nov,NV,ILP,UNKNOWN,NON_NEW,-1
2025,Nov,NV,ILP,UNKNOWN,,-5
2025,Nov,NV,PDL,DIGITAL,NEW,0
2025,Nov,NV,PDL,DIGITAL,NON_NEW,0
2025,Nov,NV,PDL,PHYSICAL,NEW,0
2025,Nov,NV,PDL,PHYSICAL,NON_NEW,0
2025,Nov,NV,PDL,PHYSICAL,,0
2025,Nov,NV,PDL,UNKNOWN,,0
2025,Nov,OH,ILP,DIGITAL,NEW,328
2025,Nov,OH,ILP,DIGITAL,NON_NEW,1552
2025,Nov,OH,ILP,DIGITAL,,0
2025,Nov,OH,ILP,PHYSICAL,NEW,535
2025,Nov,OH,ILP,PHYSICAL,NON_NEW,4736
2025,Nov,OH,ILP,PHYSICAL,,-3
2025,Nov,OH,ILP,UNKNOWN,NEW,-3
2025,Nov,OH,ILP,UNKNOWN,NON_NEW,0
2025,Nov,OH,ILP,UNKNOWN,,-1
2025,Nov,OH,ILP,,NEW,0
2025,Nov,OH,ILP,,,0
2025,Nov,OH,PDL,DIGITAL,NON_NEW,0
2025,Nov,OH,PDL,PHYSICAL,NON_NEW,0
2025,Nov,OK,ILP,DIGITAL,NEW,298
2025,Nov,OK,ILP,DIGITAL,NON_NEW,799
2025,Nov,OK,ILP,DIGITAL,,0
2025,Nov,OK,ILP,PHYSICAL,NEW,575
2025,Nov,OK,ILP,PHYSICAL,NON_NEW,1823
2025,Nov,OK,ILP,PHYSICAL,,-1
2025,Nov,OK,ILP,UNKNOWN,NEW,-4
2025,Nov,OK,ILP,UNKNOWN,NON_NEW,0
2025,Nov,OK,ILP,UNKNOWN,,-1
2025,Nov,OK,PDL,PHYSICAL,NON_NEW,0
2025,Nov,RI,PDL,DIGITAL,NEW,69
2025,Nov,RI,PDL,DIGITAL,NON_NEW,996
2025,Nov,RI,PDL,DIGITAL,,0
2025,Nov,RI,PDL,PHYSICAL,NEW,104
2025,Nov,RI,PDL,PHYSICAL,NON_NEW,6136
2025,Nov,RI,PDL,PHYSICAL,,0
2025,Nov,RI,PDL,UNKNOWN,NEW,0
2025,Nov,RI,PDL,UNKNOWN,,0
2025,Nov,SC,PDL,DIGITAL,NEW,0
2025,Nov,SC,PDL,DIGITAL,NON_NEW,0
2025,Nov,SC,PDL,PHYSICAL,NEW,0
2025,Nov,SC,PDL,PHYSICAL,NON_NEW,0
2025,Nov,SC,PDL,PHYSICAL,,0
2025,Nov,SC,PDL,UNKNOWN,,0
2025,Nov,SC,PDL,,NON_NEW,0
2025,Nov,TN,ILP,DIGITAL,NON_NEW,0
2025,Nov,TN,ILP,PHYSICAL,NON_NEW,0
2025,Nov,TN,PDL,DIGITAL,NEW,2
2025,Nov,TN,PDL,DIGITAL,NON_NEW,58
2025,Nov,TN,PDL,DIGITAL,,0
2025,Nov,TN,PDL,PHYSICAL,NEW,0
2025,Nov,TN,PDL,PHYSICAL,NON_NEW,185
2025,Nov,TN,PDL,PHYSICAL,,0
2025,Nov,TN,PDL,UNKNOWN,,0
2025,Nov,TN,PDL,,NEW,0
2025,Nov,TN,PDL,,NON_NEW,0
2025,Nov,TN,PDL,,,0
2025,Nov,TX,ILP,DIGITAL,NEW,1717
2025,Nov,TX,ILP,DIGITAL,NON_NEW,3593
2025,Nov,TX,ILP,DIGITAL,,-8
2025,Nov,TX,ILP,PHYSICAL,NEW,3682
2025,Nov,TX,ILP,PHYSICAL,NON_NEW,6198
2025,Nov,TX,ILP,PHYSICAL,,-12
2025,Nov,TX,ILP,UNKNOWN,NEW,-60
2025,Nov,TX,ILP,UNKNOWN,NON_NEW,-10
2025,Nov,TX,ILP,UNKNOWN,,-12
2025,Nov,TX,PDL,DIGITAL,NEW,185
2025,Nov,TX,PDL,DIGITAL,NON_NEW,668
2025,Nov,TX,PDL,DIGITAL,,-1
2025,Nov,TX,PDL,PHYSICAL,NEW,65
2025,Nov,TX,PDL,PHYSICAL,NON_NEW,359
2025,Nov,TX,PDL,PHYSICAL,,-2
2025,Nov,TX,PDL,UNKNOWN,NEW,-7
2025,Nov,TX,PDL,UNKNOWN,,0
2025,Nov,UT,ILP,DIGITAL,NEW,60
2025,Nov,UT,ILP,DIGITAL,NON_NEW,86
2025,Nov,UT,ILP,DIGITAL,,0
2025,Nov,UT,ILP,PHYSICAL,NEW,0
2025,Nov,UT,ILP,PHYSICAL,NON_NEW,14
2025,Nov,UT,ILP,PHYSICAL,,0
2025,Nov,UT,ILP,UNKNOWN,NEW,-1
2025,Nov,UT,ILP,UNKNOWN,,0
2025,Nov,UT,PDL,DIGITAL,NON_NEW,0
2025,Nov,UT,PDL,PHYSICAL,NEW,0
2025,Nov,UT,PDL,PHYSICAL,NON_NEW,0
2025,Nov,WI,ILP,DIGITAL,NEW,248
2025,Nov,WI,ILP,DIGITAL,NON_NEW,413
2025,Nov,WI,ILP,DIGITAL,,0
2025,Nov,WI,ILP,PHYSICAL,NEW,357
2025,Nov,WI,ILP,PHYSICAL,NON_NEW,551
2025,Nov,WI,ILP,PHYSICAL,,0
2025,Nov,WI,ILP,UNKNOWN,NEW,-4
2025,Nov,WI,ILP,UNKNOWN,NON_NEW,0
2025,Nov,WI,ILP,UNKNOWN,,-1
2025,Nov,WI,PDL,DIGITAL,NON_NEW,0
2025,Nov,WI,PDL,PHYSICAL,NEW,0
2025,Nov,WI,PDL,PHYSICAL,NON_NEW,0
2025,Nov,WY,ILP,PHYSICAL,NON_NEW,0
2025,Nov,WY,PDL,DIGITAL,NEW,32
2025,Nov,WY,PDL,DIGITAL,NON_NEW,682
2025,Nov,WY,PDL,DIGITAL,,-1
2025,Nov,WY,PDL,PHYSICAL,NEW,97
2025,Nov,WY,PDL,PHYSICAL,NON_NEW,2549
2025,Nov,WY,PDL,PHYSICAL,,-3
2025,Nov,WY,PDL,UNKNOWN,NEW,-1
2025,Nov,WY,PDL,UNKNOWN,,0
2025,Oct,AL,ILP,DIGITAL,NEW,255
2025,Oct,AL,ILP,DIGITAL,NON_NEW,945
2025,Oct,AL,ILP,DIGITAL,,0
2025,Oct,AL,ILP,PHYSICAL,NEW,1177
2025,Oct,AL,ILP,PHYSICAL,NON_NEW,4191
2025,Oct,AL,ILP,PHYSICAL,,0
2025,Oct,AL,ILP,UNKNOWN,NEW,-8
2025,Oct,AL,ILP,UNKNOWN,NON_NEW,0
2025,Oct,AL,ILP,UNKNOWN,,0
2025,Oct,AL,PDL,DIGITAL,NEW,0
2025,Oct,AL,PDL,DIGITAL,NON_NEW,0
2025,Oct,AL,PDL,DIGITAL,,0
2025,Oct,AL,PDL,PHYSICAL,NEW,0
2025,Oct,AL,PDL,PHYSICAL,NON_NEW,0
2025,Oct,AL,PDL,PHYSICAL,,0
2025,Oct,AL,PDL,UNKNOWN,,0
2025,Oct,AL,PDL,,NEW,0
2025,Oct,AL,PDL,,NON_NEW,0
2025,Oct,CA,ILP,DIGITAL,NON_NEW,0
2025,Oct,CA,ILP,PHYSICAL,NON_NEW,0
2025,Oct,CA,PDL,DIGITAL,NEW,1250
2025,Oct,CA,PDL,DIGITAL,NON_NEW,20479
2025,Oct,CA,PDL,DIGITAL,,-6
2025,Oct,CA,PDL,PHYSICAL,NEW,2146
2025,Oct,CA,PDL,PHYSICAL,NON_NEW,66355
2025,Oct,CA,PDL,PHYSICAL,,-20
2025,Oct,CA,PDL,UNKNOWN,NEW,-20
2025,Oct,CA,PDL,UNKNOWN,NON_NEW,-5
2025,Oct,CA,PDL,UNKNOWN,,-10
2025,Oct,CA,PDL,,NON_NEW,0
2025,Oct,CA,PDL,,,0
2025,Oct,CO,ILP,DIGITAL,NEW,0
2025,Oct,CO,ILP,DIGITAL,NON_NEW,0
2025,Oct,CO,ILP,DIGITAL,,0
2025,Oct,CO,ILP,PHYSICAL,NEW,0
2025,Oct,CO,ILP,PHYSICAL,NON_NEW,0
2025,Oct,CO,ILP,PHYSICAL,,0
2025,Oct,CO,ILP,UNKNOWN,,0
2025,Oct,CO,ILP,,NEW,0
2025,Oct,CO,PDL,DIGITAL,NON_NEW,0
2025,Oct,CO,PDL,PHYSICAL,NON_NEW,0
2025,Oct,DE,ILP,DIGITAL,NEW,70
2025,Oct,DE,ILP,DIGITAL,NON_NEW,146
2025,Oct,DE,ILP,DIGITAL,,0
2025,Oct,DE,ILP,PHYSICAL,NEW,94
2025,Oct,DE,ILP,PHYSICAL,NON_NEW,226
2025,Oct,DE,ILP,PHYSICAL,,-1
2025,Oct,DE,ILP,UNKNOWN,NEW,-1
2025,Oct,DE,ILP,UNKNOWN,NON_NEW,0
2025,Oct,DE,ILP,UNKNOWN,,-1
2025,Oct,FL,ILP,DIGITAL,NEW,1608
2025,Oct,FL,ILP,DIGITAL,NON_NEW,7081
2025,Oct,FL,ILP,DIGITAL,,-4
2025,Oct,FL,ILP,PHYSICAL,NEW,3611
2025,Oct,FL,ILP,PHYSICAL,NON_NEW,24244
2025,Oct,FL,ILP,PHYSICAL,,-4
2025,Oct,FL,ILP,UNKNOWN,NEW,-29
2025,Oct,FL,ILP,UNKNOWN,NON_NEW,0
2025,Oct,FL,ILP,UNKNOWN,,-6
2025,Oct,FL,ILP,,NEW,0
2025,Oct,FL,ILP,,NON_NEW,0
2025,Oct,FL,ILP,,,0
2025,Oct,FL,PDL,DIGITAL,NEW,136
2025,Oct,FL,PDL,DIGITAL,NON_NEW,2380
2025,Oct,FL,PDL,DIGITAL,,0
2025,Oct,FL,PDL,PHYSICAL,NEW,156
2025,Oct,FL,PDL,PHYSICAL,NON_NEW,16324
2025,Oct,FL,PDL,PHYSICAL,,-5
2025,Oct,FL,PDL,UNKNOWN,NEW,-3
2025,Oct,FL,PDL,UNKNOWN,,0
2025,Oct,FL,PDL,,NEW,0
2025,Oct,FL,PDL,,NON_NEW,0
2025,Oct,FL,PDL,,,0
2025,Oct,IA,ILP,PHYSICAL,NON_NEW,0
2025,Oct,IA,PDL,DIGITAL,NEW,107
2025,Oct,IA,PDL,DIGITAL,NON_NEW,2200
2025,Oct,IA,PDL,DIGITAL,,0
2025,Oct,IA,PDL,PHYSICAL,NEW,306
2025,Oct,IA,PDL,PHYSICAL,NON_NEW,9344
2025,Oct,IA,PDL,PHYSICAL,,-2
2025,Oct,IA,PDL,UNKNOWN,NEW,-3
2025,Oct,IA,PDL,UNKNOWN,NON_NEW,-1
2025,Oct,IA,PDL,UNKNOWN,,-2
2025,Oct,ID,ILP,DIGITAL,NEW,60
2025,Oct,ID,ILP,DIGITAL,NON_NEW,88
2025,Oct,ID,ILP,DIGITAL,,0
2025,Oct,ID,ILP,PHYSICAL,NEW,32
2025,Oct,ID,ILP,PHYSICAL,NON_NEW,71
2025,Oct,ID,ILP,PHYSICAL,,0
2025,Oct,ID,ILP,UNKNOWN,NEW,-6
2025,Oct,ID,ILP,UNKNOWN,NON_NEW,-1
2025,Oct,ID,ILP,UNKNOWN,,0
2025,Oct,IN,PDL,DIGITAL,NEW,260
2025,Oct,IN,PDL,DIGITAL,NON_NEW,3101
2025,Oct,IN,PDL,DIGITAL,,0
2025,Oct,IN,PDL,PHYSICAL,NEW,558
2025,Oct,IN,PDL,PHYSICAL,NON_NEW,15185
2025,Oct,IN,PDL,PHYSICAL,,-5
2025,Oct,IN,PDL,UNKNOWN,NEW,-5
2025,Oct,IN,PDL,UNKNOWN,,-1
2025,Oct,KS,ILP,DIGITAL,NON_NEW,0
2025,Oct,KS,ILP,PHYSICAL,NON_NEW,0
2025,Oct,KS,PDL,DIGITAL,NEW,0
2025,Oct,KS,PDL,DIGITAL,NON_NEW,0
2025,Oct,KS,PDL,DIGITAL,,0
2025,Oct,KS,PDL,PHYSICAL,NEW,0
2025,Oct,KS,PDL,PHYSICAL,NON_NEW,0
2025,Oct,KS,PDL,PHYSICAL,,0
2025,Oct,KS,PDL,UNKNOWN,,0
2025,Oct,KY,ILP,PHYSICAL,NON_NEW,0
2025,Oct,KY,PDL,DIGITAL,NEW,85
2025,Oct,KY,PDL,DIGITAL,NON_NEW,1079
2025,Oct,KY,PDL,DIGITAL,,0
2025,Oct,KY,PDL,PHYSICAL,NEW,221
2025,Oct,KY,PDL,PHYSICAL,NON_NEW,8272
2025,Oct,KY,PDL,PHYSICAL,,-4
2025,Oct,KY,PDL,UNKNOWN,NEW,0
2025,Oct,KY,PDL,UNKNOWN,NON_NEW,0
2025,Oct,KY,PDL,UNKNOWN,,-2
2025,Oct,LA,ILP,PHYSICAL,NON_NEW,0
2025,Oct,LA,PDL,DIGITAL,NEW,150
2025,Oct,LA,PDL,DIGITAL,NON_NEW,2851
2025,Oct,LA,PDL,DIGITAL,,-1
2025,Oct,LA,PDL,PHYSICAL,NEW,776
2025,Oct,LA,PDL,PHYSICAL,NON_NEW,14249
2025,Oct,LA,PDL,PHYSICAL,,-6
2025,Oct,LA,PDL,UNKNOWN,NEW,-2
2025,Oct,LA,PDL,UNKNOWN,NON_NEW,0
2025,Oct,LA,PDL,UNKNOWN,,-2
2025,Oct,MI,ILP,DIGITAL,NON_NEW,0
2025,Oct,MI,ILP,PHYSICAL,NON_NEW,0
2025,Oct,MI,PDL,DIGITAL,NEW,634
2025,Oct,MI,PDL,DIGITAL,NON_NEW,14262
2025,Oct,MI,PDL,DIGITAL,,-6
2025,Oct,MI,PDL,PHYSICAL,NEW,1469
2025,Oct,MI,PDL,PHYSICAL,NON_NEW,49845
2025,Oct,MI,PDL,PHYSICAL,,-24
2025,Oct,MI,PDL,UNKNOWN,NEW,-8
2025,Oct,MI,PDL,UNKNOWN,NON_NEW,0
2025,Oct,MI,PDL,UNKNOWN,,-5
2025,Oct,MO,ILP,DIGITAL,NEW,352
2025,Oct,MO,ILP,DIGITAL,NON_NEW,616
2025,Oct,MO,ILP,DIGITAL,,0
2025,Oct,MO,ILP,PHYSICAL,NEW,618
2025,Oct,MO,ILP,PHYSICAL,NON_NEW,1196
2025,Oct,MO,ILP,PHYSICAL,,-2
2025,Oct,MO,ILP,UNKNOWN,NEW,-7
2025,Oct,MO,ILP,UNKNOWN,NON_NEW,0
2025,Oct,MO,ILP,UNKNOWN,,-2
2025,Oct,MO,PDL,DIGITAL,NEW,0
2025,Oct,MO,PDL,DIGITAL,NON_NEW,0
2025,Oct,MO,PDL,DIGITAL,,0
2025,Oct,MO,PDL,PHYSICAL,NEW,0
2025,Oct,MO,PDL,PHYSICAL,NON_NEW,0
2025,Oct,MO,PDL,PHYSICAL,,0
2025,Oct,MO,PDL,UNKNOWN,,0
2025,Oct,MS,ILP,DIGITAL,NEW,347
2025,Oct,MS,ILP,DIGITAL,NON_NEW,819
2025,Oct,MS,ILP,DIGITAL,,-2
2025,Oct,MS,ILP,PHYSICAL,NEW,1040
2025,Oct,MS,ILP,PHYSICAL,NON_NEW,2769
2025,Oct,MS,ILP,PHYSICAL,,-1
2025,Oct,MS,ILP,UNKNOWN,NEW,-9
2025,Oct,MS,ILP,UNKNOWN,NON_NEW,-2
2025,Oct,MS,ILP,UNKNOWN,,-1
2025,Oct,MS,PDL,DIGITAL,NEW,1
2025,Oct,MS,PDL,DIGITAL,NON_NEW,40
2025,Oct,MS,PDL,DIGITAL,,0
2025,Oct,MS,PDL,PHYSICAL,NEW,5
2025,Oct,MS,PDL,PHYSICAL,NON_NEW,170
2025,Oct,MS,PDL,PHYSICAL,,0
2025,Oct,MS,PDL,UNKNOWN,,0
2025,Oct,NC,PDL,PHYSICAL,,0
2025,Oct,NV,ILP,DIGITAL,NEW,124
2025,Oct,NV,ILP,DIGITAL,NON_NEW,197
2025,Oct,NV,ILP,DIGITAL,,0
2025,Oct,NV,ILP,PHYSICAL,NEW,362
2025,Oct,NV,ILP,PHYSICAL,NON_NEW,582
2025,Oct,NV,ILP,PHYSICAL,,-6
2025,Oct,NV,ILP,UNKNOWN,NEW,-9
2025,Oct,NV,ILP,UNKNOWN,NON_NEW,0
2025,Oct,NV,ILP,UNKNOWN,,-1
2025,Oct,NV,PDL,DIGITAL,NEW,0
2025,Oct,NV,PDL,DIGITAL,NON_NEW,0
2025,Oct,NV,PDL,PHYSICAL,NEW,0
2025,Oct,NV,PDL,PHYSICAL,NON_NEW,0
2025,Oct,NV,PDL,PHYSICAL,,0
2025,Oct,NV,PDL,UNKNOWN,,0
2025,Oct,OH,ILP,DIGITAL,NEW,348
2025,Oct,OH,ILP,DIGITAL,NON_NEW,1746
2025,Oct,OH,ILP,DIGITAL,,0
2025,Oct,OH,ILP,PHYSICAL,NEW,708
2025,Oct,OH,ILP,PHYSICAL,NON_NEW,5323
2025,Oct,OH,ILP,PHYSICAL,,0
2025,Oct,OH,ILP,UNKNOWN,NEW,-5
2025,Oct,OH,ILP,UNKNOWN,NON_NEW,0
2025,Oct,OH,ILP,UNKNOWN,,-1
2025,Oct,OH,ILP,,NEW,0
2025,Oct,OH,ILP,,,0
2025,Oct,OH,PDL,DIGITAL,NON_NEW,0
2025,Oct,OH,PDL,PHYSICAL,NON_NEW,0
2025,Oct,OK,ILP,DIGITAL,NEW,331
2025,Oct,OK,ILP,DIGITAL,NON_NEW,930
2025,Oct,OK,ILP,DIGITAL,,-1
2025,Oct,OK,ILP,PHYSICAL,NEW,677
2025,Oct,OK,ILP,PHYSICAL,NON_NEW,1981
2025,Oct,OK,ILP,PHYSICAL,,-1
2025,Oct,OK,ILP,UNKNOWN,NEW,-8
2025,Oct,OK,ILP,UNKNOWN,NON_NEW,0
2025,Oct,OK,ILP,UNKNOWN,,0
2025,Oct,OK,PDL,PHYSICAL,NON_NEW,0
2025,Oct,RI,PDL,DIGITAL,NEW,68
2025,Oct,RI,PDL,DIGITAL,NON_NEW,1143
2025,Oct,RI,PDL,DIGITAL,,0
2025,Oct,RI,PDL,PHYSICAL,NEW,134
2025,Oct,RI,PDL,PHYSICAL,NON_NEW,7438
2025,Oct,RI,PDL,PHYSICAL,,-3
2025,Oct,RI,PDL,UNKNOWN,NEW,0
2025,Oct,RI,PDL,UNKNOWN,,0
2025,Oct,SC,PDL,DIGITAL,NEW,0
2025,Oct,SC,PDL,DIGITAL,NON_NEW,0
2025,Oct,SC,PDL,PHYSICAL,NEW,0
2025,Oct,SC,PDL,PHYSICAL,NON_NEW,0
2025,Oct,SC,PDL,PHYSICAL,,0
2025,Oct,SC,PDL,UNKNOWN,,0
2025,Oct,SC,PDL,,NON_NEW,0
2025,Oct,TN,ILP,DIGITAL,NON_NEW,0
2025,Oct,TN,ILP,PHYSICAL,NON_NEW,0
2025,Oct,TN,PDL,DIGITAL,NEW,3
2025,Oct,TN,PDL,DIGITAL,NON_NEW,69
2025,Oct,TN,PDL,DIGITAL,,0
2025,Oct,TN,PDL,PHYSICAL,NEW,3
2025,Oct,TN,PDL,PHYSICAL,NON_NEW,270
2025,Oct,TN,PDL,PHYSICAL,,0
2025,Oct,TN,PDL,UNKNOWN,,0
2025,Oct,TN,PDL,,NEW,0
2025,Oct,TN,PDL,,NON_NEW,0
2025,Oct,TN,PDL,,,0
2025,Oct,TX,ILP,DIGITAL,NEW,2113
2025,Oct,TX,ILP,DIGITAL,NON_NEW,3963
2025,Oct,TX,ILP,DIGITAL,,-11
2025,Oct,TX,ILP,PHYSICAL,NEW,4352
2025,Oct,TX,ILP,PHYSICAL,NON_NEW,6726
2025,Oct,TX,ILP,PHYSICAL,,-11
2025,Oct,TX,ILP,UNKNOWN,NEW,-105
2025,Oct,TX,ILP,UNKNOWN,NON_NEW,-10
2025,Oct,TX,ILP,UNKNOWN,,-14
2025,Oct,TX,PDL,DIGITAL,NEW,211
2025,Oct,TX,PDL,DIGITAL,NON_NEW,797
2025,Oct,TX,PDL,DIGITAL,,-6
2025,Oct,TX,PDL,PHYSICAL,NEW,81
2025,Oct,TX,PDL,PHYSICAL,NON_NEW,432
2025,Oct,TX,PDL,PHYSICAL,,-1
2025,Oct,TX,PDL,UNKNOWN,NEW,-3
2025,Oct,TX,PDL,UNKNOWN,,-3
2025,Oct,UT,ILP,DIGITAL,NEW,81
2025,Oct,UT,ILP,DIGITAL,NON_NEW,86
2025,Oct,UT,ILP,DIGITAL,,0
2025,Oct,UT,ILP,PHYSICAL,NEW,0
2025,Oct,UT,ILP,PHYSICAL,NON_NEW,21
2025,Oct,UT,ILP,PHYSICAL,,0
2025,Oct,UT,ILP,UNKNOWN,NEW,-5
2025,Oct,UT,ILP,UNKNOWN,,0
2025,Oct,UT,PDL,DIGITAL,NON_NEW,0
2025,Oct,UT,PDL,PHYSICAL,NEW,0
2025,Oct,UT,PDL,PHYSICAL,NON_NEW,0
2025,Oct,WI,ILP,DIGITAL,NEW,289
2025,Oct,WI,ILP,DIGITAL,NON_NEW,414
2025,Oct,WI,ILP,DIGITAL,,0
2025,Oct,WI,ILP,PHYSICAL,NEW,350
2025,Oct,WI,ILP,PHYSICAL,NON_NEW,547
2025,Oct,WI,ILP,PHYSICAL,,-1
2025,Oct,WI,ILP,UNKNOWN,NEW,-12
2025,Oct,WI,ILP,UNKNOWN,NON_NEW,0
2025,Oct,WI,ILP,UNKNOWN,,-2
2025,Oct,WI,PDL,DIGITAL,NON_NEW,0
2025,Oct,WI,PDL,PHYSICAL,NEW,0
2025,Oct,WI,PDL,PHYSICAL,NON_NEW,0
2025,Oct,WY,ILP,PHYSICAL,NON_NEW,0
2025,Oct,WY,PDL,DIGITAL,NEW,33
2025,Oct,WY,PDL,DIGITAL,NON_NEW,754
2025,Oct,WY,PDL,DIGITAL,,0
2025,Oct,WY,PDL,PHYSICAL,NEW,109
2025,Oct,WY,PDL,PHYSICAL,NON_NEW,2996
2025,Oct,WY,PDL,PHYSICAL,,-1
2025,Oct,WY,PDL,UNKNOWN,NEW,0
2025,Oct,WY,PDL,UNKNOWN,,0
2025,Sep,AL,ILP,DIGITAL,NEW,248
2025,Sep,AL,ILP,DIGITAL,NON_NEW,890
2025,Sep,AL,ILP,DIGITAL,,1
2025,Sep,AL,ILP,PHYSICAL,NEW,1352
2025,Sep,AL,ILP,PHYSICAL,NON_NEW,4029
2025,Sep,AL,ILP,PHYSICAL,,3
2025,Sep,AL,ILP,UNKNOWN,NEW,-3
2025,Sep,AL,ILP,UNKNOWN,,0
2025,Sep,AL,PDL,DIGITAL,NEW,0
2025,Sep,AL,PDL,DIGITAL,NON_NEW,0
2025,Sep,AL,PDL,DIGITAL,,0
2025,Sep,AL,PDL,PHYSICAL,NEW,0
2025,Sep,AL,PDL,PHYSICAL,NON_NEW,0
2025,Sep,AL,PDL,PHYSICAL,,0
2025,Sep,AL,PDL,UNKNOWN,,0
2025,Sep,AL,PDL,,NEW,0
2025,Sep,AL,PDL,,NON_NEW,0
2025,Sep,CA,ILP,DIGITAL,NON_NEW,0
2025,Sep,CA,ILP,PHYSICAL,NON_NEW,0
2025,Sep,CA,PDL,DIGITAL,NEW,1446
2025,Sep,CA,PDL,DIGITAL,NON_NEW,18597
2025,Sep,CA,PDL,DIGITAL,,2
2025,Sep,CA,PDL,PHYSICAL,NEW,2369
2025,Sep,CA,PDL,PHYSICAL,NON_NEW,57737
2025,Sep,CA,PDL,PHYSICAL,,13
2025,Sep,CA,PDL,UNKNOWN,NEW,-11
2025,Sep,CA,PDL,UNKNOWN,,0
2025,Sep,CA,PDL,,NEW,0
2025,Sep,CA,PDL,,NON_NEW,0
2025,Sep,CA,PDL,,,0
2025,Sep,CO,ILP,DIGITAL,NEW,0
2025,Sep,CO,ILP,DIGITAL,NON_NEW,0
2025,Sep,CO,ILP,DIGITAL,,0
2025,Sep,CO,ILP,PHYSICAL,NEW,0
2025,Sep,CO,ILP,PHYSICAL,NON_NEW,0
2025,Sep,CO,ILP,PHYSICAL,,0
2025,Sep,CO,ILP,UNKNOWN,,0
2025,Sep,CO,ILP,,NEW,0
2025,Sep,CO,PDL,DIGITAL,NEW,0
2025,Sep,CO,PDL,DIGITAL,NON_NEW,0
2025,Sep,CO,PDL,PHYSICAL,NON_NEW,0
2025,Sep,DE,ILP,DIGITAL,NEW,76
2025,Sep,DE,ILP,DIGITAL,NON_NEW,113
2025,Sep,DE,ILP,DIGITAL,,0
2025,Sep,DE,ILP,PHYSICAL,NEW,100
2025,Sep,DE,ILP,PHYSICAL,NON_NEW,224
2025,Sep,DE,ILP,PHYSICAL,,0
2025,Sep,DE,ILP,UNKNOWN,NEW,0
2025,Sep,DE,ILP,UNKNOWN,,0
2025,Sep,FL,ILP,DIGITAL,NEW,1759
2025,Sep,FL,ILP,DIGITAL,NON_NEW,6431
2025,Sep,FL,ILP,DIGITAL,,10
2025,Sep,FL,ILP,PHYSICAL,NEW,3549
2025,Sep,FL,ILP,PHYSICAL,NON_NEW,22680
2025,Sep,FL,ILP,PHYSICAL,,18
2025,Sep,FL,ILP,UNKNOWN,NEW,-12
2025,Sep,FL,ILP,UNKNOWN,NON_NEW,0
2025,Sep,FL,ILP,UNKNOWN,,-1
2025,Sep,FL,ILP,,NEW,0
2025,Sep,FL,ILP,,NON_NEW,0
2025,Sep,FL,ILP,,,0
2025,Sep,FL,PDL,DIGITAL,NEW,136
2025,Sep,FL,PDL,DIGITAL,NON_NEW,2287
2025,Sep,FL,PDL,DIGITAL,,0
2025,Sep,FL,PDL,PHYSICAL,NEW,196
2025,Sep,FL,PDL,PHYSICAL,NON_NEW,14830
2025,Sep,FL,PDL,PHYSICAL,,1
2025,Sep,FL,PDL,UNKNOWN,NEW,0
2025,Sep,FL,PDL,UNKNOWN,,0
2025,Sep,FL,PDL,,NEW,0
2025,Sep,FL,PDL,,NON_NEW,0
2025,Sep,FL,PDL,,,0
2025,Sep,IA,ILP,PHYSICAL,NON_NEW,0
2025,Sep,IA,PDL,DIGITAL,NEW,127
2025,Sep,IA,PDL,DIGITAL,NON_NEW,2110
2025,Sep,IA,PDL,DIGITAL,,0
2025,Sep,IA,PDL,PHYSICAL,NEW,288
2025,Sep,IA,PDL,PHYSICAL,NON_NEW,8801
2025,Sep,IA,PDL,PHYSICAL,,2
2025,Sep,IA,PDL,UNKNOWN,NEW,-1
2025,Sep,IA,PDL,UNKNOWN,,0
2025,Sep,ID,ILP,DIGITAL,NEW,82
2025,Sep,ID,ILP,DIGITAL,NON_NEW,77
2025,Sep,ID,ILP,DIGITAL,,0
2025,Sep,ID,ILP,PHYSICAL,NEW,30
2025,Sep,ID,ILP,PHYSICAL,NON_NEW,55
2025,Sep,ID,ILP,PHYSICAL,,0
2025,Sep,ID,ILP,UNKNOWN,NEW,1
2025,Sep,ID,ILP,UNKNOWN,,0
2025,Sep,ID,PDL,PHYSICAL,NON_NEW,0
2025,Sep,IN,PDL,DIGITAL,NEW,234
2025,Sep,IN,PDL,DIGITAL,NON_NEW,2793
2025,Sep,IN,PDL,DIGITAL,,0
2025,Sep,IN,PDL,PHYSICAL,NEW,576
2025,Sep,IN,PDL,PHYSICAL,NON_NEW,13334
2025,Sep,IN,PDL,PHYSICAL,,2
2025,Sep,IN,PDL,UNKNOWN,NEW,-1
2025,Sep,IN,PDL,UNKNOWN,,-1
2025,Sep,KS,ILP,DIGITAL,NON_NEW,0
2025,Sep,KS,ILP,PHYSICAL,NON_NEW,0
2025,Sep,KS,PDL,DIGITAL,NEW,0
2025,Sep,KS,PDL,DIGITAL,NON_NEW,0
2025,Sep,KS,PDL,DIGITAL,,0
2025,Sep,KS,PDL,PHYSICAL,NEW,0
2025,Sep,KS,PDL,PHYSICAL,NON_NEW,0
2025,Sep,KS,PDL,PHYSICAL,,0
2025,Sep,KS,PDL,UNKNOWN,NEW,0
2025,Sep,KS,PDL,UNKNOWN,,0
2025,Sep,KY,ILP,PHYSICAL,NON_NEW,0
2025,Sep,KY,PDL,DIGITAL,NEW,112
2025,Sep,KY,PDL,DIGITAL,NON_NEW,963
2025,Sep,KY,PDL,DIGITAL,,1
2025,Sep,KY,PDL,PHYSICAL,NEW,244
2025,Sep,KY,PDL,PHYSICAL,NON_NEW,7101
2025,Sep,KY,PDL,PHYSICAL,,0
2025,Sep,KY,PDL,UNKNOWN,NEW,-1
2025,Sep,KY,PDL,UNKNOWN,NON_NEW,0
2025,Sep,KY,PDL,UNKNOWN,,0
2025,Sep,LA,ILP,PHYSICAL,NON_NEW,0
2025,Sep,LA,PDL,DIGITAL,NEW,171
2025,Sep,LA,PDL,DIGITAL,NON_NEW,2591
2025,Sep,LA,PDL,DIGITAL,,1
2025,Sep,LA,PDL,PHYSICAL,NEW,909
2025,Sep,LA,PDL,PHYSICAL,NON_NEW,11731
2025,Sep,LA,PDL,PHYSICAL,,4
2025,Sep,LA,PDL,UNKNOWN,NEW,0
2025,Sep,LA,PDL,UNKNOWN,,0
2025,Sep,MI,ILP,DIGITAL,NON_NEW,0
2025,Sep,MI,ILP,PHYSICAL,NON_NEW,0
2025,Sep,MI,PDL,DIGITAL,NEW,612
2025,Sep,MI,PDL,DIGITAL,NON_NEW,12926
2025,Sep,MI,PDL,DIGITAL,,0
2025,Sep,MI,PDL,PHYSICAL,NEW,1382
2025,Sep,MI,PDL,PHYSICAL,NON_NEW,44186
2025,Sep,MI,PDL,PHYSICAL,,27
2025,Sep,MI,PDL,UNKNOWN,NEW,-3
2025,Sep,MI,PDL,UNKNOWN,NON_NEW,0
2025,Sep,MI,PDL,UNKNOWN,,0
2025,Sep,MO,ILP,DIGITAL,NEW,435
2025,Sep,MO,ILP,DIGITAL,NON_NEW,564
2025,Sep,MO,ILP,DIGITAL,,0
2025,Sep,MO,ILP,PHYSICAL,NEW,574
2025,Sep,MO,ILP,PHYSICAL,NON_NEW,1151
2025,Sep,MO,ILP,PHYSICAL,,5
2025,Sep,MO,ILP,UNKNOWN,NEW,-3
2025,Sep,MO,ILP,UNKNOWN,,0
2025,Sep,MO,PDL,DIGITAL,NEW,0
2025,Sep,MO,PDL,DIGITAL,NON_NEW,0
2025,Sep,MO,PDL,DIGITAL,,0
2025,Sep,MO,PDL,PHYSICAL,NEW,0
2025,Sep,MO,PDL,PHYSICAL,NON_NEW,0
2025,Sep,MO,PDL,PHYSICAL,,0
2025,Sep,MO,PDL,UNKNOWN,,0
2025,Sep,MS,ILP,DIGITAL,NEW,430
2025,Sep,MS,ILP,DIGITAL,NON_NEW,735
2025,Sep,MS,ILP,DIGITAL,,0
2025,Sep,MS,ILP,PHYSICAL,NEW,1096
2025,Sep,MS,ILP,PHYSICAL,NON_NEW,2574
2025,Sep,MS,ILP,PHYSICAL,,3
2025,Sep,MS,ILP,UNKNOWN,NEW,1
2025,Sep,MS,ILP,UNKNOWN,,0
2025,Sep,MS,PDL,DIGITAL,NEW,0
2025,Sep,MS,PDL,DIGITAL,NON_NEW,45
2025,Sep,MS,PDL,DIGITAL,,0
2025,Sep,MS,PDL,PHYSICAL,NEW,1
2025,Sep,MS,PDL,PHYSICAL,NON_NEW,153
2025,Sep,MS,PDL,PHYSICAL,,0
2025,Sep,MS,PDL,UNKNOWN,NEW,0
2025,Sep,MS,PDL,UNKNOWN,NON_NEW,0
2025,Sep,MS,PDL,UNKNOWN,,0
2025,Sep,NC,ILP,PHYSICAL,,0
2025,Sep,NC,PDL,PHYSICAL,,0
2025,Sep,NV,ILP,DIGITAL,NEW,133
2025,Sep,NV,ILP,DIGITAL,NON_NEW,158
2025,Sep,NV,ILP,DIGITAL,,0
2025,Sep,NV,ILP,PHYSICAL,NEW,378
2025,Sep,NV,ILP,PHYSICAL,NON_NEW,490
2025,Sep,NV,ILP,PHYSICAL,,0
2025,Sep,NV,ILP,UNKNOWN,NEW,0
2025,Sep,NV,ILP,UNKNOWN,,0
2025,Sep,NV,PDL,DIGITAL,NEW,0
2025,Sep,NV,PDL,DIGITAL,NON_NEW,0
2025,Sep,NV,PDL,PHYSICAL,NEW,0
2025,Sep,NV,PDL,PHYSICAL,NON_NEW,0
2025,Sep,NV,PDL,PHYSICAL,,0
2025,Sep,NV,PDL,UNKNOWN,,0
2025,Sep,OH,ILP,DIGITAL,NEW,335
2025,Sep,OH,ILP,DIGITAL,NON_NEW,1679
2025,Sep,OH,ILP,DIGITAL,,0
2025,Sep,OH,ILP,PHYSICAL,NEW,706
2025,Sep,OH,ILP,PHYSICAL,NON_NEW,4723
2025,Sep,OH,ILP,PHYSICAL,,2
2025,Sep,OH,ILP,UNKNOWN,NEW,1
2025,Sep,OH,ILP,UNKNOWN,,0
2025,Sep,OH,ILP,,NEW,0
2025,Sep,OH,ILP,,,0
2025,Sep,OH,PDL,DIGITAL,NON_NEW,0
2025,Sep,OH,PDL,PHYSICAL,NON_NEW,0
2025,Sep,OK,ILP,DIGITAL,NEW,390
2025,Sep,OK,ILP,DIGITAL,NON_NEW,798
2025,Sep,OK,ILP,DIGITAL,,0
2025,Sep,OK,ILP,PHYSICAL,NEW,716
2025,Sep,OK,ILP,PHYSICAL,NON_NEW,1907
2025,Sep,OK,ILP,PHYSICAL,,4
2025,Sep,OK,ILP,UNKNOWN,NEW,0
2025,Sep,OK,ILP,UNKNOWN,,0
2025,Sep,OK,PDL,PHYSICAL,NON_NEW,0
2025,Sep,RI,PDL,DIGITAL,NEW,63
2025,Sep,RI,PDL,DIGITAL,NON_NEW,983
2025,Sep,RI,PDL,DIGITAL,,0
2025,Sep,RI,PDL,PHYSICAL,NEW,129
2025,Sep,RI,PDL,PHYSICAL,NON_NEW,6095
2025,Sep,RI,PDL,PHYSICAL,,0
2025,Sep,RI,PDL,UNKNOWN,NEW,0
2025,Sep,RI,PDL,UNKNOWN,,0
2025,Sep,SC,PDL,DIGITAL,NEW,0
2025,Sep,SC,PDL,DIGITAL,NON_NEW,0
2025,Sep,SC,PDL,PHYSICAL,NEW,0
2025,Sep,SC,PDL,PHYSICAL,NON_NEW,0
2025,Sep,SC,PDL,PHYSICAL,,0
2025,Sep,SC,PDL,UNKNOWN,,0
2025,Sep,SC,PDL,,NON_NEW,0
2025,Sep,TN,ILP,DIGITAL,NON_NEW,0
2025,Sep,TN,ILP,PHYSICAL,NON_NEW,0
2025,Sep,TN,PDL,DIGITAL,NEW,3
2025,Sep,TN,PDL,DIGITAL,NON_NEW,85
2025,Sep,TN,PDL,DIGITAL,,0
2025,Sep,TN,PDL,PHYSICAL,NEW,1
2025,Sep,TN,PDL,PHYSICAL,NON_NEW,204
2025,Sep,TN,PDL,PHYSICAL,,0
2025,Sep,TN,PDL,UNKNOWN,NEW,0
2025,Sep,TN,PDL,UNKNOWN,,0
2025,Sep,TN,PDL,,NEW,0
2025,Sep,TN,PDL,,NON_NEW,0
2025,Sep,TN,PDL,,,0
2025,Sep,TX,ILP,DIGITAL,NEW,2414
2025,Sep,TX,ILP,DIGITAL,NON_NEW,3515
2025,Sep,TX,ILP,DIGITAL,,2
2025,Sep,TX,ILP,PHYSICAL,NEW,4484
2025,Sep,TX,ILP,PHYSICAL,NON_NEW,6166
2025,Sep,TX,ILP,PHYSICAL,,17
2025,Sep,TX,ILP,UNKNOWN,NEW,4
2025,Sep,TX,ILP,UNKNOWN,,0
2025,Sep,TX,PDL,DIGITAL,NEW,216
2025,Sep,TX,PDL,DIGITAL,NON_NEW,716
2025,Sep,TX,PDL,DIGITAL,,0
2025,Sep,TX,PDL,PHYSICAL,NEW,81
2025,Sep,TX,PDL,PHYSICAL,NON_NEW,376
2025,Sep,TX,PDL,PHYSICAL,,0
2025,Sep,TX,PDL,UNKNOWN,NEW,2
2025,Sep,TX,PDL,UNKNOWN,,0
2025,Sep,UT,ILP,DIGITAL,NEW,93
2025,Sep,UT,ILP,DIGITAL,NON_NEW,79
2025,Sep,UT,ILP,DIGITAL,,0
2025,Sep,UT,ILP,PHYSICAL,NEW,0
2025,Sep,UT,ILP,PHYSICAL,NON_NEW,19
2025,Sep,UT,ILP,PHYSICAL,,0
2025,Sep,UT,ILP,UNKNOWN,NEW,2
2025,Sep,UT,ILP,UNKNOWN,,0
2025,Sep,UT,PDL,DIGITAL,NON_NEW,0
2025,Sep,UT,PDL,PHYSICAL,NEW,0
2025,Sep,UT,PDL,PHYSICAL,NON_NEW,0
2025,Sep,WI,ILP,DIGITAL,NEW,361
2025,Sep,WI,ILP,DIGITAL,NON_NEW,420
2025,Sep,WI,ILP,DIGITAL,,2
2025,Sep,WI,ILP,PHYSICAL,NEW,405
2025,Sep,WI,ILP,PHYSICAL,NON_NEW,555
2025,Sep,WI,ILP,PHYSICAL,,3
2025,Sep,WI,ILP,UNKNOWN,NEW,1
2025,Sep,WI,ILP,UNKNOWN,,0
2025,Sep,WI,PDL,DIGITAL,NON_NEW,0
2025,Sep,WI,PDL,PHYSICAL,NEW,0
2025,Sep,WI,PDL,PHYSICAL,NON_NEW,0
2025,Sep,WY,ILP,PHYSICAL,NON_NEW,0
2025,Sep,WY,PDL,DIGITAL,NEW,46
2025,Sep,WY,PDL,DIGITAL,NON_NEW,682
2025,Sep,WY,PDL,DIGITAL,,0
2025,Sep,WY,PDL,PHYSICAL,NEW,104
2025,Sep,WY,PDL,PHYSICAL,NON_NEW,2701
2025,Sep,WY,PDL,PHYSICAL,,1
2025,Sep,WY,PDL,UNKNOWN,NEW,0
2025,Sep,WY,PDL,UNKNOWN,,0
2026,Apr,AL,ILP,DIGITAL,NEW,195
2026,Apr,AL,ILP,DIGITAL,NON_NEW,882
2026,Apr,AL,ILP,DIGITAL,,0
2026,Apr,AL,ILP,PHYSICAL,NEW,878
2026,Apr,AL,ILP,PHYSICAL,NON_NEW,4380
2026,Apr,AL,ILP,PHYSICAL,,0
2026,Apr,AL,ILP,UNKNOWN,NEW,-1
2026,Apr,AL,ILP,UNKNOWN,NON_NEW,0
2026,Apr,AL,ILP,UNKNOWN,,-2
2026,Apr,AL,PDL,DIGITAL,NEW,0
2026,Apr,AL,PDL,DIGITAL,NON_NEW,0
2026,Apr,AL,PDL,DIGITAL,,0
2026,Apr,AL,PDL,PHYSICAL,NEW,0
2026,Apr,AL,PDL,PHYSICAL,NON_NEW,0
2026,Apr,AL,PDL,PHYSICAL,,0
2026,Apr,AL,PDL,UNKNOWN,,0
2026,Apr,AL,PDL,,NEW,0
2026,Apr,AL,PDL,,NON_NEW,0
2026,Apr,CA,ILP,DIGITAL,NON_NEW,0
2026,Apr,CA,ILP,PHYSICAL,NON_NEW,0
2026,Apr,CA,PDL,DIGITAL,NEW,1486
2026,Apr,CA,PDL,DIGITAL,NON_NEW,18224
2026,Apr,CA,PDL,DIGITAL,,0
2026,Apr,CA,PDL,PHYSICAL,NEW,1648
2026,Apr,CA,PDL,PHYSICAL,NON_NEW,55047
2026,Apr,CA,PDL,PHYSICAL,,0
2026,Apr,CA,PDL,UNKNOWN,NEW,-10
2026,Apr,CA,PDL,UNKNOWN,NON_NEW,0
2026,Apr,CA,PDL,UNKNOWN,,-1
2026,Apr,CA,PDL,,NON_NEW,0
2026,Apr,CA,PDL,,,0
2026,Apr,CO,ILP,DIGITAL,NEW,0
2026,Apr,CO,ILP,DIGITAL,NON_NEW,0
2026,Apr,CO,ILP,DIGITAL,,0
2026,Apr,CO,ILP,PHYSICAL,NEW,0
2026,Apr,CO,ILP,PHYSICAL,NON_NEW,0
2026,Apr,CO,ILP,PHYSICAL,,0
2026,Apr,CO,ILP,UNKNOWN,,0
2026,Apr,CO,ILP,,NEW,0
2026,Apr,CO,PDL,DIGITAL,NON_NEW,0
2026,Apr,CO,PDL,PHYSICAL,NON_NEW,0
2026,Apr,DE,ILP,DIGITAL,NEW,68
2026,Apr,DE,ILP,DIGITAL,NON_NEW,88
2026,Apr,DE,ILP,DIGITAL,,0
2026,Apr,DE,ILP,PHYSICAL,NEW,90
2026,Apr,DE,ILP,PHYSICAL,NON_NEW,193
2026,Apr,DE,ILP,PHYSICAL,,0
2026,Apr,DE,ILP,UNKNOWN,NEW,-1
2026,Apr,DE,ILP,UNKNOWN,,0
2026,Apr,FL,ILP,DIGITAL,NEW,1438
2026,Apr,FL,ILP,DIGITAL,NON_NEW,6719
2026,Apr,FL,ILP,DIGITAL,,0
2026,Apr,FL,ILP,PHYSICAL,NEW,2263
2026,Apr,FL,ILP,PHYSICAL,NON_NEW,22571
2026,Apr,FL,ILP,PHYSICAL,,0
2026,Apr,FL,ILP,UNKNOWN,NEW,-31
2026,Apr,FL,ILP,UNKNOWN,NON_NEW,0
2026,Apr,FL,ILP,UNKNOWN,,-1
2026,Apr,FL,ILP,,NEW,0
2026,Apr,FL,ILP,,NON_NEW,0
2026,Apr,FL,ILP,,,0
2026,Apr,FL,PDL,DIGITAL,NEW,86
2026,Apr,FL,PDL,DIGITAL,NON_NEW,1894
2026,Apr,FL,PDL,DIGITAL,,0
2026,Apr,FL,PDL,PHYSICAL,NEW,122
2026,Apr,FL,PDL,PHYSICAL,NON_NEW,13611
2026,Apr,FL,PDL,PHYSICAL,,0
2026,Apr,FL,PDL,UNKNOWN,NEW,-1
2026,Apr,FL,PDL,UNKNOWN,NON_NEW,0
2026,Apr,FL,PDL,UNKNOWN,,0
2026,Apr,FL,PDL,,NEW,0
2026,Apr,FL,PDL,,NON_NEW,0
2026,Apr,FL,PDL,,,0
2026,Apr,IA,ILP,PHYSICAL,NON_NEW,0
2026,Apr,IA,PDL,DIGITAL,NEW,106
2026,Apr,IA,PDL,DIGITAL,NON_NEW,1935
2026,Apr,IA,PDL,DIGITAL,,0
2026,Apr,IA,PDL,PHYSICAL,NEW,240
2026,Apr,IA,PDL,PHYSICAL,NON_NEW,7732
2026,Apr,IA,PDL,PHYSICAL,,0
2026,Apr,IA,PDL,UNKNOWN,NEW,-1
2026,Apr,IA,PDL,UNKNOWN,,0
2026,Apr,ID,ILP,DIGITAL,NEW,77
2026,Apr,ID,ILP,DIGITAL,NON_NEW,85
2026,Apr,ID,ILP,DIGITAL,,0
2026,Apr,ID,ILP,PHYSICAL,NEW,26
2026,Apr,ID,ILP,PHYSICAL,NON_NEW,60
2026,Apr,ID,ILP,PHYSICAL,,0
2026,Apr,ID,ILP,UNKNOWN,NEW,0
2026,Apr,ID,ILP,UNKNOWN,,0
2026,Apr,IN,PDL,DIGITAL,NEW,265
2026,Apr,IN,PDL,DIGITAL,NON_NEW,2803
2026,Apr,IN,PDL,DIGITAL,,0
2026,Apr,IN,PDL,PHYSICAL,NEW,397
2026,Apr,IN,PDL,PHYSICAL,NON_NEW,12270
2026,Apr,IN,PDL,PHYSICAL,,0
2026,Apr,IN,PDL,UNKNOWN,NEW,0
2026,Apr,IN,PDL,UNKNOWN,,0
2026,Apr,KS,ILP,DIGITAL,NON_NEW,0
2026,Apr,KS,ILP,PHYSICAL,NON_NEW,0
2026,Apr,KS,PDL,DIGITAL,NEW,0
2026,Apr,KS,PDL,DIGITAL,NON_NEW,0
2026,Apr,KS,PDL,DIGITAL,,0
2026,Apr,KS,PDL,PHYSICAL,NEW,0
2026,Apr,KS,PDL,PHYSICAL,NON_NEW,0
2026,Apr,KS,PDL,PHYSICAL,,0
2026,Apr,KS,PDL,UNKNOWN,,0
2026,Apr,KY,ILP,PHYSICAL,NON_NEW,0
2026,Apr,KY,PDL,DIGITAL,NEW,102
2026,Apr,KY,PDL,DIGITAL,NON_NEW,1015
2026,Apr,KY,PDL,DIGITAL,,0
2026,Apr,KY,PDL,PHYSICAL,NEW,222
2026,Apr,KY,PDL,PHYSICAL,NON_NEW,6735
2026,Apr,KY,PDL,PHYSICAL,,0
2026,Apr,KY,PDL,UNKNOWN,NEW,-1
2026,Apr,KY,PDL,UNKNOWN,,0
2026,Apr,LA,ILP,PHYSICAL,NON_NEW,0
2026,Apr,LA,PDL,DIGITAL,NEW,181
2026,Apr,LA,PDL,DIGITAL,NON_NEW,2208
2026,Apr,LA,PDL,DIGITAL,,0
2026,Apr,LA,PDL,PHYSICAL,NEW,608
2026,Apr,LA,PDL,PHYSICAL,NON_NEW,11749
2026,Apr,LA,PDL,PHYSICAL,,0
2026,Apr,LA,PDL,UNKNOWN,NEW,-2
2026,Apr,LA,PDL,UNKNOWN,NON_NEW,0
2026,Apr,LA,PDL,UNKNOWN,,-1
2026,Apr,MI,ILP,DIGITAL,NON_NEW,0
2026,Apr,MI,ILP,PHYSICAL,NON_NEW,0
2026,Apr,MI,PDL,DIGITAL,NEW,526
2026,Apr,MI,PDL,DIGITAL,NON_NEW,12349
2026,Apr,MI,PDL,DIGITAL,,0
2026,Apr,MI,PDL,PHYSICAL,NEW,1090
2026,Apr,MI,PDL,PHYSICAL,NON_NEW,41354
2026,Apr,MI,PDL,PHYSICAL,,1
2026,Apr,MI,PDL,UNKNOWN,NEW,-7
2026,Apr,MI,PDL,UNKNOWN,NON_NEW,0
2026,Apr,MI,PDL,UNKNOWN,,0
2026,Apr,MO,ILP,DIGITAL,NEW,486
2026,Apr,MO,ILP,DIGITAL,NON_NEW,541
2026,Apr,MO,ILP,DIGITAL,,0
2026,Apr,MO,ILP,PHYSICAL,NEW,417
2026,Apr,MO,ILP,PHYSICAL,NON_NEW,1120
2026,Apr,MO,ILP,PHYSICAL,,0
2026,Apr,MO,ILP,UNKNOWN,NEW,-11
2026,Apr,MO,ILP,UNKNOWN,,-1
2026,Apr,MO,PDL,DIGITAL,NEW,0
2026,Apr,MO,PDL,DIGITAL,NON_NEW,0
2026,Apr,MO,PDL,DIGITAL,,0
2026,Apr,MO,PDL,PHYSICAL,NEW,0
2026,Apr,MO,PDL,PHYSICAL,NON_NEW,0
2026,Apr,MO,PDL,PHYSICAL,,0
2026,Apr,MO,PDL,UNKNOWN,,0
2026,Apr,MS,ILP,DIGITAL,NEW,368
2026,Apr,MS,ILP,DIGITAL,NON_NEW,774
2026,Apr,MS,ILP,DIGITAL,,0
2026,Apr,MS,ILP,PHYSICAL,NEW,740
2026,Apr,MS,ILP,PHYSICAL,NON_NEW,2720
2026,Apr,MS,ILP,PHYSICAL,,0
2026,Apr,MS,ILP,UNKNOWN,NEW,-15
2026,Apr,MS,ILP,UNKNOWN,NON_NEW,0
2026,Apr,MS,ILP,UNKNOWN,,0
2026,Apr,MS,ILP,,NEW,0
2026,Apr,MS,PDL,DIGITAL,NEW,0
2026,Apr,MS,PDL,DIGITAL,NON_NEW,12
2026,Apr,MS,PDL,DIGITAL,,0
2026,Apr,MS,PDL,PHYSICAL,NEW,4
2026,Apr,MS,PDL,PHYSICAL,NON_NEW,97
2026,Apr,MS,PDL,PHYSICAL,,0
2026,Apr,MS,PDL,UNKNOWN,,0
2026,Apr,NC,PDL,PHYSICAL,,0
2026,Apr,NV,ILP,DIGITAL,NEW,157
2026,Apr,NV,ILP,DIGITAL,NON_NEW,182
2026,Apr,NV,ILP,DIGITAL,,0
2026,Apr,NV,ILP,PHYSICAL,NEW,282
2026,Apr,NV,ILP,PHYSICAL,NON_NEW,574
2026,Apr,NV,ILP,PHYSICAL,,0
2026,Apr,NV,ILP,UNKNOWN,NEW,-4
2026,Apr,NV,ILP,UNKNOWN,NON_NEW,0
2026,Apr,NV,ILP,UNKNOWN,,0
2026,Apr,NV,PDL,DIGITAL,NEW,0
2026,Apr,NV,PDL,DIGITAL,NON_NEW,0
2026,Apr,NV,PDL,PHYSICAL,NEW,0
2026,Apr,NV,PDL,PHYSICAL,NON_NEW,0
2026,Apr,NV,PDL,PHYSICAL,,0
2026,Apr,NV,PDL,UNKNOWN,,0
2026,Apr,OH,ILP,DIGITAL,NEW,473
2026,Apr,OH,ILP,DIGITAL,NON_NEW,1855
2026,Apr,OH,ILP,DIGITAL,,0
2026,Apr,OH,ILP,PHYSICAL,NEW,531
2026,Apr,OH,ILP,PHYSICAL,NON_NEW,5069
2026,Apr,OH,ILP,PHYSICAL,,0
2026,Apr,OH,ILP,UNKNOWN,NEW,-5
2026,Apr,OH,ILP,UNKNOWN,NON_NEW,0
2026,Apr,OH,ILP,UNKNOWN,,0
2026,Apr,OH,ILP,,NEW,0
2026,Apr,OH,ILP,,,0
2026,Apr,OH,PDL,DIGITAL,NON_NEW,0
2026,Apr,OH,PDL,PHYSICAL,NON_NEW,0
2026,Apr,OK,ILP,DIGITAL,NEW,248
2026,Apr,OK,ILP,DIGITAL,NON_NEW,819
2026,Apr,OK,ILP,DIGITAL,,0
2026,Apr,OK,ILP,PHYSICAL,NEW,449
2026,Apr,OK,ILP,PHYSICAL,NON_NEW,1857
2026,Apr,OK,ILP,PHYSICAL,,0
2026,Apr,OK,ILP,UNKNOWN,NEW,-4
2026,Apr,OK,ILP,UNKNOWN,,0
2026,Apr,OK,PDL,PHYSICAL,NON_NEW,0
2026,Apr,RI,PDL,DIGITAL,NEW,66
2026,Apr,RI,PDL,DIGITAL,NON_NEW,1104
2026,Apr,RI,PDL,DIGITAL,,0
2026,Apr,RI,PDL,PHYSICAL,NEW,95
2026,Apr,RI,PDL,PHYSICAL,NON_NEW,6202
2026,Apr,RI,PDL,PHYSICAL,,0
2026,Apr,RI,PDL,UNKNOWN,,0
2026,Apr,SC,PDL,DIGITAL,NEW,0
2026,Apr,SC,PDL,DIGITAL,NON_NEW,0
2026,Apr,SC,PDL,PHYSICAL,NEW,0
2026,Apr,SC,PDL,PHYSICAL,NON_NEW,0
2026,Apr,SC,PDL,PHYSICAL,,0
2026,Apr,SC,PDL,UNKNOWN,,0
2026,Apr,SC,PDL,,NON_NEW,0
2026,Apr,TN,ILP,DIGITAL,NON_NEW,0
2026,Apr,TN,ILP,PHYSICAL,NON_NEW,0
2026,Apr,TN,PDL,DIGITAL,NEW,2
2026,Apr,TN,PDL,DIGITAL,NON_NEW,45
2026,Apr,TN,PDL,DIGITAL,,0
2026,Apr,TN,PDL,PHYSICAL,NEW,0
2026,Apr,TN,PDL,PHYSICAL,NON_NEW,156
2026,Apr,TN,PDL,PHYSICAL,,0
2026,Apr,TN,PDL,UNKNOWN,,0
2026,Apr,TN,PDL,,NEW,0
2026,Apr,TN,PDL,,NON_NEW,0
2026,Apr,TN,PDL,,,0
2026,Apr,TX,ILP,DIGITAL,NEW,2398
2026,Apr,TX,ILP,DIGITAL,NON_NEW,3329
2026,Apr,TX,ILP,DIGITAL,,0
2026,Apr,TX,ILP,PHYSICAL,NEW,2734
2026,Apr,TX,ILP,PHYSICAL,NON_NEW,6515
2026,Apr,TX,ILP,PHYSICAL,,0
2026,Apr,TX,ILP,UNKNOWN,NEW,-91
2026,Apr,TX,ILP,UNKNOWN,NON_NEW,-1
2026,Apr,TX,ILP,UNKNOWN,,-3
2026,Apr,TX,PDL,DIGITAL,NEW,45
2026,Apr,TX,PDL,DIGITAL,NON_NEW,396
2026,Apr,TX,PDL,DIGITAL,,0
2026,Apr,TX,PDL,PHYSICAL,NEW,4
2026,Apr,TX,PDL,PHYSICAL,NON_NEW,199
2026,Apr,TX,PDL,PHYSICAL,,0
2026,Apr,TX,PDL,UNKNOWN,NEW,0
2026,Apr,TX,PDL,UNKNOWN,,0
2026,Apr,UT,ILP,DIGITAL,NEW,32
2026,Apr,UT,ILP,DIGITAL,NON_NEW,73
2026,Apr,UT,ILP,DIGITAL,,0
2026,Apr,UT,ILP,PHYSICAL,NEW,0
2026,Apr,UT,ILP,PHYSICAL,NON_NEW,11
2026,Apr,UT,ILP,PHYSICAL,,0
2026,Apr,UT,ILP,UNKNOWN,NEW,0
2026,Apr,UT,ILP,UNKNOWN,,0
2026,Apr,UT,PDL,DIGITAL,NON_NEW,0
2026,Apr,UT,PDL,PHYSICAL,NEW,0
2026,Apr,UT,PDL,PHYSICAL,NON_NEW,0
2026,Apr,WI,ILP,DIGITAL,NEW,219
2026,Apr,WI,ILP,DIGITAL,NON_NEW,376
2026,Apr,WI,ILP,DIGITAL,,0
2026,Apr,WI,ILP,PHYSICAL,NEW,291
2026,Apr,WI,ILP,PHYSICAL,NON_NEW,597
2026,Apr,WI,ILP,PHYSICAL,,0
2026,Apr,WI,ILP,UNKNOWN,NEW,-5
2026,Apr,WI,ILP,UNKNOWN,NON_NEW,0
2026,Apr,WI,ILP,UNKNOWN,,0
2026,Apr,WI,PDL,DIGITAL,NON_NEW,0
2026,Apr,WI,PDL,PHYSICAL,NEW,0
2026,Apr,WI,PDL,PHYSICAL,NON_NEW,0
2026,Apr,WY,ILP,PHYSICAL,NON_NEW,0
2026,Apr,WY,PDL,DIGITAL,NEW,50
2026,Apr,WY,PDL,DIGITAL,NON_NEW,744
2026,Apr,WY,PDL,DIGITAL,,0
2026,Apr,WY,PDL,PHYSICAL,NEW,83
2026,Apr,WY,PDL,PHYSICAL,NON_NEW,2667
2026,Apr,WY,PDL,PHYSICAL,,0
2026,Apr,WY,PDL,UNKNOWN,NON_NEW,0
2026,Apr,WY,PDL,UNKNOWN,,0
2026,Feb,,ILP,PHYSICAL,NEW,0
2026,Feb,,PDL,PHYSICAL,NON_NEW,0
2026,Feb,AL,ILP,DIGITAL,NEW,199
2026,Feb,AL,ILP,DIGITAL,NON_NEW,718
2026,Feb,AL,ILP,DIGITAL,,0
2026,Feb,AL,ILP,PHYSICAL,NEW,739
2026,Feb,AL,ILP,PHYSICAL,NON_NEW,3409
2026,Feb,AL,ILP,PHYSICAL,,0
2026,Feb,AL,ILP,UNKNOWN,NEW,-1
2026,Feb,AL,ILP,UNKNOWN,NON_NEW,-1
2026,Feb,AL,ILP,UNKNOWN,,-2
2026,Feb,AL,PDL,DIGITAL,NEW,0
2026,Feb,AL,PDL,DIGITAL,NON_NEW,0
2026,Feb,AL,PDL,DIGITAL,,0
2026,Feb,AL,PDL,PHYSICAL,NEW,0
2026,Feb,AL,PDL,PHYSICAL,NON_NEW,0
2026,Feb,AL,PDL,PHYSICAL,,0
2026,Feb,AL,PDL,UNKNOWN,,0
2026,Feb,AL,PDL,,NEW,0
2026,Feb,AL,PDL,,NON_NEW,0
2026,Feb,CA,ILP,DIGITAL,NON_NEW,0
2026,Feb,CA,ILP,PHYSICAL,NON_NEW,0
2026,Feb,CA,PDL,DIGITAL,NEW,1078
2026,Feb,CA,PDL,DIGITAL,NON_NEW,16947
2026,Feb,CA,PDL,DIGITAL,,0
2026,Feb,CA,PDL,PHYSICAL,NEW,1418
2026,Feb,CA,PDL,PHYSICAL,NON_NEW,53618
2026,Feb,CA,PDL,PHYSICAL,,0
2026,Feb,CA,PDL,UNKNOWN,NEW,-4
2026,Feb,CA,PDL,UNKNOWN,NON_NEW,-11
2026,Feb,CA,PDL,UNKNOWN,,-8
2026,Feb,CA,PDL,,NEW,0
2026,Feb,CA,PDL,,NON_NEW,0
2026,Feb,CA,PDL,,,0
2026,Feb,CO,ILP,DIGITAL,NEW,0
2026,Feb,CO,ILP,DIGITAL,NON_NEW,0
2026,Feb,CO,ILP,DIGITAL,,0
2026,Feb,CO,ILP,PHYSICAL,NEW,0
2026,Feb,CO,ILP,PHYSICAL,NON_NEW,0
2026,Feb,CO,ILP,PHYSICAL,,0
2026,Feb,CO,ILP,UNKNOWN,,0
2026,Feb,CO,ILP,,NEW,0
2026,Feb,CO,PDL,DIGITAL,NON_NEW,0
2026,Feb,CO,PDL,PHYSICAL,NON_NEW,0
2026,Feb,DE,ILP,DIGITAL,NEW,44
2026,Feb,DE,ILP,DIGITAL,NON_NEW,74
2026,Feb,DE,ILP,DIGITAL,,0
2026,Feb,DE,ILP,PHYSICAL,NEW,49
2026,Feb,DE,ILP,PHYSICAL,NON_NEW,158
2026,Feb,DE,ILP,PHYSICAL,,0
2026,Feb,DE,ILP,UNKNOWN,NEW,0
2026,Feb,DE,ILP,UNKNOWN,NON_NEW,0
2026,Feb,DE,ILP,UNKNOWN,,0
2026,Feb,FL,ILP,DIGITAL,NEW,1122
2026,Feb,FL,ILP,DIGITAL,NON_NEW,5748
2026,Feb,FL,ILP,DIGITAL,,0
2026,Feb,FL,ILP,PHYSICAL,NEW,2053
2026,Feb,FL,ILP,PHYSICAL,NON_NEW,20308
2026,Feb,FL,ILP,PHYSICAL,,0
2026,Feb,FL,ILP,UNKNOWN,NEW,-12
2026,Feb,FL,ILP,UNKNOWN,NON_NEW,-3
2026,Feb,FL,ILP,UNKNOWN,,-5
2026,Feb,FL,ILP,,NEW,0
2026,Feb,FL,ILP,,NON_NEW,0
2026,Feb,FL,ILP,,,0
2026,Feb,FL,PDL,DIGITAL,NEW,72
2026,Feb,FL,PDL,DIGITAL,NON_NEW,1793
2026,Feb,FL,PDL,DIGITAL,,0
2026,Feb,FL,PDL,PHYSICAL,NEW,95
2026,Feb,FL,PDL,PHYSICAL,NON_NEW,13204
2026,Feb,FL,PDL,PHYSICAL,,0
2026,Feb,FL,PDL,UNKNOWN,NEW,-2
2026,Feb,FL,PDL,UNKNOWN,NON_NEW,-3
2026,Feb,FL,PDL,UNKNOWN,,-5
2026,Feb,FL,PDL,,NEW,0
2026,Feb,FL,PDL,,NON_NEW,0
2026,Feb,FL,PDL,,,0
2026,Feb,IA,ILP,PHYSICAL,NON_NEW,0
2026,Feb,IA,PDL,DIGITAL,NEW,97
2026,Feb,IA,PDL,DIGITAL,NON_NEW,1947
2026,Feb,IA,PDL,DIGITAL,,0
2026,Feb,IA,PDL,PHYSICAL,NEW,193
2026,Feb,IA,PDL,PHYSICAL,NON_NEW,7610
2026,Feb,IA,PDL,PHYSICAL,,0
2026,Feb,IA,PDL,UNKNOWN,NEW,-1
2026,Feb,IA,PDL,UNKNOWN,NON_NEW,0
2026,Feb,IA,PDL,UNKNOWN,,-1
2026,Feb,ID,ILP,DIGITAL,NEW,61
2026,Feb,ID,ILP,DIGITAL,NON_NEW,57
2026,Feb,ID,ILP,DIGITAL,,0
2026,Feb,ID,ILP,PHYSICAL,NEW,23
2026,Feb,ID,ILP,PHYSICAL,NON_NEW,43
2026,Feb,ID,ILP,PHYSICAL,,0
2026,Feb,ID,ILP,UNKNOWN,NEW,0
2026,Feb,ID,ILP,UNKNOWN,,0
2026,Feb,IN,PDL,DIGITAL,NEW,193
2026,Feb,IN,PDL,DIGITAL,NON_NEW,2562
2026,Feb,IN,PDL,DIGITAL,,0
2026,Feb,IN,PDL,PHYSICAL,NEW,327
2026,Feb,IN,PDL,PHYSICAL,NON_NEW,11735
2026,Feb,IN,PDL,PHYSICAL,,0
2026,Feb,IN,PDL,UNKNOWN,NEW,1
2026,Feb,IN,PDL,UNKNOWN,NON_NEW,-1
2026,Feb,IN,PDL,UNKNOWN,,-1
2026,Feb,KS,ILP,DIGITAL,NON_NEW,0
2026,Feb,KS,ILP,PHYSICAL,NON_NEW,0
2026,Feb,KS,PDL,DIGITAL,NEW,0
2026,Feb,KS,PDL,DIGITAL,NON_NEW,0
2026,Feb,KS,PDL,DIGITAL,,0
2026,Feb,KS,PDL,PHYSICAL,NEW,0
2026,Feb,KS,PDL,PHYSICAL,NON_NEW,0
2026,Feb,KS,PDL,PHYSICAL,,0
2026,Feb,KS,PDL,UNKNOWN,,0
2026,Feb,KY,ILP,PHYSICAL,NON_NEW,0
2026,Feb,KY,PDL,DIGITAL,NEW,65
2026,Feb,KY,PDL,DIGITAL,NON_NEW,933
2026,Feb,KY,PDL,DIGITAL,,0
2026,Feb,KY,PDL,PHYSICAL,NEW,142
2026,Feb,KY,PDL,PHYSICAL,NON_NEW,6637
2026,Feb,KY,PDL,PHYSICAL,,0
2026,Feb,KY,PDL,UNKNOWN,NEW,-1
2026,Feb,KY,PDL,UNKNOWN,NON_NEW,0
2026,Feb,KY,PDL,UNKNOWN,,-1
2026,Feb,LA,ILP,PHYSICAL,NON_NEW,0
2026,Feb,LA,PDL,DIGITAL,NEW,137
2026,Feb,LA,PDL,DIGITAL,NON_NEW,2182
2026,Feb,LA,PDL,DIGITAL,,0
2026,Feb,LA,PDL,PHYSICAL,NEW,412
2026,Feb,LA,PDL,PHYSICAL,NON_NEW,11184
2026,Feb,LA,PDL,PHYSICAL,,0
2026,Feb,LA,PDL,UNKNOWN,NEW,-4
2026,Feb,LA,PDL,UNKNOWN,NON_NEW,-3
2026,Feb,LA,PDL,UNKNOWN,,-1
2026,Feb,MI,ILP,DIGITAL,NON_NEW,0
2026,Feb,MI,ILP,PHYSICAL,NON_NEW,0
2026,Feb,MI,PDL,DIGITAL,NEW,488
2026,Feb,MI,PDL,DIGITAL,NON_NEW,11727
2026,Feb,MI,PDL,DIGITAL,,0
2026,Feb,MI,PDL,PHYSICAL,NEW,974
2026,Feb,MI,PDL,PHYSICAL,NON_NEW,39686
2026,Feb,MI,PDL,PHYSICAL,,0
2026,Feb,MI,PDL,UNKNOWN,NEW,-3
2026,Feb,MI,PDL,UNKNOWN,NON_NEW,-6
2026,Feb,MI,PDL,UNKNOWN,,-5
2026,Feb,MO,ILP,DIGITAL,NEW,250
2026,Feb,MO,ILP,DIGITAL,NON_NEW,463
2026,Feb,MO,ILP,DIGITAL,,0
2026,Feb,MO,ILP,PHYSICAL,NEW,331
2026,Feb,MO,ILP,PHYSICAL,NON_NEW,835
2026,Feb,MO,ILP,PHYSICAL,,0
2026,Feb,MO,ILP,UNKNOWN,NEW,0
2026,Feb,MO,ILP,UNKNOWN,NON_NEW,0
2026,Feb,MO,ILP,UNKNOWN,,-5
2026,Feb,MO,ILP,,NON_NEW,0
2026,Feb,MO,PDL,DIGITAL,NEW,0
2026,Feb,MO,PDL,DIGITAL,NON_NEW,0
2026,Feb,MO,PDL,DIGITAL,,0
2026,Feb,MO,PDL,PHYSICAL,NEW,0
2026,Feb,MO,PDL,PHYSICAL,NON_NEW,0
2026,Feb,MO,PDL,PHYSICAL,,0
2026,Feb,MO,PDL,UNKNOWN,,0
2026,Feb,MS,ILP,DIGITAL,NEW,240
2026,Feb,MS,ILP,DIGITAL,NON_NEW,609
2026,Feb,MS,ILP,DIGITAL,,0
2026,Feb,MS,ILP,PHYSICAL,NEW,592
2026,Feb,MS,ILP,PHYSICAL,NON_NEW,2230
2026,Feb,MS,ILP,PHYSICAL,,0
2026,Feb,MS,ILP,UNKNOWN,NEW,-5
2026,Feb,MS,ILP,UNKNOWN,NON_NEW,-1
2026,Feb,MS,ILP,UNKNOWN,,-4
2026,Feb,MS,ILP,,NEW,0
2026,Feb,MS,ILP,,NON_NEW,0
2026,Feb,MS,PDL,DIGITAL,NEW,0
2026,Feb,MS,PDL,DIGITAL,NON_NEW,12
2026,Feb,MS,PDL,DIGITAL,,0
2026,Feb,MS,PDL,PHYSICAL,NEW,1
2026,Feb,MS,PDL,PHYSICAL,NON_NEW,101
2026,Feb,MS,PDL,PHYSICAL,,0
2026,Feb,MS,PDL,UNKNOWN,NON_NEW,0
2026,Feb,MS,PDL,UNKNOWN,,0
2026,Feb,NC,PDL,PHYSICAL,,0
2026,Feb,NV,ILP,DIGITAL,NEW,74
2026,Feb,NV,ILP,DIGITAL,NON_NEW,157
2026,Feb,NV,ILP,DIGITAL,,0
2026,Feb,NV,ILP,PHYSICAL,NEW,192
2026,Feb,NV,ILP,PHYSICAL,NON_NEW,461
2026,Feb,NV,ILP,PHYSICAL,,0
2026,Feb,NV,ILP,UNKNOWN,NEW,-1
2026,Feb,NV,ILP,UNKNOWN,NON_NEW,-2
2026,Feb,NV,ILP,UNKNOWN,,-3
2026,Feb,NV,ILP,,NEW,0
2026,Feb,NV,PDL,DIGITAL,NEW,0
2026,Feb,NV,PDL,DIGITAL,NON_NEW,0
2026,Feb,NV,PDL,PHYSICAL,NEW,0
2026,Feb,NV,PDL,PHYSICAL,NON_NEW,0
2026,Feb,NV,PDL,PHYSICAL,,0
2026,Feb,NV,PDL,UNKNOWN,,0
2026,Feb,OH,ILP,DIGITAL,NEW,230
2026,Feb,OH,ILP,DIGITAL,NON_NEW,1369
2026,Feb,OH,ILP,DIGITAL,,0
2026,Feb,OH,ILP,PHYSICAL,NEW,428
2026,Feb,OH,ILP,PHYSICAL,NON_NEW,4111
2026,Feb,OH,ILP,PHYSICAL,,-1
2026,Feb,OH,ILP,UNKNOWN,NEW,2
2026,Feb,OH,ILP,UNKNOWN,NON_NEW,-3
2026,Feb,OH,ILP,UNKNOWN,,-4
2026,Feb,OH,ILP,,NEW,0
2026,Feb,OH,ILP,,,0
2026,Feb,OH,PDL,DIGITAL,NON_NEW,0
2026,Feb,OH,PDL,PHYSICAL,NON_NEW,0
2026,Feb,OK,ILP,DIGITAL,NEW,182
2026,Feb,OK,ILP,DIGITAL,NON_NEW,699
2026,Feb,OK,ILP,DIGITAL,,0
2026,Feb,OK,ILP,PHYSICAL,NEW,389
2026,Feb,OK,ILP,PHYSICAL,NON_NEW,1586
2026,Feb,OK,ILP,PHYSICAL,,0
2026,Feb,OK,ILP,UNKNOWN,NEW,0
2026,Feb,OK,ILP,UNKNOWN,NON_NEW,1
2026,Feb,OK,ILP,UNKNOWN,,-2
2026,Feb,OK,PDL,PHYSICAL,NON_NEW,0
2026,Feb,RI,PDL,DIGITAL,NEW,43
2026,Feb,RI,PDL,DIGITAL,NON_NEW,1000
2026,Feb,RI,PDL,DIGITAL,,0
2026,Feb,RI,PDL,PHYSICAL,NEW,68
2026,Feb,RI,PDL,PHYSICAL,NON_NEW,5854
2026,Feb,RI,PDL,PHYSICAL,,0
2026,Feb,RI,PDL,UNKNOWN,NEW,0
2026,Feb,RI,PDL,UNKNOWN,NON_NEW,0
2026,Feb,RI,PDL,UNKNOWN,,0
2026,Feb,SC,PDL,DIGITAL,NEW,0
2026,Feb,SC,PDL,DIGITAL,NON_NEW,0
2026,Feb,SC,PDL,PHYSICAL,NEW,0
2026,Feb,SC,PDL,PHYSICAL,NON_NEW,0
2026,Feb,SC,PDL,PHYSICAL,,0
2026,Feb,SC,PDL,UNKNOWN,,0
2026,Feb,SC,PDL,,NON_NEW,0
2026,Feb,TN,ILP,DIGITAL,NON_NEW,0
2026,Feb,TN,ILP,PHYSICAL,NON_NEW,0
2026,Feb,TN,PDL,DIGITAL,NEW,0
2026,Feb,TN,PDL,DIGITAL,NON_NEW,50
2026,Feb,TN,PDL,DIGITAL,,0
2026,Feb,TN,PDL,PHYSICAL,NEW,0
2026,Feb,TN,PDL,PHYSICAL,NON_NEW,160
2026,Feb,TN,PDL,PHYSICAL,,0
2026,Feb,TN,PDL,UNKNOWN,,0
2026,Feb,TN,PDL,,NEW,0
2026,Feb,TN,PDL,,NON_NEW,0
2026,Feb,TN,PDL,,,0
2026,Feb,TX,ILP,DIGITAL,NEW,1520
2026,Feb,TX,ILP,DIGITAL,NON_NEW,2877
2026,Feb,TX,ILP,DIGITAL,,-1
2026,Feb,TX,ILP,PHYSICAL,NEW,2431
2026,Feb,TX,ILP,PHYSICAL,NON_NEW,5338
2026,Feb,TX,ILP,PHYSICAL,,-2
2026,Feb,TX,ILP,UNKNOWN,NEW,-9
2026,Feb,TX,ILP,UNKNOWN,NON_NEW,-13
2026,Feb,TX,ILP,UNKNOWN,,-20
2026,Feb,TX,ILP,,NON_NEW,0
2026,Feb,TX,PDL,DIGITAL,NEW,7
2026,Feb,TX,PDL,DIGITAL,NON_NEW,498
2026,Feb,TX,PDL,DIGITAL,,0
2026,Feb,TX,PDL,PHYSICAL,NEW,3
2026,Feb,TX,PDL,PHYSICAL,NON_NEW,257
2026,Feb,TX,PDL,PHYSICAL,,0
2026,Feb,TX,PDL,UNKNOWN,NEW,0
2026,Feb,TX,PDL,UNKNOWN,NON_NEW,-5
2026,Feb,TX,PDL,UNKNOWN,,0
2026,Feb,UT,ILP,DIGITAL,NEW,29
2026,Feb,UT,ILP,DIGITAL,NON_NEW,57
2026,Feb,UT,ILP,DIGITAL,,0
2026,Feb,UT,ILP,PHYSICAL,NEW,0
2026,Feb,UT,ILP,PHYSICAL,NON_NEW,11
2026,Feb,UT,ILP,PHYSICAL,,0
2026,Feb,UT,ILP,UNKNOWN,NEW,0
2026,Feb,UT,ILP,UNKNOWN,,0
2026,Feb,UT,PDL,DIGITAL,NON_NEW,0
2026,Feb,UT,PDL,PHYSICAL,NEW,0
2026,Feb,UT,PDL,PHYSICAL,NON_NEW,0
2026,Feb,WI,ILP,DIGITAL,NEW,155
2026,Feb,WI,ILP,DIGITAL,NON_NEW,334
2026,Feb,WI,ILP,DIGITAL,,0
2026,Feb,WI,ILP,PHYSICAL,NEW,212
2026,Feb,WI,ILP,PHYSICAL,NON_NEW,478
2026,Feb,WI,ILP,PHYSICAL,,0
2026,Feb,WI,ILP,UNKNOWN,NEW,2
2026,Feb,WI,ILP,UNKNOWN,NON_NEW,-1
2026,Feb,WI,ILP,UNKNOWN,,-3
2026,Feb,WI,PDL,DIGITAL,NON_NEW,0
2026,Feb,WI,PDL,PHYSICAL,NEW,0
2026,Feb,WI,PDL,PHYSICAL,NON_NEW,0
2026,Feb,WY,ILP,PHYSICAL,NON_NEW,0
2026,Feb,WY,PDL,DIGITAL,NEW,40
2026,Feb,WY,PDL,DIGITAL,NON_NEW,667
2026,Feb,WY,PDL,DIGITAL,,0
2026,Feb,WY,PDL,PHYSICAL,NEW,69
2026,Feb,WY,PDL,PHYSICAL,NON_NEW,2472
2026,Feb,WY,PDL,PHYSICAL,,0
2026,Feb,WY,PDL,UNKNOWN,NEW,-2
2026,Feb,WY,PDL,UNKNOWN,NON_NEW,-2
2026,Feb,WY,PDL,UNKNOWN,,0
2026,Jan,,ILP,PHYSICAL,NEW,0
2026,Jan,,PDL,PHYSICAL,NON_NEW,0
2026,Jan,AL,ILP,DIGITAL,NEW,251
2026,Jan,AL,ILP,DIGITAL,NON_NEW,896
2026,Jan,AL,ILP,DIGITAL,,-6
2026,Jan,AL,ILP,PHYSICAL,NEW,992
2026,Jan,AL,ILP,PHYSICAL,NON_NEW,3933
2026,Jan,AL,ILP,PHYSICAL,,-32
2026,Jan,AL,ILP,UNKNOWN,NEW,-1
2026,Jan,AL,ILP,UNKNOWN,NON_NEW,-2
2026,Jan,AL,ILP,UNKNOWN,,-17
2026,Jan,AL,PDL,DIGITAL,NEW,0
2026,Jan,AL,PDL,DIGITAL,NON_NEW,0
2026,Jan,AL,PDL,DIGITAL,,0
2026,Jan,AL,PDL,PHYSICAL,NEW,0
2026,Jan,AL,PDL,PHYSICAL,NON_NEW,0
2026,Jan,AL,PDL,PHYSICAL,,0
2026,Jan,AL,PDL,UNKNOWN,,0
2026,Jan,AL,PDL,,NEW,0
2026,Jan,AL,PDL,,NON_NEW,0
2026,Jan,CA,ILP,DIGITAL,NON_NEW,0
2026,Jan,CA,ILP,PHYSICAL,NON_NEW,0
2026,Jan,CA,PDL,DIGITAL,NEW,1371
2026,Jan,CA,PDL,DIGITAL,NON_NEW,20212
2026,Jan,CA,PDL,DIGITAL,,-1
2026,Jan,CA,PDL,PHYSICAL,NEW,1842
2026,Jan,CA,PDL,PHYSICAL,NON_NEW,62862
2026,Jan,CA,PDL,PHYSICAL,,-4
2026,Jan,CA,PDL,UNKNOWN,NEW,-1
2026,Jan,CA,PDL,UNKNOWN,NON_NEW,-13
2026,Jan,CA,PDL,UNKNOWN,,-56
2026,Jan,CA,PDL,,NEW,0
2026,Jan,CA,PDL,,NON_NEW,0
2026,Jan,CA,PDL,,,0
2026,Jan,CO,ILP,DIGITAL,NEW,0
2026,Jan,CO,ILP,DIGITAL,NON_NEW,0
2026,Jan,CO,ILP,DIGITAL,,0
2026,Jan,CO,ILP,PHYSICAL,NEW,0
2026,Jan,CO,ILP,PHYSICAL,NON_NEW,0
2026,Jan,CO,ILP,PHYSICAL,,0
2026,Jan,CO,ILP,UNKNOWN,,0
2026,Jan,CO,ILP,,NEW,0
2026,Jan,CO,PDL,DIGITAL,NON_NEW,0
2026,Jan,CO,PDL,PHYSICAL,NON_NEW,0
2026,Jan,DE,ILP,DIGITAL,NEW,80
2026,Jan,DE,ILP,DIGITAL,NON_NEW,80
2026,Jan,DE,ILP,DIGITAL,,-3
2026,Jan,DE,ILP,PHYSICAL,NEW,70
2026,Jan,DE,ILP,PHYSICAL,NON_NEW,211
2026,Jan,DE,ILP,PHYSICAL,,-1
2026,Jan,DE,ILP,UNKNOWN,NEW,-1
2026,Jan,DE,ILP,UNKNOWN,NON_NEW,0
2026,Jan,DE,ILP,UNKNOWN,,-3
2026,Jan,FL,ILP,DIGITAL,NEW,1507
2026,Jan,FL,ILP,DIGITAL,NON_NEW,6711
2026,Jan,FL,ILP,DIGITAL,,-2
2026,Jan,FL,ILP,PHYSICAL,NEW,2950
2026,Jan,FL,ILP,PHYSICAL,NON_NEW,23048
2026,Jan,FL,ILP,PHYSICAL,,-2
2026,Jan,FL,ILP,UNKNOWN,NEW,-1
2026,Jan,FL,ILP,UNKNOWN,NON_NEW,-8
2026,Jan,FL,ILP,UNKNOWN,,-41
2026,Jan,FL,ILP,,NEW,0
2026,Jan,FL,ILP,,NON_NEW,0
2026,Jan,FL,ILP,,,0
2026,Jan,FL,PDL,DIGITAL,NEW,123
2026,Jan,FL,PDL,DIGITAL,NON_NEW,2252
2026,Jan,FL,PDL,DIGITAL,,0
2026,Jan,FL,PDL,PHYSICAL,NEW,141
2026,Jan,FL,PDL,PHYSICAL,NON_NEW,15376
2026,Jan,FL,PDL,PHYSICAL,,-2
2026,Jan,FL,PDL,UNKNOWN,NEW,0
2026,Jan,FL,PDL,UNKNOWN,NON_NEW,-3
2026,Jan,FL,PDL,UNKNOWN,,-13
2026,Jan,FL,PDL,,NEW,0
2026,Jan,FL,PDL,,NON_NEW,0
2026,Jan,FL,PDL,,,0
2026,Jan,IA,ILP,PHYSICAL,NON_NEW,0
2026,Jan,IA,PDL,DIGITAL,NEW,111
2026,Jan,IA,PDL,DIGITAL,NON_NEW,2358
2026,Jan,IA,PDL,DIGITAL,,0
2026,Jan,IA,PDL,PHYSICAL,NEW,254
2026,Jan,IA,PDL,PHYSICAL,NON_NEW,9306
2026,Jan,IA,PDL,PHYSICAL,,-1
2026,Jan,IA,PDL,UNKNOWN,NEW,-1
2026,Jan,IA,PDL,UNKNOWN,NON_NEW,-1
2026,Jan,IA,PDL,UNKNOWN,,-8
2026,Jan,ID,ILP,DIGITAL,NEW,79
2026,Jan,ID,ILP,DIGITAL,NON_NEW,68
2026,Jan,ID,ILP,DIGITAL,,-1
2026,Jan,ID,ILP,PHYSICAL,NEW,15
2026,Jan,ID,ILP,PHYSICAL,NON_NEW,55
2026,Jan,ID,ILP,PHYSICAL,,-1
2026,Jan,ID,ILP,UNKNOWN,NEW,0
2026,Jan,ID,ILP,UNKNOWN,,-3
2026,Jan,IN,PDL,DIGITAL,NEW,239
2026,Jan,IN,PDL,DIGITAL,NON_NEW,3126
2026,Jan,IN,PDL,DIGITAL,,0
2026,Jan,IN,PDL,PHYSICAL,NEW,470
2026,Jan,IN,PDL,PHYSICAL,NON_NEW,13833
2026,Jan,IN,PDL,PHYSICAL,,0
2026,Jan,IN,PDL,UNKNOWN,NEW,-3
2026,Jan,IN,PDL,UNKNOWN,NON_NEW,-4
2026,Jan,IN,PDL,UNKNOWN,,-12
2026,Jan,KS,ILP,DIGITAL,NON_NEW,0
2026,Jan,KS,ILP,PHYSICAL,NON_NEW,0
2026,Jan,KS,PDL,DIGITAL,NEW,0
2026,Jan,KS,PDL,DIGITAL,NON_NEW,0
2026,Jan,KS,PDL,DIGITAL,,0
2026,Jan,KS,PDL,PHYSICAL,NEW,0
2026,Jan,KS,PDL,PHYSICAL,NON_NEW,0
2026,Jan,KS,PDL,PHYSICAL,,0
2026,Jan,KS,PDL,UNKNOWN,,0
2026,Jan,KY,ILP,PHYSICAL,NON_NEW,0
2026,Jan,KY,PDL,DIGITAL,NEW,105
2026,Jan,KY,PDL,DIGITAL,NON_NEW,1111
2026,Jan,KY,PDL,DIGITAL,,0
2026,Jan,KY,PDL,PHYSICAL,NEW,228
2026,Jan,KY,PDL,PHYSICAL,NON_NEW,7561
2026,Jan,KY,PDL,PHYSICAL,,0
2026,Jan,KY,PDL,UNKNOWN,NEW,-1
2026,Jan,KY,PDL,UNKNOWN,NON_NEW,1
2026,Jan,KY,PDL,UNKNOWN,,-3
2026,Jan,LA,ILP,PHYSICAL,NON_NEW,0
2026,Jan,LA,PDL,DIGITAL,NEW,219
2026,Jan,LA,PDL,DIGITAL,NON_NEW,2712
2026,Jan,LA,PDL,DIGITAL,,0
2026,Jan,LA,PDL,PHYSICAL,NEW,654
2026,Jan,LA,PDL,PHYSICAL,NON_NEW,12732
2026,Jan,LA,PDL,PHYSICAL,,-3
2026,Jan,LA,PDL,UNKNOWN,NEW,-1
2026,Jan,LA,PDL,UNKNOWN,NON_NEW,-5
2026,Jan,LA,PDL,UNKNOWN,,-10
2026,Jan,MI,ILP,DIGITAL,NON_NEW,0
2026,Jan,MI,ILP,PHYSICAL,NON_NEW,0
2026,Jan,MI,PDL,DIGITAL,NEW,605
2026,Jan,MI,PDL,DIGITAL,NON_NEW,13924
2026,Jan,MI,PDL,DIGITAL,,-2
2026,Jan,MI,PDL,PHYSICAL,NEW,1164
2026,Jan,MI,PDL,PHYSICAL,NON_NEW,47351
2026,Jan,MI,PDL,PHYSICAL,,-1
2026,Jan,MI,PDL,UNKNOWN,NEW,1
2026,Jan,MI,PDL,UNKNOWN,NON_NEW,-14
2026,Jan,MI,PDL,UNKNOWN,,-35
2026,Jan,MO,ILP,DIGITAL,NEW,350
2026,Jan,MO,ILP,DIGITAL,NON_NEW,531
2026,Jan,MO,ILP,DIGITAL,,-1
2026,Jan,MO,ILP,PHYSICAL,NEW,370
2026,Jan,MO,ILP,PHYSICAL,NON_NEW,979
2026,Jan,MO,ILP,PHYSICAL,,-14
2026,Jan,MO,ILP,UNKNOWN,NEW,-3
2026,Jan,MO,ILP,UNKNOWN,NON_NEW,-1
2026,Jan,MO,ILP,UNKNOWN,,-9
2026,Jan,MO,PDL,DIGITAL,NEW,0
2026,Jan,MO,PDL,DIGITAL,NON_NEW,0
2026,Jan,MO,PDL,DIGITAL,,0
2026,Jan,MO,PDL,PHYSICAL,NEW,0
2026,Jan,MO,PDL,PHYSICAL,NON_NEW,0
2026,Jan,MO,PDL,PHYSICAL,,0
2026,Jan,MO,PDL,UNKNOWN,,0
2026,Jan,MS,ILP,DIGITAL,NEW,342
2026,Jan,MS,ILP,DIGITAL,NON_NEW,737
2026,Jan,MS,ILP,DIGITAL,,-6
2026,Jan,MS,ILP,PHYSICAL,NEW,747
2026,Jan,MS,ILP,PHYSICAL,NON_NEW,2365
2026,Jan,MS,ILP,PHYSICAL,,-41
2026,Jan,MS,ILP,UNKNOWN,NEW,-7
2026,Jan,MS,ILP,UNKNOWN,NON_NEW,-4
2026,Jan,MS,ILP,UNKNOWN,,-48
2026,Jan,MS,ILP,,NEW,0
2026,Jan,MS,ILP,,NON_NEW,0
2026,Jan,MS,PDL,DIGITAL,NEW,0
2026,Jan,MS,PDL,DIGITAL,NON_NEW,22
2026,Jan,MS,PDL,DIGITAL,,0
2026,Jan,MS,PDL,PHYSICAL,NEW,2
2026,Jan,MS,PDL,PHYSICAL,NON_NEW,102
2026,Jan,MS,PDL,PHYSICAL,,0
2026,Jan,MS,PDL,UNKNOWN,NON_NEW,0
2026,Jan,MS,PDL,UNKNOWN,,0
2026,Jan,NC,PDL,PHYSICAL,,0
2026,Jan,NV,ILP,DIGITAL,NEW,112
2026,Jan,NV,ILP,DIGITAL,NON_NEW,162
2026,Jan,NV,ILP,DIGITAL,,-1
2026,Jan,NV,ILP,PHYSICAL,NEW,333
2026,Jan,NV,ILP,PHYSICAL,NON_NEW,498
2026,Jan,NV,ILP,PHYSICAL,,-1
2026,Jan,NV,ILP,UNKNOWN,NEW,0
2026,Jan,NV,ILP,UNKNOWN,NON_NEW,0
2026,Jan,NV,ILP,UNKNOWN,,-19
2026,Jan,NV,PDL,DIGITAL,NEW,0
2026,Jan,NV,PDL,DIGITAL,NON_NEW,0
2026,Jan,NV,PDL,PHYSICAL,NEW,0
2026,Jan,NV,PDL,PHYSICAL,NON_NEW,0
2026,Jan,NV,PDL,PHYSICAL,,0
2026,Jan,NV,PDL,UNKNOWN,,0
2026,Jan,OH,ILP,DIGITAL,NEW,346
2026,Jan,OH,ILP,DIGITAL,NON_NEW,1554
2026,Jan,OH,ILP,DIGITAL,,0
2026,Jan,OH,ILP,PHYSICAL,NEW,543
2026,Jan,OH,ILP,PHYSICAL,NON_NEW,4122
2026,Jan,OH,ILP,PHYSICAL,,-3
2026,Jan,OH,ILP,UNKNOWN,NEW,0
2026,Jan,OH,ILP,UNKNOWN,NON_NEW,-3
2026,Jan,OH,ILP,UNKNOWN,,-9
2026,Jan,OH,ILP,,NEW,0
2026,Jan,OH,ILP,,,0
2026,Jan,OH,PDL,DIGITAL,NON_NEW,0
2026,Jan,OH,PDL,PHYSICAL,NON_NEW,0
2026,Jan,OK,ILP,DIGITAL,NEW,258
2026,Jan,OK,ILP,DIGITAL,NON_NEW,791
2026,Jan,OK,ILP,DIGITAL,,-3
2026,Jan,OK,ILP,PHYSICAL,NEW,501
2026,Jan,OK,ILP,PHYSICAL,NON_NEW,1739
2026,Jan,OK,ILP,PHYSICAL,,-4
2026,Jan,OK,ILP,UNKNOWN,NEW,-1
2026,Jan,OK,ILP,UNKNOWN,NON_NEW,-2
2026,Jan,OK,ILP,UNKNOWN,,-5
2026,Jan,OK,PDL,PHYSICAL,NON_NEW,0
2026,Jan,RI,PDL,DIGITAL,NEW,64
2026,Jan,RI,PDL,DIGITAL,NON_NEW,1191
2026,Jan,RI,PDL,DIGITAL,,0
2026,Jan,RI,PDL,PHYSICAL,NEW,121
2026,Jan,RI,PDL,PHYSICAL,NON_NEW,6858
2026,Jan,RI,PDL,PHYSICAL,,0
2026,Jan,RI,PDL,UNKNOWN,NEW,-1
2026,Jan,RI,PDL,UNKNOWN,NON_NEW,-2
2026,Jan,RI,PDL,UNKNOWN,,-2
2026,Jan,SC,PDL,DIGITAL,NEW,0
2026,Jan,SC,PDL,DIGITAL,NON_NEW,0
2026,Jan,SC,PDL,PHYSICAL,NEW,0
2026,Jan,SC,PDL,PHYSICAL,NON_NEW,0
2026,Jan,SC,PDL,PHYSICAL,,0
2026,Jan,SC,PDL,UNKNOWN,,0
2026,Jan,SC,PDL,,NON_NEW,0
2026,Jan,TN,ILP,DIGITAL,NON_NEW,0
2026,Jan,TN,ILP,PHYSICAL,NON_NEW,0
2026,Jan,TN,PDL,DIGITAL,NEW,2
2026,Jan,TN,PDL,DIGITAL,NON_NEW,75
2026,Jan,TN,PDL,DIGITAL,,0
2026,Jan,TN,PDL,PHYSICAL,NEW,0
2026,Jan,TN,PDL,PHYSICAL,NON_NEW,174
2026,Jan,TN,PDL,PHYSICAL,,0
2026,Jan,TN,PDL,UNKNOWN,,0
2026,Jan,TN,PDL,,NEW,0
2026,Jan,TN,PDL,,NON_NEW,0
2026,Jan,TN,PDL,,,0
2026,Jan,TX,ILP,DIGITAL,NEW,1917
2026,Jan,TX,ILP,DIGITAL,NON_NEW,3337
2026,Jan,TX,ILP,DIGITAL,,-37
2026,Jan,TX,ILP,PHYSICAL,NEW,3223
2026,Jan,TX,ILP,PHYSICAL,NON_NEW,6212
2026,Jan,TX,ILP,PHYSICAL,,-67
2026,Jan,TX,ILP,UNKNOWN,NEW,-17
2026,Jan,TX,ILP,UNKNOWN,NON_NEW,-29
2026,Jan,TX,ILP,UNKNOWN,,-126
2026,Jan,TX,ILP,,NON_NEW,0
2026,Jan,TX,PDL,DIGITAL,NEW,43
2026,Jan,TX,PDL,DIGITAL,NON_NEW,678
2026,Jan,TX,PDL,DIGITAL,,0
2026,Jan,TX,PDL,PHYSICAL,NEW,27
2026,Jan,TX,PDL,PHYSICAL,NON_NEW,329
2026,Jan,TX,PDL,PHYSICAL,,-4
2026,Jan,TX,PDL,UNKNOWN,NEW,-1
2026,Jan,TX,PDL,UNKNOWN,NON_NEW,4
2026,Jan,TX,PDL,UNKNOWN,,-3
2026,Jan,UT,ILP,DIGITAL,NEW,43
2026,Jan,UT,ILP,DIGITAL,NON_NEW,60
2026,Jan,UT,ILP,DIGITAL,,-1
2026,Jan,UT,ILP,PHYSICAL,NEW,0
2026,Jan,UT,ILP,PHYSICAL,NON_NEW,9
2026,Jan,UT,ILP,PHYSICAL,,0
2026,Jan,UT,ILP,UNKNOWN,NEW,0
2026,Jan,UT,ILP,UNKNOWN,,-1
2026,Jan,UT,PDL,DIGITAL,NON_NEW,0
2026,Jan,UT,PDL,PHYSICAL,NEW,0
2026,Jan,UT,PDL,PHYSICAL,NON_NEW,0
2026,Jan,WI,ILP,DIGITAL,NEW,226
2026,Jan,WI,ILP,DIGITAL,NON_NEW,399
2026,Jan,WI,ILP,DIGITAL,,-7
2026,Jan,WI,ILP,PHYSICAL,NEW,242
2026,Jan,WI,ILP,PHYSICAL,NON_NEW,542
2026,Jan,WI,ILP,PHYSICAL,,-6
2026,Jan,WI,ILP,UNKNOWN,NEW,-2
2026,Jan,WI,ILP,UNKNOWN,NON_NEW,-1
2026,Jan,WI,ILP,UNKNOWN,,-11
2026,Jan,WI,PDL,DIGITAL,NON_NEW,0
2026,Jan,WI,PDL,PHYSICAL,NEW,0
2026,Jan,WI,PDL,PHYSICAL,NON_NEW,0
2026,Jan,WY,ILP,PHYSICAL,NON_NEW,0
2026,Jan,WY,PDL,DIGITAL,NEW,40
2026,Jan,WY,PDL,DIGITAL,NON_NEW,787
2026,Jan,WY,PDL,DIGITAL,,0
2026,Jan,WY,PDL,PHYSICAL,NEW,97
2026,Jan,WY,PDL,PHYSICAL,NON_NEW,2884
2026,Jan,WY,PDL,PHYSICAL,,0
2026,Jan,WY,PDL,UNKNOWN,NEW,-1
2026,Jan,WY,PDL,UNKNOWN,NON_NEW,-1
2026,Jan,WY,PDL,UNKNOWN,,-2
2026,Jun,AL,ILP,DIGITAL,NEW,413
2026,Jun,AL,ILP,DIGITAL,NON_NEW,861
2026,Jun,AL,ILP,DIGITAL,,0
2026,Jun,AL,ILP,PHYSICAL,NEW,1219
2026,Jun,AL,ILP,PHYSICAL,NON_NEW,4300
2026,Jun,AL,ILP,PHYSICAL,,0
2026,Jun,AL,ILP,UNKNOWN,NEW,0
2026,Jun,AL,ILP,UNKNOWN,NON_NEW,0
2026,Jun,AL,ILP,UNKNOWN,,0
2026,Jun,AL,PDL,DIGITAL,NEW,0
2026,Jun,AL,PDL,DIGITAL,NON_NEW,0
2026,Jun,AL,PDL,DIGITAL,,0
2026,Jun,AL,PDL,PHYSICAL,NEW,0
2026,Jun,AL,PDL,PHYSICAL,NON_NEW,0
2026,Jun,AL,PDL,PHYSICAL,,0
2026,Jun,AL,PDL,UNKNOWN,,0
2026,Jun,AL,PDL,,NEW,0
2026,Jun,AL,PDL,,NON_NEW,0
2026,Jun,CA,ILP,DIGITAL,NON_NEW,0
2026,Jun,CA,ILP,PHYSICAL,NON_NEW,0
2026,Jun,CA,PDL,DIGITAL,NEW,2446
2026,Jun,CA,PDL,DIGITAL,NON_NEW,19424
2026,Jun,CA,PDL,DIGITAL,,0
2026,Jun,CA,PDL,PHYSICAL,NEW,1905
2026,Jun,CA,PDL,PHYSICAL,NON_NEW,55277
2026,Jun,CA,PDL,PHYSICAL,,0
2026,Jun,CA,PDL,UNKNOWN,NEW,1
2026,Jun,CA,PDL,UNKNOWN,NON_NEW,0
2026,Jun,CA,PDL,UNKNOWN,,0
2026,Jun,CA,PDL,,NON_NEW,0
2026,Jun,CA,PDL,,,0
2026,Jun,CO,ILP,DIGITAL,NEW,0
2026,Jun,CO,ILP,DIGITAL,NON_NEW,0
2026,Jun,CO,ILP,DIGITAL,,0
2026,Jun,CO,ILP,PHYSICAL,NEW,0
2026,Jun,CO,ILP,PHYSICAL,NON_NEW,0
2026,Jun,CO,ILP,PHYSICAL,,0
2026,Jun,CO,ILP,UNKNOWN,,0
2026,Jun,CO,ILP,,NEW,0
2026,Jun,CO,PDL,DIGITAL,NON_NEW,0
2026,Jun,CO,PDL,PHYSICAL,NON_NEW,0
2026,Jun,DE,ILP,DIGITAL,NEW,116
2026,Jun,DE,ILP,DIGITAL,NON_NEW,96
2026,Jun,DE,ILP,DIGITAL,,0
2026,Jun,DE,ILP,PHYSICAL,NEW,95
2026,Jun,DE,ILP,PHYSICAL,NON_NEW,215
2026,Jun,DE,ILP,PHYSICAL,,0
2026,Jun,DE,ILP,UNKNOWN,NEW,0
2026,Jun,DE,ILP,UNKNOWN,,0
2026,Jun,FL,ILP,DIGITAL,NEW,1969
2026,Jun,FL,ILP,DIGITAL,NON_NEW,6785
2026,Jun,FL,ILP,DIGITAL,,0
2026,Jun,FL,ILP,PHYSICAL,NEW,2640
2026,Jun,FL,ILP,PHYSICAL,NON_NEW,22692
2026,Jun,FL,ILP,PHYSICAL,,0
2026,Jun,FL,ILP,UNKNOWN,NEW,0
2026,Jun,FL,ILP,UNKNOWN,NON_NEW,0
2026,Jun,FL,ILP,UNKNOWN,,0
2026,Jun,FL,ILP,,NEW,0
2026,Jun,FL,ILP,,NON_NEW,0
2026,Jun,FL,ILP,,,0
2026,Jun,FL,PDL,DIGITAL,NEW,129
2026,Jun,FL,PDL,DIGITAL,NON_NEW,1874
2026,Jun,FL,PDL,DIGITAL,,0
2026,Jun,FL,PDL,PHYSICAL,NEW,156
2026,Jun,FL,PDL,PHYSICAL,NON_NEW,13168
2026,Jun,FL,PDL,PHYSICAL,,0
2026,Jun,FL,PDL,UNKNOWN,NEW,0
2026,Jun,FL,PDL,UNKNOWN,NON_NEW,0
2026,Jun,FL,PDL,UNKNOWN,,0
2026,Jun,FL,PDL,,NEW,0
2026,Jun,FL,PDL,,NON_NEW,0
2026,Jun,FL,PDL,,,0
2026,Jun,IA,ILP,PHYSICAL,NON_NEW,0
2026,Jun,IA,PDL,DIGITAL,NEW,151
2026,Jun,IA,PDL,DIGITAL,NON_NEW,2178
2026,Jun,IA,PDL,DIGITAL,,0
2026,Jun,IA,PDL,PHYSICAL,NEW,294
2026,Jun,IA,PDL,PHYSICAL,NON_NEW,7867
2026,Jun,IA,PDL,PHYSICAL,,0
2026,Jun,IA,PDL,UNKNOWN,NEW,-1
2026,Jun,IA,PDL,UNKNOWN,,0
2026,Jun,ID,ILP,DIGITAL,NEW,129
2026,Jun,ID,ILP,DIGITAL,NON_NEW,60
2026,Jun,ID,ILP,DIGITAL,,0
2026,Jun,ID,ILP,PHYSICAL,NEW,30
2026,Jun,ID,ILP,PHYSICAL,NON_NEW,41
2026,Jun,ID,ILP,PHYSICAL,,0
2026,Jun,ID,ILP,UNKNOWN,NEW,0
2026,Jun,ID,ILP,UNKNOWN,,0
2026,Jun,IN,PDL,DIGITAL,NEW,408
2026,Jun,IN,PDL,DIGITAL,NON_NEW,3007
2026,Jun,IN,PDL,DIGITAL,,0
2026,Jun,IN,PDL,PHYSICAL,NEW,397
2026,Jun,IN,PDL,PHYSICAL,NON_NEW,12157
2026,Jun,IN,PDL,PHYSICAL,,0
2026,Jun,IN,PDL,UNKNOWN,NEW,-1
2026,Jun,IN,PDL,UNKNOWN,,0
2026,Jun,KS,ILP,DIGITAL,NON_NEW,0
2026,Jun,KS,ILP,PHYSICAL,NON_NEW,0
2026,Jun,KS,PDL,DIGITAL,NEW,0
2026,Jun,KS,PDL,DIGITAL,NON_NEW,0
2026,Jun,KS,PDL,DIGITAL,,0
2026,Jun,KS,PDL,PHYSICAL,NEW,0
2026,Jun,KS,PDL,PHYSICAL,NON_NEW,0
2026,Jun,KS,PDL,PHYSICAL,,0
2026,Jun,KS,PDL,UNKNOWN,,0
2026,Jun,KY,ILP,PHYSICAL,NON_NEW,0
2026,Jun,KY,PDL,DIGITAL,NEW,125
2026,Jun,KY,PDL,DIGITAL,NON_NEW,895
2026,Jun,KY,PDL,DIGITAL,,0
2026,Jun,KY,PDL,PHYSICAL,NEW,207
2026,Jun,KY,PDL,PHYSICAL,NON_NEW,6036
2026,Jun,KY,PDL,PHYSICAL,,0
2026,Jun,KY,PDL,UNKNOWN,NEW,0
2026,Jun,KY,PDL,UNKNOWN,,0
2026,Jun,LA,ILP,PHYSICAL,NON_NEW,0
2026,Jun,LA,PDL,DIGITAL,NEW,218
2026,Jun,LA,PDL,DIGITAL,NON_NEW,1818
2026,Jun,LA,PDL,DIGITAL,,0
2026,Jun,LA,PDL,PHYSICAL,NEW,633
2026,Jun,LA,PDL,PHYSICAL,NON_NEW,11341
2026,Jun,LA,PDL,PHYSICAL,,0
2026,Jun,LA,PDL,UNKNOWN,NEW,-1
2026,Jun,LA,PDL,UNKNOWN,NON_NEW,0
2026,Jun,LA,PDL,UNKNOWN,,0
2026,Jun,MI,ILP,DIGITAL,NON_NEW,0
2026,Jun,MI,ILP,PHYSICAL,NON_NEW,0
2026,Jun,MI,PDL,DIGITAL,NEW,867
2026,Jun,MI,PDL,DIGITAL,NON_NEW,12659
2026,Jun,MI,PDL,DIGITAL,,0
2026,Jun,MI,PDL,PHYSICAL,NEW,1357
2026,Jun,MI,PDL,PHYSICAL,NON_NEW,42752
2026,Jun,MI,PDL,PHYSICAL,,0
2026,Jun,MI,PDL,UNKNOWN,NEW,1
2026,Jun,MI,PDL,UNKNOWN,,0
2026,Jun,MO,ILP,DIGITAL,NEW,714
2026,Jun,MO,ILP,DIGITAL,NON_NEW,530
2026,Jun,MO,ILP,DIGITAL,,0
2026,Jun,MO,ILP,PHYSICAL,NEW,550
2026,Jun,MO,ILP,PHYSICAL,NON_NEW,1027
2026,Jun,MO,ILP,PHYSICAL,,0
2026,Jun,MO,ILP,UNKNOWN,NEW,0
2026,Jun,MO,ILP,UNKNOWN,,0
2026,Jun,MO,PDL,DIGITAL,NEW,0
2026,Jun,MO,PDL,DIGITAL,NON_NEW,0
2026,Jun,MO,PDL,DIGITAL,,0
2026,Jun,MO,PDL,PHYSICAL,NEW,0
2026,Jun,MO,PDL,PHYSICAL,NON_NEW,0
2026,Jun,MO,PDL,PHYSICAL,,0
2026,Jun,MO,PDL,UNKNOWN,,0
2026,Jun,MS,ILP,DIGITAL,NEW,594
2026,Jun,MS,ILP,DIGITAL,NON_NEW,732
2026,Jun,MS,ILP,DIGITAL,,0
2026,Jun,MS,ILP,PHYSICAL,NEW,1010
2026,Jun,MS,ILP,PHYSICAL,NON_NEW,2558
2026,Jun,MS,ILP,PHYSICAL,,0
2026,Jun,MS,ILP,UNKNOWN,NEW,2
2026,Jun,MS,ILP,UNKNOWN,NON_NEW,0
2026,Jun,MS,ILP,UNKNOWN,,0
2026,Jun,MS,ILP,,NEW,0
2026,Jun,MS,PDL,DIGITAL,NEW,1
2026,Jun,MS,PDL,DIGITAL,NON_NEW,10
2026,Jun,MS,PDL,DIGITAL,,0
2026,Jun,MS,PDL,PHYSICAL,NEW,1
2026,Jun,MS,PDL,PHYSICAL,NON_NEW,84
2026,Jun,MS,PDL,PHYSICAL,,0
2026,Jun,MS,PDL,UNKNOWN,,0
2026,Jun,NC,PDL,PHYSICAL,,0
2026,Jun,NV,ILP,DIGITAL,NEW,279
2026,Jun,NV,ILP,DIGITAL,NON_NEW,224
2026,Jun,NV,ILP,DIGITAL,,0
2026,Jun,NV,ILP,PHYSICAL,NEW,450
2026,Jun,NV,ILP,PHYSICAL,NON_NEW,548
2026,Jun,NV,ILP,PHYSICAL,,0
2026,Jun,NV,ILP,UNKNOWN,NEW,0
2026,Jun,NV,ILP,UNKNOWN,NON_NEW,0
2026,Jun,NV,ILP,UNKNOWN,,0
2026,Jun,NV,ILP,,NEW,0
2026,Jun,NV,PDL,DIGITAL,NEW,0
2026,Jun,NV,PDL,DIGITAL,NON_NEW,0
2026,Jun,NV,PDL,PHYSICAL,NEW,0
2026,Jun,NV,PDL,PHYSICAL,NON_NEW,0
2026,Jun,NV,PDL,PHYSICAL,,0
2026,Jun,NV,PDL,UNKNOWN,,0
2026,Jun,OH,ILP,DIGITAL,NEW,785
2026,Jun,OH,ILP,DIGITAL,NON_NEW,1940
2026,Jun,OH,ILP,DIGITAL,,0
2026,Jun,OH,ILP,PHYSICAL,NEW,648
2026,Jun,OH,ILP,PHYSICAL,NON_NEW,5152
2026,Jun,OH,ILP,PHYSICAL,,0
2026,Jun,OH,ILP,UNKNOWN,NEW,2
2026,Jun,OH,ILP,UNKNOWN,NON_NEW,0
2026,Jun,OH,ILP,UNKNOWN,,0
2026,Jun,OH,ILP,,NEW,0
2026,Jun,OH,ILP,,,0
2026,Jun,OH,PDL,DIGITAL,NON_NEW,0
2026,Jun,OH,PDL,PHYSICAL,NON_NEW,0
2026,Jun,OK,ILP,DIGITAL,NEW,482
2026,Jun,OK,ILP,DIGITAL,NON_NEW,824
2026,Jun,OK,ILP,DIGITAL,,0
2026,Jun,OK,ILP,PHYSICAL,NEW,537
2026,Jun,OK,ILP,PHYSICAL,NON_NEW,1793
2026,Jun,OK,ILP,PHYSICAL,,0
2026,Jun,OK,ILP,UNKNOWN,NEW,0
2026,Jun,OK,ILP,UNKNOWN,,0
2026,Jun,OK,PDL,PHYSICAL,NON_NEW,0
2026,Jun,RI,PDL,DIGITAL,NEW,91
2026,Jun,RI,PDL,DIGITAL,NON_NEW,1135
2026,Jun,RI,PDL,DIGITAL,,0
2026,Jun,RI,PDL,PHYSICAL,NEW,90
2026,Jun,RI,PDL,PHYSICAL,NON_NEW,6062
2026,Jun,RI,PDL,PHYSICAL,,0
2026,Jun,RI,PDL,UNKNOWN,NEW,-1
2026,Jun,RI,PDL,UNKNOWN,,0
2026,Jun,SC,PDL,DIGITAL,NEW,0
2026,Jun,SC,PDL,DIGITAL,NON_NEW,0
2026,Jun,SC,PDL,PHYSICAL,NEW,0
2026,Jun,SC,PDL,PHYSICAL,NON_NEW,0
2026,Jun,SC,PDL,PHYSICAL,,0
2026,Jun,SC,PDL,UNKNOWN,,0
2026,Jun,SC,PDL,,NON_NEW,0
2026,Jun,TN,ILP,DIGITAL,NON_NEW,0
2026,Jun,TN,ILP,PHYSICAL,NON_NEW,0
2026,Jun,TN,PDL,DIGITAL,NEW,3
2026,Jun,TN,PDL,DIGITAL,NON_NEW,60
2026,Jun,TN,PDL,DIGITAL,,0
2026,Jun,TN,PDL,PHYSICAL,NEW,2
2026,Jun,TN,PDL,PHYSICAL,NON_NEW,154
2026,Jun,TN,PDL,PHYSICAL,,0
2026,Jun,TN,PDL,UNKNOWN,,0
2026,Jun,TN,PDL,,NEW,0
2026,Jun,TN,PDL,,NON_NEW,0
2026,Jun,TN,PDL,,,0
2026,Jun,TX,ILP,DIGITAL,NEW,3936
2026,Jun,TX,ILP,DIGITAL,NON_NEW,3595
2026,Jun,TX,ILP,DIGITAL,,0
2026,Jun,TX,ILP,PHYSICAL,NEW,3594
2026,Jun,TX,ILP,PHYSICAL,NON_NEW,6287
2026,Jun,TX,ILP,PHYSICAL,,0
2026,Jun,TX,ILP,UNKNOWN,NEW,0
2026,Jun,TX,ILP,UNKNOWN,NON_NEW,0
2026,Jun,TX,ILP,UNKNOWN,,0
2026,Jun,TX,PDL,DIGITAL,NEW,7
2026,Jun,TX,PDL,DIGITAL,NON_NEW,339
2026,Jun,TX,PDL,DIGITAL,,0
2026,Jun,TX,PDL,PHYSICAL,NEW,0
2026,Jun,TX,PDL,PHYSICAL,NON_NEW,161
2026,Jun,TX,PDL,PHYSICAL,,0
2026,Jun,TX,PDL,UNKNOWN,NEW,0
2026,Jun,TX,PDL,UNKNOWN,,0
2026,Jun,UT,ILP,DIGITAL,NEW,94
2026,Jun,UT,ILP,DIGITAL,NON_NEW,61
2026,Jun,UT,ILP,DIGITAL,,0
2026,Jun,UT,ILP,PHYSICAL,NEW,0
2026,Jun,UT,ILP,PHYSICAL,NON_NEW,12
2026,Jun,UT,ILP,PHYSICAL,,0
2026,Jun,UT,ILP,UNKNOWN,NEW,0
2026,Jun,UT,ILP,UNKNOWN,,0
2026,Jun,UT,PDL,DIGITAL,NON_NEW,0
2026,Jun,UT,PDL,PHYSICAL,NEW,0
2026,Jun,UT,PDL,PHYSICAL,NON_NEW,0
2026,Jun,WI,ILP,DIGITAL,NEW,403
2026,Jun,WI,ILP,DIGITAL,NON_NEW,355
2026,Jun,WI,ILP,DIGITAL,,0
2026,Jun,WI,ILP,PHYSICAL,NEW,300
2026,Jun,WI,ILP,PHYSICAL,NON_NEW,590
2026,Jun,WI,ILP,PHYSICAL,,0
2026,Jun,WI,ILP,UNKNOWN,NEW,1
2026,Jun,WI,ILP,UNKNOWN,,0
2026,Jun,WI,PDL,DIGITAL,NON_NEW,0
2026,Jun,WI,PDL,PHYSICAL,NEW,0
2026,Jun,WI,PDL,PHYSICAL,NON_NEW,0
2026,Jun,WY,ILP,PHYSICAL,NON_NEW,0
2026,Jun,WY,PDL,DIGITAL,NEW,38
2026,Jun,WY,PDL,DIGITAL,NON_NEW,786
2026,Jun,WY,PDL,DIGITAL,,0
2026,Jun,WY,PDL,PHYSICAL,NEW,67
2026,Jun,WY,PDL,PHYSICAL,NON_NEW,2660
2026,Jun,WY,PDL,PHYSICAL,,0
2026,Jun,WY,PDL,UNKNOWN,,0
2026,Mar,,ILP,DIGITAL,NEW,0
2026,Mar,,ILP,DIGITAL,NON_NEW,0
2026,Mar,,ILP,PHYSICAL,NON_NEW,0
2026,Mar,,PDL,DIGITAL,NON_NEW,0
2026,Mar,,PDL,PHYSICAL,NEW,0
2026,Mar,,PDL,PHYSICAL,NON_NEW,0
2026,Mar,AL,ILP,DIGITAL,NEW,153
2026,Mar,AL,ILP,DIGITAL,NON_NEW,861
2026,Mar,AL,ILP,DIGITAL,,0
2026,Mar,AL,ILP,PHYSICAL,NEW,868
2026,Mar,AL,ILP,PHYSICAL,NON_NEW,3854
2026,Mar,AL,ILP,PHYSICAL,,-2
2026,Mar,AL,ILP,UNKNOWN,NEW,0
2026,Mar,AL,ILP,UNKNOWN,NON_NEW,0
2026,Mar,AL,ILP,UNKNOWN,,-6
2026,Mar,AL,PDL,DIGITAL,NEW,0
2026,Mar,AL,PDL,DIGITAL,NON_NEW,0
2026,Mar,AL,PDL,DIGITAL,,0
2026,Mar,AL,PDL,PHYSICAL,NEW,0
2026,Mar,AL,PDL,PHYSICAL,NON_NEW,0
2026,Mar,AL,PDL,PHYSICAL,,0
2026,Mar,AL,PDL,UNKNOWN,,0
2026,Mar,AL,PDL,,NEW,0
2026,Mar,AL,PDL,,NON_NEW,0
2026,Mar,CA,ILP,DIGITAL,NON_NEW,0
2026,Mar,CA,ILP,PHYSICAL,NON_NEW,0
2026,Mar,CA,PDL,DIGITAL,NEW,1401
2026,Mar,CA,PDL,DIGITAL,NON_NEW,17502
2026,Mar,CA,PDL,DIGITAL,,0
2026,Mar,CA,PDL,PHYSICAL,NEW,1443
2026,Mar,CA,PDL,PHYSICAL,NON_NEW,52107
2026,Mar,CA,PDL,PHYSICAL,,0
2026,Mar,CA,PDL,UNKNOWN,NEW,-8
2026,Mar,CA,PDL,UNKNOWN,NON_NEW,0
2026,Mar,CA,PDL,UNKNOWN,,-1
2026,Mar,CA,PDL,,NON_NEW,0
2026,Mar,CA,PDL,,,0
2026,Mar,CO,ILP,DIGITAL,NEW,0
2026,Mar,CO,ILP,DIGITAL,NON_NEW,0
2026,Mar,CO,ILP,DIGITAL,,0
2026,Mar,CO,ILP,PHYSICAL,NEW,0
2026,Mar,CO,ILP,PHYSICAL,NON_NEW,0
2026,Mar,CO,ILP,PHYSICAL,,0
2026,Mar,CO,ILP,UNKNOWN,,0
2026,Mar,CO,ILP,,NEW,0
2026,Mar,CO,PDL,DIGITAL,NON_NEW,0
2026,Mar,CO,PDL,PHYSICAL,NON_NEW,0
2026,Mar,DE,ILP,DIGITAL,NEW,57
2026,Mar,DE,ILP,DIGITAL,NON_NEW,93
2026,Mar,DE,ILP,DIGITAL,,0
2026,Mar,DE,ILP,PHYSICAL,NEW,79
2026,Mar,DE,ILP,PHYSICAL,NON_NEW,205
2026,Mar,DE,ILP,PHYSICAL,,0
2026,Mar,DE,ILP,UNKNOWN,NEW,-1
2026,Mar,DE,ILP,UNKNOWN,NON_NEW,0
2026,Mar,DE,ILP,UNKNOWN,,0
2026,Mar,FL,ILP,DIGITAL,NEW,1140
2026,Mar,FL,ILP,DIGITAL,NON_NEW,6480
2026,Mar,FL,ILP,DIGITAL,,0
2026,Mar,FL,ILP,PHYSICAL,NEW,2052
2026,Mar,FL,ILP,PHYSICAL,NON_NEW,21458
2026,Mar,FL,ILP,PHYSICAL,,0
2026,Mar,FL,ILP,UNKNOWN,NEW,-7
2026,Mar,FL,ILP,UNKNOWN,NON_NEW,0
2026,Mar,FL,ILP,UNKNOWN,,0
2026,Mar,FL,ILP,,NEW,0
2026,Mar,FL,ILP,,NON_NEW,0
2026,Mar,FL,ILP,,,0
2026,Mar,FL,PDL,DIGITAL,NEW,62
2026,Mar,FL,PDL,DIGITAL,NON_NEW,1801
2026,Mar,FL,PDL,DIGITAL,,0
2026,Mar,FL,PDL,PHYSICAL,NEW,104
2026,Mar,FL,PDL,PHYSICAL,NON_NEW,12960
2026,Mar,FL,PDL,PHYSICAL,,0
2026,Mar,FL,PDL,UNKNOWN,NEW,0
2026,Mar,FL,PDL,UNKNOWN,NON_NEW,0
2026,Mar,FL,PDL,UNKNOWN,,0
2026,Mar,FL,PDL,,NEW,0
2026,Mar,FL,PDL,,NON_NEW,0
2026,Mar,FL,PDL,,,0
2026,Mar,IA,ILP,PHYSICAL,NON_NEW,0
2026,Mar,IA,PDL,DIGITAL,NEW,86
2026,Mar,IA,PDL,DIGITAL,NON_NEW,1882
2026,Mar,IA,PDL,DIGITAL,,0
2026,Mar,IA,PDL,PHYSICAL,NEW,181
2026,Mar,IA,PDL,PHYSICAL,NON_NEW,7462
2026,Mar,IA,PDL,PHYSICAL,,0
2026,Mar,IA,PDL,UNKNOWN,NEW,0
2026,Mar,IA,PDL,UNKNOWN,NON_NEW,0
2026,Mar,IA,PDL,UNKNOWN,,0
2026,Mar,ID,ILP,DIGITAL,NEW,71
2026,Mar,ID,ILP,DIGITAL,NON_NEW,57
2026,Mar,ID,ILP,DIGITAL,,0
2026,Mar,ID,ILP,PHYSICAL,NEW,31
2026,Mar,ID,ILP,PHYSICAL,NON_NEW,58
2026,Mar,ID,ILP,PHYSICAL,,0
2026,Mar,ID,ILP,UNKNOWN,NEW,0
2026,Mar,ID,ILP,UNKNOWN,,0
2026,Mar,ID,PDL,PHYSICAL,NON_NEW,0
2026,Mar,IN,PDL,DIGITAL,NEW,221
2026,Mar,IN,PDL,DIGITAL,NON_NEW,2561
2026,Mar,IN,PDL,DIGITAL,,0
2026,Mar,IN,PDL,PHYSICAL,NEW,320
2026,Mar,IN,PDL,PHYSICAL,NON_NEW,11254
2026,Mar,IN,PDL,PHYSICAL,,0
2026,Mar,IN,PDL,UNKNOWN,NEW,-2
2026,Mar,IN,PDL,UNKNOWN,NON_NEW,0
2026,Mar,IN,PDL,UNKNOWN,,0
2026,Mar,KS,ILP,DIGITAL,NON_NEW,0
2026,Mar,KS,ILP,PHYSICAL,NON_NEW,0
2026,Mar,KS,PDL,DIGITAL,NEW,0
2026,Mar,KS,PDL,DIGITAL,NON_NEW,0
2026,Mar,KS,PDL,DIGITAL,,0
2026,Mar,KS,PDL,PHYSICAL,NEW,0
2026,Mar,KS,PDL,PHYSICAL,NON_NEW,0
2026,Mar,KS,PDL,PHYSICAL,,0
2026,Mar,KS,PDL,UNKNOWN,,0
2026,Mar,KY,ILP,PHYSICAL,NON_NEW,0
2026,Mar,KY,PDL,DIGITAL,NEW,64
2026,Mar,KY,PDL,DIGITAL,NON_NEW,921
2026,Mar,KY,PDL,DIGITAL,,0
2026,Mar,KY,PDL,PHYSICAL,NEW,151
2026,Mar,KY,PDL,PHYSICAL,NON_NEW,6156
2026,Mar,KY,PDL,PHYSICAL,,0
2026,Mar,KY,PDL,UNKNOWN,NEW,0
2026,Mar,KY,PDL,UNKNOWN,NON_NEW,0
2026,Mar,KY,PDL,UNKNOWN,,0
2026,Mar,LA,ILP,PHYSICAL,NON_NEW,0
2026,Mar,LA,PDL,DIGITAL,NEW,129
2026,Mar,LA,PDL,DIGITAL,NON_NEW,2160
2026,Mar,LA,PDL,DIGITAL,,0
2026,Mar,LA,PDL,PHYSICAL,NEW,449
2026,Mar,LA,PDL,PHYSICAL,NON_NEW,10139
2026,Mar,LA,PDL,PHYSICAL,,0
2026,Mar,LA,PDL,UNKNOWN,NEW,-2
2026,Mar,LA,PDL,UNKNOWN,NON_NEW,0
2026,Mar,LA,PDL,UNKNOWN,,0
2026,Mar,MI,ILP,DIGITAL,NON_NEW,0
2026,Mar,MI,ILP,PHYSICAL,NON_NEW,0
2026,Mar,MI,PDL,DIGITAL,NEW,450
2026,Mar,MI,PDL,DIGITAL,NON_NEW,11621
2026,Mar,MI,PDL,DIGITAL,,0
2026,Mar,MI,PDL,PHYSICAL,NEW,925
2026,Mar,MI,PDL,PHYSICAL,NON_NEW,40088
2026,Mar,MI,PDL,PHYSICAL,,0
2026,Mar,MI,PDL,UNKNOWN,NEW,-3
2026,Mar,MI,PDL,UNKNOWN,NON_NEW,0
2026,Mar,MI,PDL,UNKNOWN,,0
2026,Mar,MO,ILP,DIGITAL,NEW,369
2026,Mar,MO,ILP,DIGITAL,NON_NEW,483
2026,Mar,MO,ILP,DIGITAL,,0
2026,Mar,MO,ILP,PHYSICAL,NEW,370
2026,Mar,MO,ILP,PHYSICAL,NON_NEW,974
2026,Mar,MO,ILP,PHYSICAL,,-1
2026,Mar,MO,ILP,UNKNOWN,NEW,-1
2026,Mar,MO,ILP,UNKNOWN,NON_NEW,0
2026,Mar,MO,ILP,UNKNOWN,,-1
2026,Mar,MO,PDL,DIGITAL,NEW,0
2026,Mar,MO,PDL,DIGITAL,NON_NEW,0
2026,Mar,MO,PDL,DIGITAL,,0
2026,Mar,MO,PDL,PHYSICAL,NEW,0
2026,Mar,MO,PDL,PHYSICAL,NON_NEW,0
2026,Mar,MO,PDL,PHYSICAL,,0
2026,Mar,MO,PDL,UNKNOWN,,0
2026,Mar,MS,ILP,DIGITAL,NEW,298
2026,Mar,MS,ILP,DIGITAL,NON_NEW,667
2026,Mar,MS,ILP,DIGITAL,,0
2026,Mar,MS,ILP,PHYSICAL,NEW,645
2026,Mar,MS,ILP,PHYSICAL,NON_NEW,2323
2026,Mar,MS,ILP,PHYSICAL,,-2
2026,Mar,MS,ILP,UNKNOWN,NEW,-24
2026,Mar,MS,ILP,UNKNOWN,NON_NEW,0
2026,Mar,MS,ILP,UNKNOWN,,-5
2026,Mar,MS,ILP,,NEW,0
2026,Mar,MS,ILP,,NON_NEW,0
2026,Mar,MS,PDL,DIGITAL,NEW,0
2026,Mar,MS,PDL,DIGITAL,NON_NEW,12
2026,Mar,MS,PDL,DIGITAL,,0
2026,Mar,MS,PDL,PHYSICAL,NEW,2
2026,Mar,MS,PDL,PHYSICAL,NON_NEW,78
2026,Mar,MS,PDL,PHYSICAL,,0
2026,Mar,MS,PDL,UNKNOWN,NON_NEW,0
2026,Mar,MS,PDL,UNKNOWN,,0
2026,Mar,NC,PDL,PHYSICAL,,0
2026,Mar,NV,ILP,DIGITAL,NEW,128
2026,Mar,NV,ILP,DIGITAL,NON_NEW,203
2026,Mar,NV,ILP,DIGITAL,,0
2026,Mar,NV,ILP,PHYSICAL,NEW,258
2026,Mar,NV,ILP,PHYSICAL,NON_NEW,552
2026,Mar,NV,ILP,PHYSICAL,,0
2026,Mar,NV,ILP,UNKNOWN,NEW,0
2026,Mar,NV,ILP,UNKNOWN,NON_NEW,0
2026,Mar,NV,ILP,UNKNOWN,,-1
2026,Mar,NV,PDL,DIGITAL,NEW,0
2026,Mar,NV,PDL,DIGITAL,NON_NEW,0
2026,Mar,NV,PDL,PHYSICAL,NEW,0
2026,Mar,NV,PDL,PHYSICAL,NON_NEW,0
2026,Mar,NV,PDL,PHYSICAL,,0
2026,Mar,NV,PDL,UNKNOWN,,0
2026,Mar,OH,ILP,DIGITAL,NEW,373
2026,Mar,OH,ILP,DIGITAL,NON_NEW,1639
2026,Mar,OH,ILP,DIGITAL,,0
2026,Mar,OH,ILP,PHYSICAL,NEW,484
2026,Mar,OH,ILP,PHYSICAL,NON_NEW,4545
2026,Mar,OH,ILP,PHYSICAL,,-1
2026,Mar,OH,ILP,UNKNOWN,NEW,-2
2026,Mar,OH,ILP,UNKNOWN,NON_NEW,0
2026,Mar,OH,ILP,UNKNOWN,,-1
2026,Mar,OH,ILP,,NEW,0
2026,Mar,OH,ILP,,,0
2026,Mar,OH,PDL,DIGITAL,NON_NEW,0
2026,Mar,OH,PDL,PHYSICAL,NON_NEW,0
2026,Mar,OK,ILP,DIGITAL,NEW,239
2026,Mar,OK,ILP,DIGITAL,NON_NEW,804
2026,Mar,OK,ILP,DIGITAL,,0
2026,Mar,OK,ILP,PHYSICAL,NEW,399
2026,Mar,OK,ILP,PHYSICAL,NON_NEW,1849
2026,Mar,OK,ILP,PHYSICAL,,0
2026,Mar,OK,ILP,UNKNOWN,NEW,-1
2026,Mar,OK,ILP,UNKNOWN,NON_NEW,0
2026,Mar,OK,ILP,UNKNOWN,,0
2026,Mar,OK,PDL,PHYSICAL,NON_NEW,0
2026,Mar,RI,PDL,DIGITAL,NEW,63
2026,Mar,RI,PDL,DIGITAL,NON_NEW,1011
2026,Mar,RI,PDL,DIGITAL,,0
2026,Mar,RI,PDL,PHYSICAL,NEW,75
2026,Mar,RI,PDL,PHYSICAL,NON_NEW,5481
2026,Mar,RI,PDL,PHYSICAL,,0
2026,Mar,RI,PDL,UNKNOWN,NEW,0
2026,Mar,RI,PDL,UNKNOWN,NON_NEW,0
2026,Mar,RI,PDL,UNKNOWN,,0
2026,Mar,SC,PDL,DIGITAL,NEW,0
2026,Mar,SC,PDL,DIGITAL,NON_NEW,0
2026,Mar,SC,PDL,PHYSICAL,NEW,0
2026,Mar,SC,PDL,PHYSICAL,NON_NEW,0
2026,Mar,SC,PDL,PHYSICAL,,0
2026,Mar,SC,PDL,UNKNOWN,,0
2026,Mar,SC,PDL,,NON_NEW,0
2026,Mar,TN,ILP,DIGITAL,NON_NEW,0
2026,Mar,TN,ILP,PHYSICAL,NON_NEW,0
2026,Mar,TN,PDL,DIGITAL,NEW,3
2026,Mar,TN,PDL,DIGITAL,NON_NEW,54
2026,Mar,TN,PDL,DIGITAL,,0
2026,Mar,TN,PDL,PHYSICAL,NEW,0
2026,Mar,TN,PDL,PHYSICAL,NON_NEW,138
2026,Mar,TN,PDL,PHYSICAL,,0
2026,Mar,TN,PDL,UNKNOWN,,0
2026,Mar,TN,PDL,,NEW,0
2026,Mar,TN,PDL,,NON_NEW,0
2026,Mar,TN,PDL,,,0
2026,Mar,TX,ILP,DIGITAL,NEW,2064
2026,Mar,TX,ILP,DIGITAL,NON_NEW,3025
2026,Mar,TX,ILP,DIGITAL,,-4
2026,Mar,TX,ILP,PHYSICAL,NEW,2440
2026,Mar,TX,ILP,PHYSICAL,NON_NEW,5859
2026,Mar,TX,ILP,PHYSICAL,,-9
2026,Mar,TX,ILP,UNKNOWN,NEW,-16
2026,Mar,TX,ILP,UNKNOWN,NON_NEW,0
2026,Mar,TX,ILP,UNKNOWN,,-9
2026,Mar,TX,ILP,,NON_NEW,0
2026,Mar,TX,PDL,DIGITAL,NEW,10
2026,Mar,TX,PDL,DIGITAL,NON_NEW,425
2026,Mar,TX,PDL,DIGITAL,,0
2026,Mar,TX,PDL,PHYSICAL,NEW,4
2026,Mar,TX,PDL,PHYSICAL,NON_NEW,205
2026,Mar,TX,PDL,PHYSICAL,,0
2026,Mar,TX,PDL,UNKNOWN,NEW,0
2026,Mar,TX,PDL,UNKNOWN,NON_NEW,0
2026,Mar,TX,PDL,UNKNOWN,,0
2026,Mar,UT,ILP,DIGITAL,NEW,40
2026,Mar,UT,ILP,DIGITAL,NON_NEW,72
2026,Mar,UT,ILP,DIGITAL,,0
2026,Mar,UT,ILP,PHYSICAL,NEW,0
2026,Mar,UT,ILP,PHYSICAL,NON_NEW,10
2026,Mar,UT,ILP,PHYSICAL,,0
2026,Mar,UT,ILP,UNKNOWN,NEW,0
2026,Mar,UT,ILP,UNKNOWN,,0
2026,Mar,UT,PDL,DIGITAL,NON_NEW,0
2026,Mar,UT,PDL,PHYSICAL,NEW,0
2026,Mar,UT,PDL,PHYSICAL,NON_NEW,0
2026,Mar,WI,ILP,DIGITAL,NEW,176
2026,Mar,WI,ILP,DIGITAL,NON_NEW,390
2026,Mar,WI,ILP,DIGITAL,,0
2026,Mar,WI,ILP,PHYSICAL,NEW,263
2026,Mar,WI,ILP,PHYSICAL,NON_NEW,520
2026,Mar,WI,ILP,PHYSICAL,,-3
2026,Mar,WI,ILP,UNKNOWN,NEW,-1
2026,Mar,WI,ILP,UNKNOWN,NON_NEW,0
2026,Mar,WI,ILP,UNKNOWN,,-1
2026,Mar,WI,PDL,DIGITAL,NON_NEW,0
2026,Mar,WI,PDL,PHYSICAL,NEW,0
2026,Mar,WI,PDL,PHYSICAL,NON_NEW,0
2026,Mar,WY,ILP,PHYSICAL,NON_NEW,0
2026,Mar,WY,PDL,DIGITAL,NEW,34
2026,Mar,WY,PDL,DIGITAL,NON_NEW,731
2026,Mar,WY,PDL,DIGITAL,,0
2026,Mar,WY,PDL,PHYSICAL,NEW,81
2026,Mar,WY,PDL,PHYSICAL,NON_NEW,2478
2026,Mar,WY,PDL,PHYSICAL,,0
2026,Mar,WY,PDL,UNKNOWN,NEW,0
2026,Mar,WY,PDL,UNKNOWN,NON_NEW,0
2026,Mar,WY,PDL,UNKNOWN,,0
2026,May,AL,ILP,DIGITAL,NEW,346
2026,May,AL,ILP,DIGITAL,NON_NEW,887
2026,May,AL,ILP,DIGITAL,,0
2026,May,AL,ILP,PHYSICAL,NEW,1049
2026,May,AL,ILP,PHYSICAL,NON_NEW,4132
2026,May,AL,ILP,PHYSICAL,,0
2026,May,AL,ILP,UNKNOWN,NEW,1
2026,May,AL,ILP,UNKNOWN,NON_NEW,0
2026,May,AL,ILP,UNKNOWN,,-1
2026,May,AL,PDL,DIGITAL,NEW,0
2026,May,AL,PDL,DIGITAL,NON_NEW,0
2026,May,AL,PDL,DIGITAL,,0
2026,May,AL,PDL,PHYSICAL,NEW,0
2026,May,AL,PDL,PHYSICAL,NON_NEW,0
2026,May,AL,PDL,PHYSICAL,,0
2026,May,AL,PDL,UNKNOWN,,0
2026,May,AL,PDL,,NEW,0
2026,May,AL,PDL,,NON_NEW,0
2026,May,CA,ILP,DIGITAL,NON_NEW,0
2026,May,CA,ILP,PHYSICAL,NON_NEW,0
2026,May,CA,PDL,DIGITAL,NEW,1973
2026,May,CA,PDL,DIGITAL,NON_NEW,19824
2026,May,CA,PDL,DIGITAL,,0
2026,May,CA,PDL,PHYSICAL,NEW,1749
2026,May,CA,PDL,PHYSICAL,NON_NEW,56557
2026,May,CA,PDL,PHYSICAL,,0
2026,May,CA,PDL,UNKNOWN,NEW,-6
2026,May,CA,PDL,UNKNOWN,NON_NEW,0
2026,May,CA,PDL,UNKNOWN,,0
2026,May,CA,PDL,,NON_NEW,0
2026,May,CA,PDL,,,0
2026,May,CO,ILP,DIGITAL,NEW,0
2026,May,CO,ILP,DIGITAL,NON_NEW,0
2026,May,CO,ILP,DIGITAL,,0
2026,May,CO,ILP,PHYSICAL,NEW,0
2026,May,CO,ILP,PHYSICAL,NON_NEW,0
2026,May,CO,ILP,PHYSICAL,,0
2026,May,CO,ILP,UNKNOWN,,0
2026,May,CO,ILP,,NEW,0
2026,May,CO,PDL,DIGITAL,NON_NEW,0
2026,May,CO,PDL,PHYSICAL,NON_NEW,0
2026,May,DE,ILP,DIGITAL,NEW,93
2026,May,DE,ILP,DIGITAL,NON_NEW,103
2026,May,DE,ILP,DIGITAL,,0
2026,May,DE,ILP,PHYSICAL,NEW,79
2026,May,DE,ILP,PHYSICAL,NON_NEW,181
2026,May,DE,ILP,PHYSICAL,,0
2026,May,DE,ILP,UNKNOWN,NEW,-1
2026,May,DE,ILP,UNKNOWN,,-1
2026,May,FL,ILP,DIGITAL,NEW,1693
2026,May,FL,ILP,DIGITAL,NON_NEW,7122
2026,May,FL,ILP,DIGITAL,,0
2026,May,FL,ILP,PHYSICAL,NEW,2593
2026,May,FL,ILP,PHYSICAL,NON_NEW,23558
2026,May,FL,ILP,PHYSICAL,,0
2026,May,FL,ILP,UNKNOWN,NEW,-17
2026,May,FL,ILP,UNKNOWN,NON_NEW,-1
2026,May,FL,ILP,UNKNOWN,,0
2026,May,FL,ILP,,NEW,0
2026,May,FL,ILP,,NON_NEW,0
2026,May,FL,ILP,,,0
2026,May,FL,PDL,DIGITAL,NEW,95
2026,May,FL,PDL,DIGITAL,NON_NEW,2040
2026,May,FL,PDL,DIGITAL,,0
2026,May,FL,PDL,PHYSICAL,NEW,126
2026,May,FL,PDL,PHYSICAL,NON_NEW,13673
2026,May,FL,PDL,PHYSICAL,,0
2026,May,FL,PDL,UNKNOWN,NEW,-3
2026,May,FL,PDL,UNKNOWN,NON_NEW,0
2026,May,FL,PDL,UNKNOWN,,0
2026,May,FL,PDL,,NEW,0
2026,May,FL,PDL,,NON_NEW,0
2026,May,FL,PDL,,,0
2026,May,IA,ILP,PHYSICAL,NON_NEW,0
2026,May,IA,PDL,DIGITAL,NEW,137
2026,May,IA,PDL,DIGITAL,NON_NEW,2200
2026,May,IA,PDL,DIGITAL,,0
2026,May,IA,PDL,PHYSICAL,NEW,270
2026,May,IA,PDL,PHYSICAL,NON_NEW,8197
2026,May,IA,PDL,PHYSICAL,,0
2026,May,IA,PDL,UNKNOWN,NEW,0
2026,May,IA,PDL,UNKNOWN,,0
2026,May,ID,ILP,DIGITAL,NEW,118
2026,May,ID,ILP,DIGITAL,NON_NEW,69
2026,May,ID,ILP,DIGITAL,,0
2026,May,ID,ILP,PHYSICAL,NEW,12
2026,May,ID,ILP,PHYSICAL,NON_NEW,47
2026,May,ID,ILP,PHYSICAL,,0
2026,May,ID,ILP,UNKNOWN,NEW,-1
2026,May,ID,ILP,UNKNOWN,,0
2026,May,IN,PDL,DIGITAL,NEW,296
2026,May,IN,PDL,DIGITAL,NON_NEW,3111
2026,May,IN,PDL,DIGITAL,,0
2026,May,IN,PDL,PHYSICAL,NEW,449
2026,May,IN,PDL,PHYSICAL,NON_NEW,12686
2026,May,IN,PDL,PHYSICAL,,0
2026,May,IN,PDL,UNKNOWN,NEW,0
2026,May,IN,PDL,UNKNOWN,,0
2026,May,KS,ILP,DIGITAL,NON_NEW,0
2026,May,KS,ILP,PHYSICAL,NON_NEW,0
2026,May,KS,PDL,DIGITAL,NEW,0
2026,May,KS,PDL,DIGITAL,NON_NEW,0
2026,May,KS,PDL,DIGITAL,,0
2026,May,KS,PDL,PHYSICAL,NEW,0
2026,May,KS,PDL,PHYSICAL,NON_NEW,0
2026,May,KS,PDL,PHYSICAL,,0
2026,May,KS,PDL,UNKNOWN,,0
2026,May,KY,ILP,PHYSICAL,NON_NEW,0
2026,May,KY,PDL,DIGITAL,NEW,115
2026,May,KY,PDL,DIGITAL,NON_NEW,891
2026,May,KY,PDL,DIGITAL,,0
2026,May,KY,PDL,PHYSICAL,NEW,210
2026,May,KY,PDL,PHYSICAL,NON_NEW,6299
2026,May,KY,PDL,PHYSICAL,,0
2026,May,KY,PDL,UNKNOWN,NEW,0
2026,May,KY,PDL,UNKNOWN,,0
2026,May,LA,ILP,PHYSICAL,NON_NEW,0
2026,May,LA,PDL,DIGITAL,NEW,212
2026,May,LA,PDL,DIGITAL,NON_NEW,2054
2026,May,LA,PDL,DIGITAL,,0
2026,May,LA,PDL,PHYSICAL,NEW,634
2026,May,LA,PDL,PHYSICAL,NON_NEW,11135
2026,May,LA,PDL,PHYSICAL,,0
2026,May,LA,PDL,UNKNOWN,NEW,1
2026,May,LA,PDL,UNKNOWN,NON_NEW,0
2026,May,LA,PDL,UNKNOWN,,0
2026,May,MI,ILP,DIGITAL,NON_NEW,0
2026,May,MI,ILP,PHYSICAL,NON_NEW,0
2026,May,MI,PDL,DIGITAL,NEW,647
2026,May,MI,PDL,DIGITAL,NON_NEW,13132
2026,May,MI,PDL,DIGITAL,,0
2026,May,MI,PDL,PHYSICAL,NEW,1225
2026,May,MI,PDL,PHYSICAL,NON_NEW,43708
2026,May,MI,PDL,PHYSICAL,,0
2026,May,MI,PDL,UNKNOWN,NEW,-4
2026,May,MI,PDL,UNKNOWN,NON_NEW,0
2026,May,MI,PDL,UNKNOWN,,0
2026,May,MO,ILP,DIGITAL,NEW,568
2026,May,MO,ILP,DIGITAL,NON_NEW,544
2026,May,MO,ILP,DIGITAL,,0
2026,May,MO,ILP,PHYSICAL,NEW,488
2026,May,MO,ILP,PHYSICAL,NON_NEW,1049
2026,May,MO,ILP,PHYSICAL,,0
2026,May,MO,ILP,UNKNOWN,NEW,-8
2026,May,MO,ILP,UNKNOWN,,0
2026,May,MO,PDL,DIGITAL,NEW,0
2026,May,MO,PDL,DIGITAL,NON_NEW,0
2026,May,MO,PDL,DIGITAL,,0
2026,May,MO,PDL,PHYSICAL,NEW,0
2026,May,MO,PDL,PHYSICAL,NON_NEW,0
2026,May,MO,PDL,PHYSICAL,,0
2026,May,MO,PDL,UNKNOWN,,0
2026,May,MS,ILP,DIGITAL,NEW,463
2026,May,MS,ILP,DIGITAL,NON_NEW,773
2026,May,MS,ILP,DIGITAL,,0
2026,May,MS,ILP,PHYSICAL,NEW,916
2026,May,MS,ILP,PHYSICAL,NON_NEW,2467
2026,May,MS,ILP,PHYSICAL,,0
2026,May,MS,ILP,UNKNOWN,NEW,-4
2026,May,MS,ILP,UNKNOWN,NON_NEW,0
2026,May,MS,ILP,UNKNOWN,,0
2026,May,MS,ILP,,NEW,0
2026,May,MS,PDL,DIGITAL,NEW,0
2026,May,MS,PDL,DIGITAL,NON_NEW,10
2026,May,MS,PDL,DIGITAL,,0
2026,May,MS,PDL,PHYSICAL,NEW,2
2026,May,MS,PDL,PHYSICAL,NON_NEW,63
2026,May,MS,PDL,PHYSICAL,,0
2026,May,MS,PDL,UNKNOWN,,0
2026,May,NC,PDL,PHYSICAL,,0
2026,May,NV,ILP,DIGITAL,NEW,181
2026,May,NV,ILP,DIGITAL,NON_NEW,210
2026,May,NV,ILP,DIGITAL,,0
2026,May,NV,ILP,PHYSICAL,NEW,340
2026,May,NV,ILP,PHYSICAL,NON_NEW,539
2026,May,NV,ILP,PHYSICAL,,0
2026,May,NV,ILP,UNKNOWN,NEW,1
2026,May,NV,ILP,UNKNOWN,NON_NEW,0
2026,May,NV,ILP,UNKNOWN,,-2
2026,May,NV,ILP,,NEW,0
2026,May,NV,PDL,DIGITAL,NEW,0
2026,May,NV,PDL,DIGITAL,NON_NEW,0
2026,May,NV,PDL,PHYSICAL,NEW,0
2026,May,NV,PDL,PHYSICAL,NON_NEW,0
2026,May,NV,PDL,PHYSICAL,,0
2026,May,NV,PDL,UNKNOWN,,0
2026,May,OH,ILP,DIGITAL,NEW,611
2026,May,OH,ILP,DIGITAL,NON_NEW,1882
2026,May,OH,ILP,DIGITAL,,0
2026,May,OH,ILP,PHYSICAL,NEW,655
2026,May,OH,ILP,PHYSICAL,NON_NEW,5047
2026,May,OH,ILP,PHYSICAL,,0
2026,May,OH,ILP,UNKNOWN,NEW,-3
2026,May,OH,ILP,UNKNOWN,NON_NEW,0
2026,May,OH,ILP,UNKNOWN,,0
2026,May,OH,ILP,,NEW,0
2026,May,OH,ILP,,,0
2026,May,OH,PDL,DIGITAL,NON_NEW,0
2026,May,OH,PDL,PHYSICAL,NON_NEW,0
2026,May,OK,ILP,DIGITAL,NEW,362
2026,May,OK,ILP,DIGITAL,NON_NEW,834
2026,May,OK,ILP,DIGITAL,,0
2026,May,OK,ILP,PHYSICAL,NEW,482
2026,May,OK,ILP,PHYSICAL,NON_NEW,1841
2026,May,OK,ILP,PHYSICAL,,0
2026,May,OK,ILP,UNKNOWN,NEW,0
2026,May,OK,ILP,UNKNOWN,,-1
2026,May,OK,PDL,PHYSICAL,NON_NEW,0
2026,May,RI,PDL,DIGITAL,NEW,96
2026,May,RI,PDL,DIGITAL,NON_NEW,1166
2026,May,RI,PDL,DIGITAL,,0
2026,May,RI,PDL,PHYSICAL,NEW,92
2026,May,RI,PDL,PHYSICAL,NON_NEW,6114
2026,May,RI,PDL,PHYSICAL,,0
2026,May,RI,PDL,UNKNOWN,NEW,-1
2026,May,RI,PDL,UNKNOWN,,0
2026,May,SC,PDL,DIGITAL,NEW,0
2026,May,SC,PDL,DIGITAL,NON_NEW,0
2026,May,SC,PDL,PHYSICAL,NEW,0
2026,May,SC,PDL,PHYSICAL,NON_NEW,0
2026,May,SC,PDL,PHYSICAL,,0
2026,May,SC,PDL,UNKNOWN,,0
2026,May,SC,PDL,,NON_NEW,0
2026,May,TN,ILP,DIGITAL,NON_NEW,0
2026,May,TN,ILP,PHYSICAL,NON_NEW,0
2026,May,TN,PDL,DIGITAL,NEW,4
2026,May,TN,PDL,DIGITAL,NON_NEW,52
2026,May,TN,PDL,DIGITAL,,0
2026,May,TN,PDL,PHYSICAL,NEW,2
2026,May,TN,PDL,PHYSICAL,NON_NEW,147
2026,May,TN,PDL,PHYSICAL,,0
2026,May,TN,PDL,UNKNOWN,,0
2026,May,TN,PDL,,NEW,0
2026,May,TN,PDL,,NON_NEW,0
2026,May,TN,PDL,,,0
2026,May,TX,ILP,DIGITAL,NEW,3007
2026,May,TX,ILP,DIGITAL,NON_NEW,3501
2026,May,TX,ILP,DIGITAL,,0
2026,May,TX,ILP,PHYSICAL,NEW,3181
2026,May,TX,ILP,PHYSICAL,NON_NEW,6515
2026,May,TX,ILP,PHYSICAL,,0
2026,May,TX,ILP,UNKNOWN,NEW,-39
2026,May,TX,ILP,UNKNOWN,NON_NEW,0
2026,May,TX,ILP,UNKNOWN,,0
2026,May,TX,PDL,DIGITAL,NEW,72
2026,May,TX,PDL,DIGITAL,NON_NEW,420
2026,May,TX,PDL,DIGITAL,,0
2026,May,TX,PDL,PHYSICAL,NEW,3
2026,May,TX,PDL,PHYSICAL,NON_NEW,170
2026,May,TX,PDL,PHYSICAL,,0
2026,May,TX,PDL,UNKNOWN,NEW,0
2026,May,TX,PDL,UNKNOWN,,0
2026,May,UT,ILP,DIGITAL,NEW,80
2026,May,UT,ILP,DIGITAL,NON_NEW,53
2026,May,UT,ILP,DIGITAL,,0
2026,May,UT,ILP,PHYSICAL,NEW,0
2026,May,UT,ILP,PHYSICAL,NON_NEW,7
2026,May,UT,ILP,PHYSICAL,,0
2026,May,UT,ILP,UNKNOWN,NEW,0
2026,May,UT,ILP,UNKNOWN,,0
2026,May,UT,PDL,DIGITAL,NON_NEW,0
2026,May,UT,PDL,PHYSICAL,NEW,0
2026,May,UT,PDL,PHYSICAL,NON_NEW,0
2026,May,WI,ILP,DIGITAL,NEW,299
2026,May,WI,ILP,DIGITAL,NON_NEW,379
2026,May,WI,ILP,DIGITAL,,0
2026,May,WI,ILP,PHYSICAL,NEW,288
2026,May,WI,ILP,PHYSICAL,NON_NEW,616
2026,May,WI,ILP,PHYSICAL,,0
2026,May,WI,ILP,UNKNOWN,NEW,-2
2026,May,WI,ILP,UNKNOWN,,0
2026,May,WI,PDL,DIGITAL,NON_NEW,0
2026,May,WI,PDL,PHYSICAL,NEW,0
2026,May,WI,PDL,PHYSICAL,NON_NEW,0
2026,May,WY,ILP,PHYSICAL,NON_NEW,0
2026,May,WY,PDL,DIGITAL,NEW,46
2026,May,WY,PDL,DIGITAL,NON_NEW,831
2026,May,WY,PDL,DIGITAL,,0
2026,May,WY,PDL,PHYSICAL,NEW,62
2026,May,WY,PDL,PHYSICAL,NON_NEW,2619
2026,May,WY,PDL,PHYSICAL,,0
2026,May,WY,PDL,UNKNOWN,,0